doi,journal,year,oa_status,failure,urls_tried,landing_pages
10.1016/1359-6454(95)00222-7,Acta_Materialia,1996,green,no_url,,http://hdl.handle.net/10651/30510
10.1016/1359-6454(95)00278-2,Acta_Materialia,1996,green,no_url,,http://hdl.handle.net/1721.1/38358
10.1016/1359-6454(95)00302-9,Acta_Materialia,1996,green,no_url,,https://hal.science/hal-00111516
10.1016/1359-6454(95)00331-2,Acta_Materialia,1996,hybrid,no_url,,https://doi.org/10.1016/1359-6454(95)00331-2
10.1016/j.actamat.2004.04.004,Acta_Materialia,2004,green,no_url,,http://infoscience.epfl.ch/record/202798
10.1016/j.actamat.2004.04.017,Acta_Materialia,2004,green,no_url,,http://id.nii.ac.jp/1696/00026598/ | https://repository.exst.jaxa.jp/dspace/handle/a-is/6904
10.1016/j.actamat.2003.10.029,Acta_Materialia,2003,green,no_url,,http://hdl.handle.net/10261/345400
10.1016/j.actamat.2003.10.050,Acta_Materialia,2003,green,no_url,,http://infoscience.epfl.ch/record/202836
10.1016/j.actamat.2003.11.019,Acta_Materialia,2003,bronze,http_error,https://www.sciencedirect.com/science/article/pii/S135964540300716X [http_error 403] | https://infoscience.epfl.ch/handle/20.500.14299/235146 [http_error 429],http://infoscience.epfl.ch/record/90690 | https://doi.org/10.1016/j.actamat.2003.11.019 | https://infoscience.epfl.ch/handle/20.500.14299/235146
10.1016/j.actamat.2004.07.038,Acta_Materialia,2004,bronze,http_error,https://www.sciencedirect.com/science/article/pii/S1359645404004471 [http_error 403],http://infoscience.epfl.ch/record/130777 | https://doi.org/10.1016/j.actamat.2004.07.038 | https://infoscience.epfl.ch/handle/20.500.14299/33210
10.1016/j.actamat.2004.09.033,Acta_Materialia,2004,green,no_url,,https://hdl.handle.net/11511/31341
10.1016/j.actamat.2004.10.029,Acta_Materialia,2004,green,no_url,,https://jaxa.repo.nii.ac.jp/records/26605 | https://repository.exst.jaxa.jp/dspace/handle/a-is/3202
10.1016/j.actamat.2004.10.051,Acta_Materialia,2004,hybrid,http_error,https://www.sciencedirect.com/science/article/pii/S135964540400655X/pdf [http_error 403],https://doi.org/10.1016/j.actamat.2004.10.051
10.1016/j.actamat.2005.05.018,Acta_Materialia,2005,green,http_error,https://oatao.univ-toulouse.fr/490/1/dryepondt_490.pdf [http_error],https://oatao.univ-toulouse.fr/490/1/dryepondt_490.pdf
10.1016/j.actamat.2005.08.027,Acta_Materialia,2005,green,no_url,,https://stars.library.ucf.edu/facultybib2000/5376 | https://stars.library.ucf.edu/scopus2000/3505
10.1016/j.actamat.2005.12.014,Acta_Materialia,2006,hybrid,http_error,https://www.sciencedirect.com/science/article/pii/S1359645406000292/pdf [http_error 403],http://hdl.handle.net/11858/00-001M-0000-0019-5A14-4 | https://doi.org/10.1016/j.actamat.2005.12.014
10.1016/j.actamat.2004.08.032,Acta_Materialia,2004,bronze,http_error,https://www.sciencedirect.com/science/article/pii/S1359645404005130 [http_error 403],https://doi.org/10.1016/j.actamat.2004.08.032 | https://research.rug.nl/en/publications/139ea538-abde-4cd3-ad5e-4d074bbc6da9
10.1016/j.actamat.2004.12.037,Acta_Materialia,2005,green,no_url,,http://infoscience.epfl.ch/record/114073 | http://infoscience.epfl.ch/record/155275
10.1016/j.actamat.2006.04.006,Acta_Materialia,2006,green,no_url,,https://figshare.com/articles/journal_contribution/Microscopic_deformation_mechanism_of_a_Ti66_1Nb13_9Ni4_8Cu8Sn7_2_nanostructure-dendrite_composite/20790391
10.1016/j.actamat.2006.04.010,Acta_Materialia,2006,green,no_url,,https://repository.exst.jaxa.jp/dspace/handle/a-is/9377
10.1016/j.actamat.2006.05.019,Acta_Materialia,2006,green,no_url,,https://hal.science/hal-00163456
10.1016/j.actamat.2006.06.036,Acta_Materialia,2006,green,robots_disallowed,https://catalog.lib.kyushu-u.ac.jp/opac_download_md/1807821/Experimental%20and%20numerical%20investigations%20of%20the%20effects.pdf [robots_disallowed],http://hdl.handle.net/2324/1807821 | https://hdl.handle.net/2324/1807821
10.1016/j.actamat.2006.03.003,Acta_Materialia,2006,green,no_url,,https://figshare.com/articles/journal_contribution/Effect_of_Cu_on_local_amorphization_in_bulk_Ni-Ti-Zr-Si_alloys_during_solidification/20790385
10.1016/j.actamat.2006.03.054,Acta_Materialia,2006,green,no_url,,http://infoscience.epfl.ch/record/130785
10.1016/j.actamat.2007.01.034,Acta_Materialia,2007,green,no_url,,https://stars.library.ucf.edu/facultybib2000/7176 | https://stars.library.ucf.edu/scopus2000/6572
10.1016/j.actamat.2007.01.038,Acta_Materialia,2007,bronze,http_error,https://www.sciencedirect.com/science/article/pii/S1359645407001073 [http_error 403],https://doi.org/10.1016/j.actamat.2007.01.038 | https://research.rug.nl/en/publications/07873d83-963e-431e-aca5-e169c2ec3a9a
10.1016/j.actamat.2007.01.043,Acta_Materialia,2007,green,no_url,,https://stars.library.ucf.edu/facultybib2000/7711
10.1016/j.actamat.2008.06.029,Acta_Materialia,2008,green,no_url,,http://infoscience.epfl.ch/record/143706 | https://infoscience.epfl.ch/handle/20.500.14299/45905
10.1016/j.actamat.2008.04.037,Acta_Materialia,2008,bronze,http_error,https://www.sciencedirect.com/science/article/pii/S1359645408002966 [http_error 403],http://infoscience.epfl.ch/record/160610 | https://doi.org/10.1016/j.actamat.2008.04.037
10.1016/j.actamat.2008.05.006,Acta_Materialia,2008,green,no_url,,http://infoscience.epfl.ch/record/134245
10.1016/j.actamat.2008.07.031,Acta_Materialia,2008,green,no_url,,https://stars.library.ucf.edu/facultybib2000/371 | https://stars.library.ucf.edu/scopus2000/9315
10.1016/j.actamat.2008.07.035,Acta_Materialia,2008,green,no_url,,https://dspace.lboro.ac.uk/2134/13360 | https://figshare.com/articles/A_comparative_study_of_the_interfacial_reaction_between_electroless_Ni-P_coatings_and_molten_tin/9569507
10.1016/j.actamat.2008.09.008,Acta_Materialia,2008,green,no_url,,http://infoscience.epfl.ch/record/130809 | https://infoscience.epfl.ch/handle/20.500.14299/33249
10.1016/j.actamat.2007.09.001,Acta_Materialia,2007,green,no_url,,http://hdl.handle.net/11858/00-001M-0000-0019-4C5C-2
10.1016/j.actamat.2007.09.010,Acta_Materialia,2007,green,no_url,,http://handle.unsw.edu.au/1959.4/39426 | http://hdl.handle.net/1959.4/39426
10.1016/j.actamat.2007.12.029,Acta_Materialia,2008,bronze,http_error,https://linkinghub.elsevier.com/science/article/pii/S1359645407008580 [http_error 403],https://doi.org/10.1016/j.actamat.2007.12.029 | https://research.rug.nl/en/publications/da0606a3-b8d7-4f87-b8e4-10632ec0f9e7
10.1016/j.actamat.2008.01.037,Acta_Materialia,2008,green,no_url,,http://hdl.handle.net/10261/35038
10.1016/j.actamat.2008.10.055,Acta_Materialia,2008,bronze,http_error,https://www.sciencedirect.com/science/article/pii/S1359645408007702 [http_error 403],https://bib-pubdb1.desy.de/search?p=id:%22PHPPUBDB-9901%22 | https://doi.org/10.1016/j.actamat.2008.10.055
10.1016/j.actamat.2008.12.014,Acta_Materialia,2009,green,no_url,,http://hdl.handle.net/10651/8165
10.1016/j.actamat.2007.10.025,Acta_Materialia,2007,bronze,http_error,https://www.sciencedirect.com/science/article/pii/S1359645407007070 [http_error 403],https://doi.org/10.1016/j.actamat.2007.10.025 | https://research.rug.nl/en/publications/907c7e6c-b3a9-4dd5-99aa-c87fb8c73303
10.1016/j.actamat.2007.10.031,Acta_Materialia,2007,green,http_error,https://escholarship.org/content/qt79q5h11z/qt79q5h11z.pdf [http_error 403],http://www.escholarship.org/uc/item/79q5h11z
10.1016/j.actamat.2008.09.023,Acta_Materialia,2008,green,no_url,,https://stars.library.ucf.edu/facultybib2000/2153
10.1016/j.actamat.2008.10.019,Acta_Materialia,2008,green,no_url,,http://infoscience.epfl.ch/record/131117 | https://infoscience.epfl.ch/handle/20.500.14299/33649
10.1016/j.actamat.2009.04.030,Acta_Materialia,2009,green,no_url,,http://hdl.handle.net/1721.1/69652
10.1016/j.actamat.2009.07.005,Acta_Materialia,2009,green,not_pdf,https://repository.kulib.kyoto-u.ac.jp/bitstreams/995ec672-58ee-43a1-b6b7-5181b873f43c/download [not_pdf],https://repository.kulib.kyoto-u.ac.jp/bitstreams/995ec672-58ee-43a1-b6b7-5181b873f43c/download
10.1016/j.actamat.2009.08.070,Acta_Materialia,2009,bronze,http_error,https://www.sciencedirect.com/science/article/pii/S1359645409005928 [http_error 403],https://doi.org/10.1016/j.actamat.2009.08.070 | https://hdl.handle.net/11370/6637638a-defd-4bcf-b464-ee828d691edf | https://research.rug.nl/en/publications/6637638a-defd-4bcf-b464-ee828d691edf
10.1016/j.actamat.2009.10.017,Acta_Materialia,2009,bronze,http_error,https://linkinghub.elsevier.com/science/article/pii/S135964540900696X [http_error 403],http://infoscience.epfl.ch/record/172861 | https://doi.org/10.1016/j.actamat.2009.10.017
10.1016/j.actamat.2010.07.001,Acta_Materialia,2010,bronze,http_error,https://www.sciencedirect.com/science/article/pii/S1359645410004258 [http_error 403],http://hdl.handle.net/10115/4692 | https://doi.org/10.1016/j.actamat.2010.07.001 | https://hispana.mcu.es/es/registros/registro.do?tipoRegistro=MTD&idBib=61626839
10.1016/j.actamat.2010.08.018,Acta_Materialia,2010,green,no_url,,http://urn.kb.se/resolve?urn=urn:nbn:se:liu:diva-63405
10.1016/j.actamat.2010.09.037,Acta_Materialia,2010,green,no_url,,http://infoscience.epfl.ch/record/151924
10.1016/j.actamat.2010.12.039,Acta_Materialia,2011,green,no_url,,http://publica.fraunhofer.de/documents/N-163391.html | https://doi.org/10.24406/publica-r-224835
10.1016/j.actamat.2011.02.009,Acta_Materialia,2011,green,no_url,,http://mediatum.ub.tum.de/node?id=1156300
10.1016/j.actamat.2011.02.021,Acta_Materialia,2011,green,no_url,,https://hal.science/hal-00603250
10.1016/j.actamat.2011.03.008,Acta_Materialia,2011,green,no_url,,http://nrs.harvard.edu/urn-3:HUL.InstRepos:34881480
10.1016/j.actamat.2011.06.006,Acta_Materialia,2011,green,no_url,,https://hal.science/hal-00926966
10.1016/j.actamat.2011.06.014,Acta_Materialia,2011,bronze,http_error,https://www.sciencedirect.com/science/article/pii/S1359645411004198 [http_error 403],http://resolver.tudelft.nl/uuid:b1f4e455-6808-425b-a836-4b9731bc4120 | https://doi.org/10.1016/j.actamat.2011.06.014
10.1016/j.actamat.2011.06.030,Acta_Materialia,2011,bronze,http_error,https://www.sciencedirect.com/science/article/pii/S1359645411004447 [http_error 403],http://infoscience.epfl.ch/record/170881 | https://doi.org/10.1016/j.actamat.2011.06.030 | https://infoscience.epfl.ch/handle/20.500.14299/73490
10.1016/j.actamat.2011.06.031,Acta_Materialia,2011,bronze,http_error,https://www.sciencedirect.com/science/article/pii/S1359645411004459 [http_error 403],http://infoscience.epfl.ch/record/170882 | https://doi.org/10.1016/j.actamat.2011.06.031
10.1016/j.actamat.2011.04.025,Acta_Materialia,2011,bronze,http_error,https://www.sciencedirect.com/science/article/pii/S1359645411002679 [http_error 403],https://doi.org/10.1016/j.actamat.2011.04.025 | https://dspace.lboro.ac.uk/2134/15341 | https://figshare.com/articles/journal_contribution/Assessment_of_surface_hardening_effects_from_shot_peening_on_a_Ni-based_alloy_using_electron_backscatter_diffraction_techniques/9234038
10.1016/j.actamat.2011.04.034,Acta_Materialia,2011,bronze,http_error,https://www.sciencedirect.com/science/article/pii/S135964541100276X [http_error 403],http://infoscience.epfl.ch/record/166965 | https://doi.org/10.1016/j.actamat.2011.04.034
10.1016/j.actamat.2011.08.023,Acta_Materialia,2011,hybrid,http_error,https://www.sciencedirect.com/science/article/pii/S1359645411005982/pdf [http_error 403],https://doi.org/10.1016/j.actamat.2011.08.023 | https://www.ncbi.nlm.nih.gov/pmc/articles/3195673
10.1016/j.actamat.2010.01.013,Acta_Materialia,2010,green,no_url,,http://oa.upm.es/8754/ | https://oa.upm.es/8754/
10.1016/j.actamat.2010.01.033,Acta_Materialia,2010,green,no_url,,http://hdl.handle.net/10016/19678
10.1016/j.actamat.2010.01.034,Acta_Materialia,2010,green,no_url,,https://hal.science/hal-00851345
10.1016/j.actamat.2010.03.018,Acta_Materialia,2010,green,no_url,,https://www.ncbi.nlm.nih.gov/pmc/articles/2905830
10.1016/j.actamat.2010.03.037,Acta_Materialia,2010,green,no_url,,http://infoscience.epfl.ch/record/148780
10.1016/j.actamat.2010.10.015,Acta_Materialia,2010,bronze,http_error,https://www.sciencedirect.com/science/article/pii/S1359645410006774 [http_error 403] | https://infoscience.epfl.ch/handle/20.500.14299/74497 [http_error 429],http://infoscience.epfl.ch/record/171788 | https://doi.org/10.1016/j.actamat.2010.10.015
10.1016/j.actamat.2010.07.022,Acta_Materialia,2010,bronze,http_error,https://linkinghub.elsevier.com/science/article/pii/S1359645410004568 [http_error 403],https://doi.org/10.1016/j.actamat.2010.07.022
10.1016/j.actamat.2010.04.025,Acta_Materialia,2010,green,no_url,,http://infoscience.epfl.ch/record/164444 | https://infoscience.epfl.ch/handle/20.500.14299/65620
10.1016/j.actamat.2010.05.007,Acta_Materialia,2010,green,no_url,,https://figshare.com/articles/journal_contribution/Microstructure_evolution_and_nanograin_formation_during_shear_localization_in_cold-rolled_titanium/21025495
10.1016/j.actamat.2009.11.008,Acta_Materialia,2009,bronze,http_error,https://www.sciencedirect.com/science/article/pii/S1359645409007836 [http_error 403],https://doi.org/10.1016/j.actamat.2009.11.008 | https://research.manchester.ac.uk/en/publications/abdb000f-b72c-4235-9946-19ea3afcc3ce
10.1016/j.actamat.2009.11.022,Acta_Materialia,2010,green,no_url,,https://researchportal.unamur.be/en/publications/ee7ea747-a554-44d1-b61e-94e939831183
10.1016/j.actamat.2009.11.044,Acta_Materialia,2009,green,robots_disallowed,https://catalog.lib.kyushu-u.ac.jp/opac_download_md/1812238/Influence%20of%20high-temperature%20solution%20treatments%20on%20mechanical%20properties%20of%20an%20Al-Si-Cu%20aluminum%20alloy.pdf [robots_disallowed],http://hdl.handle.net/2324/1812238 | https://hdl.handle.net/2324/1812238
10.1016/j.actamat.2011.09.054,Acta_Materialia,2011,green,no_url,,http://hdl.handle.net/1721.1/102372
10.1016/j.actamat.2011.10.038,Acta_Materialia,2011,bronze,title_mismatch,https://www.sciencedirect.com/science/article/pii/S1359645411007439 [http_error 403] | https://pure.manchester.ac.uk/ws/files/22644080/POST-PEER-REVIEW-PUBLISHERS.PDF [title_mismatch],https://doi.org/10.1016/j.actamat.2011.10.038 | https://research.manchester.ac.uk/en/publications/d21e50d7-b738-4504-9174-76c0f1f4eab2
10.1016/j.actamat.2010.11.015,Acta_Materialia,2010,green,no_url,,https://hal.science/hal-01813665
10.1016/j.actamat.2012.01.024,Acta_Materialia,2012,hybrid,http_error,https://www.sciencedirect.com/science/article/pii/S1359645412000626/pdf [http_error 403] | https://europepmc.org/articles/PMC3587344/pdf/render [http_error 403],http://europepmc.org/articles/PMC3587344 | http://hdl.handle.net/10831/91284 | https://doi.org/10.1016/j.actamat.2012.01.024 | https://www.ncbi.nlm.nih.gov/pmc/articles/3587344
10.1016/j.actamat.2012.02.003,Acta_Materialia,2012,green,no_url,,https://hdl.handle.net/11370/76db8ebc-db5f-4bf4-a35d-7f9106e8eca3
10.1016/j.actamat.2012.02.042,Acta_Materialia,2012,green,no_url,,http://infoscience.epfl.ch/record/181019
10.1016/j.actamat.2012.02.043,Acta_Materialia,2012,green,no_url,,http://infoscience.epfl.ch/record/181018
10.1016/j.actamat.2012.02.048,Acta_Materialia,2012,bronze,robots_disallowed,https://www.sciencedirect.com/science/article/pii/S1359645412001565 [http_error 403] | https://catalog.lib.kyushu-u.ac.jp/opac_download_md/26384/Kaveh-W-Acta.Mater.2012(60)3885.pdf [robots_disallowed],http://hdl.handle.net/2324/26384 | https://doi.org/10.1016/j.actamat.2012.02.048 | https://hdl.handle.net/2324/26384
10.1016/j.actamat.2012.03.017,Acta_Materialia,2012,bronze,http_error,https://www.sciencedirect.com/science/article/pii/S1359645412001978 [http_error 403],https://doi.org/10.1016/j.actamat.2012.03.017 | https://research.tue.nl/en/publications/756c5e02-a69e-4471-b921-83cc90631f78 | https://research.tue.nl/nl/publications/756c5e02-a69e-4471-b921-83cc90631f78
10.1016/j.actamat.2012.03.022,Acta_Materialia,2012,bronze,http_error,https://www.sciencedirect.com/science/article/pii/S1359645412002029 [http_error 403],https://doi.org/10.1016/j.actamat.2012.03.022 | https://research.manchester.ac.uk/en/publications/7553b34a-15d3-49a8-8037-8dc48e4620ff
10.1016/j.actamat.2012.03.027,Acta_Materialia,2012,green,no_url,,http://oa.upm.es/15736/ | https://oa.upm.es/15736/
10.1016/j.actamat.2012.03.030,Acta_Materialia,2012,bronze,http_error,https://www.sciencedirect.com/science/article/pii/S1359645412002200 [http_error 403],http://infoscience.epfl.ch/record/178778 | https://doi.org/10.1016/j.actamat.2012.03.030
10.1016/j.actamat.2012.03.040,Acta_Materialia,2012,green,no_url,,http://hdl.handle.net/2078.1/112074
10.1016/j.actamat.2012.06.054,Acta_Materialia,2012,green,no_url,,http://nrs.harvard.edu/urn-3:HUL.InstRepos:9887628
10.1016/j.actamat.2012.09.033,Acta_Materialia,2012,green,no_url,,http://infoscience.epfl.ch/record/185553
10.1016/j.actamat.2012.07.058,Acta_Materialia,2012,green,no_url,,https://figshare.com/articles/journal_contribution/Interface_fracture_toughness_in_thermal_barrier_coatings_by_cross-sectional_indentation/23397770
10.1016/j.actamat.2013.06.029,Acta_Materialia,2013,green,no_url,,http://infoscience.epfl.ch/record/189271
10.1016/j.actamat.2013.06.045,Acta_Materialia,2013,green,no_url,,http://urn.kb.se/resolve?urn=urn:nbn:se:liu:diva-99400
10.1016/j.actamat.2013.07.017,Acta_Materialia,2013,green,robots_disallowed,https://catalog.lib.kyushu-u.ac.jp/opac_download_md/7173481/7173481.pdf [robots_disallowed],http://hdl.handle.net/2324/7173481 | https://hdl.handle.net/2324/7173481
10.1016/j.actamat.2013.11.005,Acta_Materialia,2013,green,no_url,,https://kitami-it.repo.nii.ac.jp/records/8038
10.1016/j.actamat.2013.11.030,Acta_Materialia,2013,green,http_error,https://e-space.mmu.ac.uk/600604/1/Acta%20Mat%20Reviewed%20Manuscript.pdf [http_error 202],https://e-space.mmu.ac.uk/600604/1/Acta%20Mat%20Reviewed%20Manuscript.pdf
10.1016/j.actamat.2013.11.048,Acta_Materialia,2013,green,not_pdf,http://hdl.handle.net/2263/37097 [not_pdf],http://hdl.handle.net/2263/37097
10.1016/j.actamat.2013.07.056,Acta_Materialia,2013,bronze,http_error,https://www.sciencedirect.com/science/article/pii/S1359645413005764 [http_error 403],http://infoscience.epfl.ch/record/195573 | https://doi.org/10.1016/j.actamat.2013.07.056
10.1016/j.actamat.2013.08.023,Acta_Materialia,2013,hybrid,not_pdf,https://www.sciencedirect.com/science/article/pii/S1359645413006198/pdf [http_error 403] | https://www.dora.lib4ri.ch/empa/item/empa%3A5932/datastream/PDF/view [not_pdf],https://doi.org/10.1016/j.actamat.2013.08.023 | https://www.dora.lib4ri.ch/empa/item/empa%3A5932/datastream/PDF/view
10.1016/j.actamat.2013.11.075,Acta_Materialia,2014,bronze,http_error,https://www.sciencedirect.com/science/article/pii/S1359645413009336 [http_error 403] | http://hdl.handle.net/10985/9001 [http_error 500],http://hdl.handle.net/10985/9001 | https://doi.org/10.1016/j.actamat.2013.11.075
10.1016/j.actamat.2013.12.003,Acta_Materialia,2014,hybrid,http_error,https://www.sciencedirect.com/science/article/pii/S1359645413009385/pdf [http_error 403],http://doi.org/10.15480/882.1678 | http://tubdok.tub.tuhh.de/handle/11420/1681 | https://doi.org/10.1016/j.actamat.2013.12.003 | https://doi.org/10.15480/882.1678
10.1016/j.actamat.2013.12.036,Acta_Materialia,2014,hybrid,http_error,https://www.sciencedirect.com/science/article/pii/S1359645413009816/pdf [http_error 403],https://doi.org/10.1016/j.actamat.2013.12.036 | https://www.ncbi.nlm.nih.gov/pmc/articles/3990421
10.1016/j.actamat.2014.01.015,Acta_Materialia,2014,green,no_url,,https://figshare.com/articles/journal_contribution/A_transmission_electron_microscopy_and_three-dimensional_atom_probe_study_of_the_oxygen-induced_fine_microstructural_features_in_as-sintered_Ti-6Al-4V_and_their_impacts_on_ductility/27460908
10.1016/j.actamat.2013.10.027,Acta_Materialia,2013,green,no_url,,http://nrs.harvard.edu/urn-3:HUL.InstRepos:11870371
10.1016/j.actamat.2013.10.036,Acta_Materialia,2013,green,no_url,,https://zenodo.org/record/3414120
10.1016/j.actamat.2013.10.041,Acta_Materialia,2013,hybrid,http_error,https://www.sciencedirect.com/science/article/pii/S1359645413008045/pdf [http_error 403],https://doi.org/10.1016/j.actamat.2013.10.041
10.1016/j.actamat.2013.10.065,Acta_Materialia,2013,bronze,no_url,,https://doi.org/10.1016/j.actamat.2013.10.065
10.1016/j.actamat.2014.01.054,Acta_Materialia,2014,green,no_url,,http://nrs.harvard.edu/urn-3:HUL.InstRepos:11858826
10.1016/j.actamat.2014.02.027,Acta_Materialia,2014,green,no_url,,http://hdl.handle.net/2117/28046
10.1016/j.actamat.2014.02.034,Acta_Materialia,2014,green,no_url,,http://hdl.handle.net/1721.1/103871
10.1016/j.actamat.2014.05.037,Acta_Materialia,2014,hybrid,http_error,https://www.sciencedirect.com/science/article/pii/S1359645414003851/pdf [http_error 403],https://doi.org/10.1016/j.actamat.2014.05.037
10.1016/j.actamat.2014.06.017,Acta_Materialia,2014,bronze,http_error,https://linkinghub.elsevier.com/science/article/pii/S1359645414004376 [http_error 403],https://bib-pubdb1.desy.de/search?p=id:%22DESY-2014-02977%22 | https://doi.org/10.1016/j.actamat.2014.06.017
10.1016/j.actamat.2014.06.064,Acta_Materialia,2014,green,no_url,,https://figshare.com/articles/journal_contribution/Variant_selection_and_intervariant_crystallographic_planes_distribution_in_martensite_in_a_Ti-6Al-4V_alloy/20922025
10.1016/j.actamat.2014.06.065,Acta_Materialia,2014,bronze,http_error,https://www.sciencedirect.com/science/article/am/pii/S1359645414004959?via%3Dihub [http_error 403],https://doi.org/10.1016/j.actamat.2014.06.065 | https://figshare.com/articles/journal_contribution/Thermoelectric_performance_of_tellurium-reduced_quaternary_p-type_lead-chalcogenide_composites/27792090
10.1016/j.actamat.2014.04.042,Acta_Materialia,2014,green,no_url,,http://infoscience.epfl.ch/record/202419
10.1016/j.actamat.2013.01.057,Acta_Materialia,2013,hybrid,http_error,https://europepmc.org/articles/PMC3619532/pdf/render [http_error 403],http://europepmc.org/articles/PMC3619532 | https://doi.org/10.1016/j.actamat.2013.01.057 | https://www.ncbi.nlm.nih.gov/pmc/articles/3619532
10.1016/j.actamat.2013.01.069,Acta_Materialia,2013,bronze,http_error,https://www.sciencedirect.com/science/article/pii/S1359645413001080 [http_error 403],http://infoscience.epfl.ch/record/185861 | https://doi.org/10.1016/j.actamat.2013.01.069
10.1016/j.actamat.2013.02.038,Acta_Materialia,2013,green,no_url,,http://hdl.handle.net/10344/3642 | https://figshare.com/articles/online_resource/The_effect_of_prior_deformation_on_subsequent_microplasticity_and_damage_evolution_in_an_austenitic_stainless_steel_at_elevated_temperature/19809610
10.1016/j.actamat.2013.02.042,Acta_Materialia,2013,bronze,robots_disallowed,https://www.sciencedirect.com/science/article/pii/S1359645413001729 [http_error 403] | https://catalog.lib.kyushu-u.ac.jp/opac_download_md/26385/Ohishi-AlCu-Acta.Mater.2013(61)3482.pdf [robots_disallowed],http://hdl.handle.net/2324/26385 | https://doi.org/10.1016/j.actamat.2013.02.042 | https://hdl.handle.net/2324/26385
10.1016/j.actamat.2012.12.009,Acta_Materialia,2013,green,no_url,,http://hdl.handle.net/10261/110503
10.1016/j.actamat.2012.12.042,Acta_Materialia,2013,green,no_url,,http://infoscience.epfl.ch/record/198793
10.1016/j.actamat.2013.01.006,Acta_Materialia,2013,green,no_url,,https://doi.org/10.82308/53099
10.1016/j.actamat.2013.01.014,Acta_Materialia,2013,hybrid,http_error,https://www.sciencedirect.com/science/article/pii/S1359645413000268/pdf [http_error 403] | https://europepmc.org/articles/PMC3610543/pdf/render [http_error 403],http://europepmc.org/articles/PMC3610543 | https://doi.org/10.1016/j.actamat.2013.01.014 | https://www.ncbi.nlm.nih.gov/pmc/articles/3610543
10.1016/j.actamat.2013.03.046,Acta_Materialia,2013,hybrid,http_error,https://www.sciencedirect.com/science/article/pii/S1359645413002565/pdf [http_error 403],https://doi.org/10.1016/j.actamat.2013.03.046
10.1016/j.actamat.2013.04.013,Acta_Materialia,2013,bronze,http_error,https://www.sciencedirect.com/science/article/pii/S1359645413002863 [http_error 403],http://oa.upm.es/29079/ | https://doi.org/10.1016/j.actamat.2013.04.013 | https://oa.upm.es/29079/
10.1016/j.actamat.2013.06.003,Acta_Materialia,2013,green,no_url,,http://hdl.handle.net/1721.1/102382
10.1016/j.actamat.2013.08.064,Acta_Materialia,2013,green,no_url,,http://nrs.harvard.edu/urn-3:HUL.InstRepos:34901219
10.1016/j.actamat.2014.07.026,Acta_Materialia,2014,green,no_url,,https://figshare.com/articles/journal_contribution/The_grain_refining_mechanism_of_cast_zinc_through_silver_inoculation/27477069
10.1016/j.actamat.2014.07.034,Acta_Materialia,2014,bronze,no_url,,https://doi.org/10.1016/j.actamat.2014.07.034
10.1016/j.actamat.2014.07.062,Acta_Materialia,2014,hybrid,no_url,,https://doi.org/10.1016/j.actamat.2014.07.062 | https://research.manchester.ac.uk/en/publications/99ae13ca-12e3-4342-bb9c-9b29d79e434c
10.1016/j.actamat.2014.09.032,Acta_Materialia,2014,bronze,no_url,,https://doi.org/10.1016/j.actamat.2014.09.032 | https://pureportal.coventry.ac.uk/en/publications/a7c522f7-8bb2-418a-bb48-12e4293f9a0e | https://research.manchester.ac.uk/en/publications/252431d3-258e-4c79-8947-e4c5b5bd2489
10.1016/j.actamat.2014.10.006,Acta_Materialia,2014,hybrid,http_error,https://www.sciencedirect.com/science/article/pii/S1359645414007587/pdf [http_error 403],https://bib-pubdb1.desy.de/record/192710 | https://doi.org/10.1016/j.actamat.2014.10.006 | https://www.ncbi.nlm.nih.gov/pmc/articles/4308001
10.1016/j.actamat.2014.10.010,Acta_Materialia,2014,bronze,no_url,,https://doi.org/10.1016/j.actamat.2014.10.010
10.1016/j.actamat.2014.08.009,Acta_Materialia,2014,bronze,no_url,,https://doi.org/10.1016/j.actamat.2014.08.009
10.1016/j.actamat.2014.08.021,Acta_Materialia,2014,bronze,no_url,,https://doi.org/10.1016/j.actamat.2014.08.021
10.1016/j.actamat.2014.08.026,Acta_Materialia,2014,bronze,title_mismatch,https://www.osti.gov/servlets/purl/1162079 [title_mismatch],https://doi.org/10.1016/j.actamat.2014.08.026 | https://www.osti.gov/biblio/1162079
10.1016/j.actamat.2014.08.038,Acta_Materialia,2014,bronze,http_error,https://www.sciencedirect.com/science/article/pii/S1359645414006405 [http_error 403],https://amu.hal.science/hal-01722656 | https://doi.org/10.1016/j.actamat.2014.08.038
10.1016/j.actamat.2014.08.043,Acta_Materialia,2014,bronze,no_url,,https://doi.org/10.1016/j.actamat.2014.08.043
10.1016/j.actamat.2014.08.046,Acta_Materialia,2014,green,no_url,,https://hdl.handle.net/1983/fcdcd2e6-2097-4bb4-9828-9b02ba63e834 | https://research-information.bris.ac.uk/en/publications/fcdcd2e6-2097-4bb4-9828-9b02ba63e834
10.1016/j.actamat.2014.08.064,Acta_Materialia,2014,green,no_url,,https://figshare.com/articles/journal_contribution/Effect_of_heat_treatment_on_diffusion_internal_friction_microstructure_and_mechanical_properties_of_ultra-fine-grained_nickel_severely_deformed_by_equal-channel_angular_pressing/20905168
10.1016/j.actamat.2014.10.037,Acta_Materialia,2014,bronze,no_url,,https://doi.org/10.1016/j.actamat.2014.10.037
10.1016/j.actamat.2014.10.045,Acta_Materialia,2014,bronze,no_url,,https://doi.org/10.1016/j.actamat.2014.10.045
10.1016/j.actamat.2014.11.013,Acta_Materialia,2014,green,no_url,,http://hdl.handle.net/10261/113649
10.1016/j.actamat.2014.11.042,Acta_Materialia,2014,bronze,no_url,,https://doi.org/10.1016/j.actamat.2014.11.042
10.1016/j.actamat.2014.11.044,Acta_Materialia,2015,hybrid,http_error,https://www.sciencedirect.com/science/article/pii/S1359645414008970/pdf [http_error 403],https://doi.org/10.1016/j.actamat.2014.11.044 | https://research.birmingham.ac.uk/en/publications/f1718e5d-b562-4f03-bb14-062ef732a76a
10.1016/j.actamat.2014.11.047,Acta_Materialia,2015,bronze,no_url,,https://doi.org/10.1016/j.actamat.2014.11.047
10.1016/j.actamat.2014.12.003,Acta_Materialia,2015,bronze,no_url,,https://doi.org/10.1016/j.actamat.2014.12.003
10.1016/j.actamat.2014.12.023,Acta_Materialia,2015,green,no_url,,https://www.sciencedirect.com/science/article/pii/S1359645414009409/pdf
10.1016/j.actamat.2014.12.047,Acta_Materialia,2015,bronze,no_url,,https://doi.org/10.1016/j.actamat.2014.12.047
10.1016/j.actamat.2015.01.018,Acta_Materialia,2015,bronze,no_url,,https://doi.org/10.1016/j.actamat.2015.01.018
10.1016/j.actamat.2015.01.030,Acta_Materialia,2015,hybrid,no_url,,https://doi.org/10.1016/j.actamat.2015.01.030
10.1016/j.actamat.2015.01.047,Acta_Materialia,2015,hybrid,http_error,https://www.sciencedirect.com/science/article/pii/S1359645415000609/pdf [http_error 403],https://doi.org/10.1016/j.actamat.2015.01.047 | https://www.helmholtz-berlin.de/pubbin/oai_publication?VT=1&ID=86163 | https://www.ncbi.nlm.nih.gov/pmc/articles/4394140
10.1016/j.actamat.2015.03.003,Acta_Materialia,2015,bronze,no_url,,https://doi.org/10.1016/j.actamat.2015.03.003
10.1016/j.actamat.2015.03.019,Acta_Materialia,2015,bronze,no_url,,https://doi.org/10.1016/j.actamat.2015.03.019
10.1016/j.actamat.2015.03.049,Acta_Materialia,2015,bronze,no_url,,https://doi.org/10.1016/j.actamat.2015.03.049
10.1016/j.actamat.2015.03.052,Acta_Materialia,2015,green,no_url,,https://www.repository.cam.ac.uk/handle/1810/248064
10.1016/j.actamat.2015.04.002,Acta_Materialia,2015,bronze,no_url,,https://doi.org/10.1016/j.actamat.2015.04.002
10.1016/j.actamat.2015.04.023,Acta_Materialia,2015,bronze,no_url,,https://doi.org/10.1016/j.actamat.2015.04.023
10.1016/j.actamat.2015.04.026,Acta_Materialia,2015,bronze,no_url,,https://doi.org/10.1016/j.actamat.2015.04.026
10.1016/j.actamat.2015.04.061,Acta_Materialia,2015,bronze,no_url,,https://doi.org/10.1016/j.actamat.2015.04.061
10.1016/j.actamat.2015.05.006,Acta_Materialia,2015,bronze,no_url,,https://doi.org/10.1016/j.actamat.2015.05.006
10.1016/j.actamat.2015.05.017,Acta_Materialia,2015,green,no_url,,https://ro.ecu.edu.au/ecuworkspost2013/599
10.1016/j.actamat.2015.05.039,Acta_Materialia,2015,hybrid,no_url,,https://doi.org/10.1016/j.actamat.2015.05.039
10.1016/j.actamat.2015.05.041,Acta_Materialia,2015,hybrid,http_error,https://www.sciencedirect.com/science/article/am/pii/S1359645415003626?via%3Dihub [http_error 403],http://hdl.handle.net/10044/1/33440 | http://www.scopus.com/inward/record.url?scp=84934917793&partnerID=8YFLogxK | https://doi.org/10.1016/j.actamat.2015.05.041 | https://research.birmingham.ac.uk/en/publications/e59f3c1e-2bc7-44f8-895a-469fe68ba396
10.1016/j.actamat.2015.05.048,Acta_Materialia,2015,green,no_url,,https://www.repository.cam.ac.uk/handle/1810/248572
10.1016/j.actamat.2015.05.050,Acta_Materialia,2015,bronze,no_url,,https://doi.org/10.1016/j.actamat.2015.05.050
10.1016/j.actamat.2015.06.035,Acta_Materialia,2015,green,no_url,,http://hdl.handle.net/10044/1/26580
10.1016/j.actamat.2015.06.040,Acta_Materialia,2015,green,no_url,,http://infoscience.epfl.ch/record/211970
10.1016/j.actamat.2015.06.054,Acta_Materialia,2015,green,no_url,,http://hdl.handle.net/11311/968567 | https://orcid.org/0000-0002-9745-2155
10.1016/j.actamat.2015.06.058,Acta_Materialia,2015,green,no_url,,http://hdl.handle.net/10044/1/28649
10.1016/j.actamat.2015.06.060,Acta_Materialia,2015,bronze,no_url,,https://doi.org/10.1016/j.actamat.2015.06.060
10.1016/j.actamat.2015.06.063,Acta_Materialia,2015,bronze,no_url,,https://doi.org/10.1016/j.actamat.2015.06.063
10.1016/j.actamat.2015.07.004,Acta_Materialia,2015,bronze,http_error,https://www.sciencedirect.com/science/article/am/pii/S1359645415004668?via%3Dihub [http_error 403],https://doi.org/10.1016/j.actamat.2015.07.004
10.1016/j.actamat.2015.07.006,Acta_Materialia,2015,green,no_url,,http://hdl.handle.net/10016/31035
10.1016/j.actamat.2015.07.023,Acta_Materialia,2015,bronze,http_error,https://www.sciencedirect.com/science/article/am/pii/S1359645415004942?via%3Dihub [http_error 403],https://doi.org/10.1016/j.actamat.2015.07.023
10.1016/j.actamat.2016.03.065,Acta_Materialia,2016,bronze,no_url,,http://hdl.handle.net/10810/70939 | https://doi.org/10.1016/j.actamat.2016.03.065
10.1016/j.actamat.2016.03.067,Acta_Materialia,2016,bronze,no_url,,https://doi.org/10.1016/j.actamat.2016.03.067 | https://hal.science/hal-01714576v1/document
10.1016/j.actamat.2015.01.066,Acta_Materialia,2015,bronze,no_url,,http://hdl.handle.net/2117/76897 | https://doi.org/10.1016/j.actamat.2015.01.066
10.1016/j.actamat.2015.02.014,Acta_Materialia,2015,hybrid,no_url,,https://doi.org/10.1016/j.actamat.2015.02.014
10.1016/j.actamat.2015.02.017,Acta_Materialia,2015,bronze,no_url,,https://doi.org/10.1016/j.actamat.2015.02.017
10.1016/j.actamat.2015.02.023,Acta_Materialia,2015,hybrid,no_url,,https://doi.org/10.1016/j.actamat.2015.02.023 | https://research.birmingham.ac.uk/en/publications/084b9238-0f65-445b-982a-009ae6e31d0a
10.1016/j.actamat.2015.02.038,Acta_Materialia,2015,green,no_url,,http://hdl.handle.net/2078.1/157636
10.1016/j.actamat.2016.05.035,Acta_Materialia,2016,bronze,no_url,,https://doi.org/10.1016/j.actamat.2016.05.035
10.1016/j.actamat.2016.05.043,Acta_Materialia,2016,green,no_url,,https://figshare.com/articles/journal_contribution/Effect_of_coiling_treatment_on_microstructural_development_and_precipitate_strengthening_of_a_strip_cast_steel/20879662
10.1016/j.actamat.2016.05.056,Acta_Materialia,2016,bronze,no_url,,https://doi.org/10.1016/j.actamat.2016.05.056
10.1016/j.actamat.2016.06.016,Acta_Materialia,2016,bronze,no_url,,https://doi.org/10.1016/j.actamat.2016.06.016
10.1016/j.actamat.2016.06.030,Acta_Materialia,2016,bronze,robots_disallowed,https://ars.els-cdn.com/content/image/1-s2.0-S1359645416304499-fx1_lrg.jpg [robots_disallowed],https://doi.org/10.1016/j.actamat.2016.06.030
10.1016/j.actamat.2016.06.038,Acta_Materialia,2016,bronze,no_url,,https://doi.org/10.1016/j.actamat.2016.06.038
10.1016/j.actamat.2016.06.039,Acta_Materialia,2016,green,no_url,,https://hal.science/hal-01383887
10.1016/j.actamat.2016.06.056,Acta_Materialia,2016,hybrid,http_error,https://ars.els-cdn.com/content/image/1-s2.0-S1359645416304876-fx1_lrg.jpg [robots_disallowed] | https://hull-repository.worktribe.com/output/1738729 [http_error 403],https://bura.brunel.ac.uk/handle/2438/13353 | https://doi.org/10.1016/j.actamat.2016.06.056 | https://hull-repository.worktribe.com/output/1738729 | https://research.manchester.ac.uk/en/publications/5d0bc4c4-b410-4a15-8b74-dfacf07832e3
10.1016/j.actamat.2016.06.060,Acta_Materialia,2016,bronze,no_url,,https://doi.org/10.1016/j.actamat.2016.06.060
10.1016/j.actamat.2016.07.012,Acta_Materialia,2016,green,no_url,,https://research.birmingham.ac.uk/en/publications/1d759e5f-e953-472c-b301-15f631f0286e
10.1016/j.actamat.2016.07.014,Acta_Materialia,2016,bronze,no_url,,https://doi.org/10.1016/j.actamat.2016.07.014
10.1016/j.actamat.2016.07.023,Acta_Materialia,2016,hybrid,http_error,https://www.sciencedirect.com/science/article/pii/S1359645416305195/pdf [http_error 403],http://hdl.handle.net/10044/1/34901 | https://doi.org/10.1016/j.actamat.2016.07.023
10.1016/j.actamat.2016.07.029,Acta_Materialia,2016,green,no_url,,https://stars.library.ucf.edu/scopus2015/3382
10.1016/j.actamat.2016.04.003,Acta_Materialia,2016,bronze,http_error,https://www.sciencedirect.com/science/article/am/pii/S1359645416302609 [http_error 403],https://doi.org/10.1016/j.actamat.2016.04.003
10.1016/j.actamat.2016.04.005,Acta_Materialia,2016,bronze,http_error,https://www.sciencedirect.com/science/article/am/pii/S1359645416302610?via%3Dihub [http_error 403],https://doi.org/10.1016/j.actamat.2016.04.005
10.1016/j.actamat.2016.04.025,Acta_Materialia,2016,bronze,no_url,,https://doi.org/10.1016/j.actamat.2016.04.025
10.1016/j.actamat.2016.04.029,Acta_Materialia,2016,green,no_url,,https://research-repository.uwa.edu.au/en/publications/9d5ad332-1ee8-433d-96a9-63f74fb75cbc | https://ro.ecu.edu.au/ecuworkspost2013/1897
10.1016/j.actamat.2016.04.031,Acta_Materialia,2016,bronze,no_url,,https://doi.org/10.1016/j.actamat.2016.04.031
10.1016/j.actamat.2016.04.039,Acta_Materialia,2016,bronze,no_url,,https://doi.org/10.1016/j.actamat.2016.04.039
10.1016/j.actamat.2016.04.047,Acta_Materialia,2016,bronze,no_url,,https://doi.org/10.1016/j.actamat.2016.04.047
10.1016/j.actamat.2016.04.055,Acta_Materialia,2016,hybrid,http_error,https://www.sciencedirect.com/science/article/pii/S1359645416303238/pdf [http_error 403],https://doi.org/10.1016/j.actamat.2016.04.055
10.1016/j.actamat.2016.04.057,Acta_Materialia,2016,bronze,no_url,,https://doi.org/10.1016/j.actamat.2016.04.057
10.1016/j.actamat.2016.05.003,Acta_Materialia,2016,green,no_url,,https://research.manchester.ac.uk/en/publications/ff01bf36-6840-43e2-b22a-ae86a85361f2
10.1016/j.actamat.2016.05.004,Acta_Materialia,2016,bronze,no_url,,https://doi.org/10.1016/j.actamat.2016.05.004
10.1016/j.actamat.2016.05.009,Acta_Materialia,2016,bronze,no_url,,https://doi.org/10.1016/j.actamat.2016.05.009
10.1016/j.actamat.2016.08.071,Acta_Materialia,2016,hybrid,http_error,https://www.sciencedirect.com/science/article/pii/S1359645416306644/pdf [http_error 403],https://doi.org/10.1016/j.actamat.2016.08.071
10.1016/j.actamat.2016.08.072,Acta_Materialia,2016,bronze,title_mismatch,https://www.osti.gov/servlets/purl/1324207 [title_mismatch],https://doi.org/10.1016/j.actamat.2016.08.072 | https://www.osti.gov/biblio/1324207
10.1016/j.actamat.2016.08.077,Acta_Materialia,2016,bronze,no_url,,https://doi.org/10.1016/j.actamat.2016.08.077
10.1016/j.actamat.2016.09.012,Acta_Materialia,2016,hybrid,http_error,https://www.sciencedirect.com/science/article/pii/S1359645416307005/pdf [http_error 403],https://doi.org/10.1016/j.actamat.2016.09.012 | https://doi.org/10.17863/cam.6172 | https://pure.hud.ac.uk/en/publications/1b21b56d-7adc-4b07-80cf-194fdd54b762 | https://research.manchester.ac.uk/en/publications/bb434a57-b049-41a8-b2b8-710363b06dd0 | https://www.repository.cam.ac.uk/handle/1810/261006
10.1016/j.actamat.2015.08.048,Acta_Materialia,2015,hybrid,http_error,https://www.sciencedirect.com/science/article/pii/S1359645415006254/pdf [http_error 403],https://doi.org/10.1016/j.actamat.2015.08.048
10.1016/j.actamat.2015.08.053,Acta_Materialia,2015,bronze,no_url,,https://doi.org/10.1016/j.actamat.2015.08.053
10.1016/j.actamat.2015.08.068,Acta_Materialia,2015,green,http_error,http://oatao.univ-toulouse.fr/16698/7/malard_16698.pdf [http_error],http://oatao.univ-toulouse.fr/16698/7/malard_16698.pdf
10.1016/j.actamat.2015.09.003,Acta_Materialia,2015,bronze,http_error,https://ars.els-cdn.com/content/image/1-s2.0-S1359645415006692-fx1_lrg.jpg [robots_disallowed] | http://oatao.univ-toulouse.fr/16581/7/maniere_16581.pdf [http_error],http://oatao.univ-toulouse.fr/16581/7/maniere_16581.pdf | https://doi.org/10.1016/j.actamat.2015.09.003
10.1016/j.actamat.2015.09.014,Acta_Materialia,2015,green,no_url,,http://hdl.handle.net/10044/1/28667
10.1016/j.actamat.2016.10.047,Acta_Materialia,2016,bronze,robots_disallowed,https://ars.els-cdn.com/content/image/1-s2.0-S135964541630814X-fx1_lrg.jpg [robots_disallowed],http://hdl.handle.net/1721.1/113210 | https://doi.org/10.1016/j.actamat.2016.10.047
10.1016/j.actamat.2016.10.055,Acta_Materialia,2016,bronze,no_url,,http://publica.fraunhofer.de/documents/N-436019.html | https://doi.org/10.1016/j.actamat.2016.10.055
10.1016/j.actamat.2016.10.074,Acta_Materialia,2016,bronze,no_url,,https://doi.org/10.1016/j.actamat.2016.10.074
10.1016/j.actamat.2016.11.009,Acta_Materialia,2016,hybrid,http_error,https://www.sciencedirect.com/science/article/pii/S135964541630862X/pdf [http_error 403],https://doi.org/10.1016/j.actamat.2016.11.009 | https://research.birmingham.ac.uk/en/publications/3c7d76f0-0552-4f29-91c1-b60bda515430 | https://research.birmingham.ac.uk/portal/en/publications/on-the-role-of-boron-on-improving-ductility-in-a-new-polycrystalline-superalloy(3c7d76f0-0552-4f29-91c1-b60bda515430).html
10.1016/j.actamat.2016.11.010,Acta_Materialia,2016,green,no_url,,http://hdl.handle.net/11380/1121763
10.1016/j.actamat.2016.11.016,Acta_Materialia,2016,bronze,http_error,https://ars.els-cdn.com/content/image/1-s2.0-S1359645416308746-fx1_lrg.jpg [robots_disallowed] | http://ira.lib.polyu.edu.hk/bitstream/10397/106540/1/Ruan_Directly_Cast_Bulk.pdf [http_error],http://hdl.handle.net/10397/106540 | https://doi.org/10.1016/j.actamat.2016.11.016
10.1016/j.actamat.2016.11.019,Acta_Materialia,2016,hybrid,http_error,https://www.sciencedirect.com/science/article/pii/S1359645416308801/pdf [http_error 403],https://doi.org/10.1016/j.actamat.2016.11.019 | https://www.scopus.com/pages/publications/84995923696
10.1016/j.actamat.2016.07.044,Acta_Materialia,2016,hybrid,http_error,https://www.sciencedirect.com/science/article/pii/S1359645416305523/pdf [http_error 403],http://hdl.handle.net/10044/1/37408 | https://doi.org/10.1016/j.actamat.2016.07.044
10.1016/j.actamat.2016.08.008,Acta_Materialia,2016,hybrid,http_error,https://www.sciencedirect.com/science/article/pii/S1359645416305869/pdf [http_error 403],https://doi.org/10.1016/j.actamat.2016.08.008 | https://research.manchester.ac.uk/en/publications/7be2a3ed-3e6e-4f51-b58c-49532d7bca3c
10.1016/j.actamat.2016.08.018,Acta_Materialia,2016,bronze,no_url,,https://doi.org/10.1016/j.actamat.2016.08.018
10.1016/j.actamat.2016.08.021,Acta_Materialia,2016,bronze,no_url,,https://doi.org/10.1016/j.actamat.2016.08.021
10.1016/j.actamat.2016.08.025,Acta_Materialia,2016,green,no_url,,https://zenodo.org/record/2586581
10.1016/j.actamat.2016.08.030,Acta_Materialia,2016,bronze,no_url,,https://doi.org/10.1016/j.actamat.2016.08.030
10.1016/j.actamat.2016.08.038,Acta_Materialia,2016,bronze,no_url,,https://doi.org/10.1016/j.actamat.2016.08.038
10.1016/j.actamat.2016.09.034,Acta_Materialia,2016,bronze,no_url,,https://doi.org/10.1016/j.actamat.2016.09.034
10.1016/j.actamat.2016.10.008,Acta_Materialia,2016,green,no_url,,http://hdl.handle.net/10044/1/41216
10.1016/j.actamat.2016.10.026,Acta_Materialia,2016,bronze,no_url,,https://doi.org/10.1016/j.actamat.2016.10.026
10.1016/j.actamat.2016.10.028,Acta_Materialia,2016,green,no_url,,https://hal.science/hal-03971030
10.1016/j.actamat.2016.10.033,Acta_Materialia,2016,bronze,no_url,,https://doi.org/10.1016/j.actamat.2016.10.033
10.1016/j.actamat.2016.10.037,Acta_Materialia,2016,bronze,http_error,https://www.sciencedirect.com/science/article/am/pii/S1359645416308047?via%3Dihub [http_error 403],https://doi.org/10.1016/j.actamat.2016.10.037 | https://figshare.com/articles/journal_contribution/A_lightweight_single-phase_AlTiVCr_compositionally_complex_alloy/20868109
10.1016/j.actamat.2015.10.050,Acta_Materialia,2015,bronze,no_url,,https://doi.org/10.1016/j.actamat.2015.10.050
10.1016/j.actamat.2015.11.006,Acta_Materialia,2015,bronze,no_url,,https://doi.org/10.1016/j.actamat.2015.11.006
10.1016/j.actamat.2015.11.019,Acta_Materialia,2015,green,no_url,,https://www.repository.cam.ac.uk/handle/1810/252568
10.1016/j.actamat.2015.11.032,Acta_Materialia,2015,bronze,http_error,https://www.sciencedirect.com/science/article/pii/S1359645415300835 [http_error 403],http://resolver.tudelft.nl/uuid:de6c7c98-a470-4089-912a-d38e72449405 | https://doi.org/10.1016/j.actamat.2015.11.032
10.1016/j.actamat.2015.11.041,Acta_Materialia,2015,bronze,no_url,,https://doi.org/10.1016/j.actamat.2015.11.041
10.1016/j.actamat.2015.09.028,Acta_Materialia,2015,bronze,no_url,,https://doi.org/10.1016/j.actamat.2015.09.028
10.1016/j.actamat.2015.09.033,Acta_Materialia,2015,bronze,no_url,,https://doi.org/10.1016/j.actamat.2015.09.033
10.1016/j.actamat.2015.09.036,Acta_Materialia,2015,green,no_url,,http://zaguan.unizar.es/record/56778 | https://hal.science/hal-01495408
10.1016/j.actamat.2015.09.045,Acta_Materialia,2015,green,no_url,,https://hdl.handle.net/1983/254c026b-0fa6-4d40-b7c2-2103445c0e98 | https://research-information.bris.ac.uk/files/72057588/Control_of_the_inplane_thermal_conductivity_of_ultra_thin_nanocrystalline_diamond_films_through_the_grain_boundary_properties.pdf
10.1016/j.actamat.2015.09.052,Acta_Materialia,2015,hybrid,not_pdf,https://www.sciencedirect.com/science/article/pii/S1359645415007417/pdf [http_error 403] | http://helvia.uco.es/xmlui/bitstream/10396/27159/1/22%20High%20temperature%20internal%20%20open%20access.pdf [not_pdf],http://hdl.handle.net/10261/124739 | http://hdl.handle.net/10396/27159 | http://hdl.handle.net/10810/25036 | https://doi.org/10.1016/j.actamat.2015.09.052 | https://idus.us.es/handle//11441/80602
10.1016/j.actamat.2015.09.053,Acta_Materialia,2015,bronze,no_url,,https://doi.org/10.1016/j.actamat.2015.09.053
10.1016/j.actamat.2015.09.057,Acta_Materialia,2015,bronze,no_url,,https://doi.org/10.1016/j.actamat.2015.09.057
10.1016/j.actamat.2015.09.061,Acta_Materialia,2015,bronze,no_url,,https://doi.org/10.1016/j.actamat.2015.09.061
10.1016/j.actamat.2015.10.001,Acta_Materialia,2015,bronze,no_url,,https://doi.org/10.1016/j.actamat.2015.10.001
10.1016/j.actamat.2015.10.002,Acta_Materialia,2015,bronze,no_url,,https://doi.org/10.1016/j.actamat.2015.10.002
10.1016/j.actamat.2015.10.020,Acta_Materialia,2015,bronze,robots_disallowed,https://ars.els-cdn.com/content/image/1-s2.0-S1359645415300203-am12492-ga-5001_lrg.jpg [robots_disallowed],https://doi.org/10.1016/j.actamat.2015.10.020
10.1016/j.actamat.2015.10.026,Acta_Materialia,2015,hybrid,http_error,https://www.sciencedirect.com/science/article/pii/S1359645415300264/pdf [http_error 403],http://hdl.handle.net/20.500.11850/107546 | https://doi.org/10.1016/j.actamat.2015.10.026 | https://doi.org/10.3929/ethz-b-000107546
10.1016/j.actamat.2015.11.055,Acta_Materialia,2015,bronze,no_url,,https://doi.org/10.1016/j.actamat.2015.11.055
10.1016/j.actamat.2015.11.057,Acta_Materialia,2015,bronze,no_url,,https://doi.org/10.1016/j.actamat.2015.11.057
10.1016/j.actamat.2015.12.003,Acta_Materialia,2016,hybrid,http_error,https://www.sciencedirect.com/science/article/pii/S1359645415301105/pdf [http_error 403],https://doi.org/10.1016/j.actamat.2015.12.003
10.1016/j.actamat.2015.12.004,Acta_Materialia,2016,bronze,no_url,,https://doi.org/10.1016/j.actamat.2015.12.004
10.1016/j.actamat.2015.12.006,Acta_Materialia,2015,hybrid,no_url,,http://infoscience.epfl.ch/record/217232 | https://doi.org/10.1016/j.actamat.2015.12.006 | https://infoscience.epfl.ch/handle/20.500.14299/124743
10.1016/j.actamat.2015.12.016,Acta_Materialia,2015,bronze,no_url,,https://doi.org/10.1016/j.actamat.2015.12.016
10.1016/j.actamat.2015.12.017,Acta_Materialia,2015,hybrid,http_error,https://www.sciencedirect.com/science/article/pii/S1359645415301257/pdf [http_error 403],https://doi.org/10.1016/j.actamat.2015.12.017 | https://research.birmingham.ac.uk/en/publications/020c9c40-d26e-4fc9-b255-1533b2b43421
10.1016/j.actamat.2015.12.044,Acta_Materialia,2016,bronze,no_url,,https://doi.org/10.1016/j.actamat.2015.12.044
10.1016/j.actamat.2015.12.053,Acta_Materialia,2016,bronze,no_url,,https://doi.org/10.1016/j.actamat.2015.12.053
10.1016/j.actamat.2016.01.001,Acta_Materialia,2016,bronze,no_url,,https://doi.org/10.1016/j.actamat.2016.01.001
10.1016/j.actamat.2016.01.002,Acta_Materialia,2016,bronze,http_error,https://www.sciencedirect.com/science/article/am/pii/S1359645416300027?via%3Dihub [http_error 403] | http://ira.lib.polyu.edu.hk/bitstream/10397/104363/1/Chan_Manipulation_Free_Volumes.pdf [http_error],http://hdl.handle.net/10397/104363 | https://doi.org/10.1016/j.actamat.2016.01.002
10.1016/j.actamat.2016.01.010,Acta_Materialia,2016,bronze,no_url,,https://doi.org/10.1016/j.actamat.2016.01.010
10.1016/j.actamat.2016.12.052,Acta_Materialia,2016,green,no_url,,https://ro.ecu.edu.au/ecuworkspost2013/2711
10.1016/j.actamat.2016.12.054,Acta_Materialia,2017,bronze,no_url,,https://doi.org/10.1016/j.actamat.2016.12.054
10.1016/j.actamat.2016.12.058,Acta_Materialia,2016,hybrid,robots_disallowed,https://ars.els-cdn.com/content/image/1-s2.0-S1359645416310060-fx1_lrg.jpg [robots_disallowed],https://doi.org/10.1016/j.actamat.2016.12.058
10.1016/j.actamat.2017.01.012,Acta_Materialia,2017,bronze,no_url,,https://doi.org/10.1016/j.actamat.2017.01.012
10.1016/j.actamat.2017.02.017,Acta_Materialia,2017,green,no_url,,https://hal.science/hal-01786095
10.1016/j.actamat.2017.02.029,Acta_Materialia,2017,green,not_pdf,http://opus.bath.ac.uk/54645/1/Modelling_and_fabrication_of_porous_sandwich_layer_barium_titanate_with_improved_piezoelectric_energy_harvesting_figures_of_merit.pdf [not_pdf],http://opus.bath.ac.uk/54645/1/Modelling_and_fabrication_of_porous_sandwich_layer_barium_titanate_with_improved_piezoelectric_energy_harvesting_figures_of_merit.pdf | https://researchportal.bath.ac.uk/en/publications/846c5e90-b502-4024-b670-74fed7738708
10.1016/j.actamat.2017.02.036,Acta_Materialia,2017,hybrid,http_error,https://www.sciencedirect.com/science/article/pii/S135964541730126X/pdf [http_error 403],https://doi.org/10.1016/j.actamat.2017.02.036
10.1016/j.actamat.2017.02.053,Acta_Materialia,2017,bronze,no_url,,https://doi.org/10.1016/j.actamat.2017.02.053
10.1016/j.actamat.2016.11.051,Acta_Materialia,2016,bronze,no_url,,https://doi.org/10.1016/j.actamat.2016.11.051
10.1016/j.actamat.2016.12.003,Acta_Materialia,2016,green,no_url,,http://hdl.handle.net/10810/65831 | https://hispana.mcu.es/es/registros/registro.do?tipoRegistro=MTD&idBib=60827322
10.1016/j.actamat.2016.12.007,Acta_Materialia,2016,green,no_url,,http://hdl.handle.net/11380/1121765
10.1016/j.actamat.2016.12.027,Acta_Materialia,2016,green,no_url,,https://figshare.com/articles/journal_contribution/In_situ_tailoring_microstructure_in_additively_manufactured_Ti-6Al-4V_for_superior_mechanical_performance/20797606
10.1016/j.actamat.2016.12.039,Acta_Materialia,2017,hybrid,http_error,https://www.sciencedirect.com/science/article/pii/S1359645416309752/pdf [http_error 403],https://doi.org/10.1016/j.actamat.2016.12.039 | https://research.birmingham.ac.uk/en/publications/02494d4f-e6be-499e-84a1-98710c7716dc
10.1016/j.actamat.2016.12.043,Acta_Materialia,2017,green,no_url,,http://hdl.handle.net/10044/1/43783
10.1016/j.actamat.2015.07.071,Acta_Materialia,2015,bronze,no_url,,https://doi.org/10.1016/j.actamat.2015.07.071
10.1016/j.actamat.2015.08.005,Acta_Materialia,2015,hybrid,http_error,https://www.sciencedirect.com/science/article/pii/S1359645415005698/pdf [http_error 403],https://doi.org/10.1016/j.actamat.2015.08.005 | https://research.manchester.ac.uk/en/publications/0b8e3b83-ef81-402f-accd-d15fb7a384b1
10.1016/j.actamat.2015.08.013,Acta_Materialia,2015,bronze,http_error,https://www.sciencedirect.com/science/article/am/pii/S1359645415005777?via%3Dihub [http_error 403],https://doi.org/10.1016/j.actamat.2015.08.013
10.1016/j.actamat.2015.08.020,Acta_Materialia,2015,bronze,no_url,,https://doi.org/10.1016/j.actamat.2015.08.020
10.1016/j.actamat.2015.08.026,Acta_Materialia,2015,hybrid,http_error,https://www.sciencedirect.com/science/article/pii/S1359645415006023/pdf [http_error 403],http://infoscience.epfl.ch/record/213979 | https://doi.org/10.1016/j.actamat.2015.08.026
10.1016/j.actamat.2016.02.011,Acta_Materialia,2016,hybrid,http_error,https://www.sciencedirect.com/science/article/pii/S1359645416300854/pdf [http_error 403],https://doi.org/10.1016/j.actamat.2016.02.011 | https://www.repository.cam.ac.uk/handle/1810/253856
10.1016/j.actamat.2016.02.019,Acta_Materialia,2016,bronze,no_url,,https://doi.org/10.1016/j.actamat.2016.02.019
10.1016/j.actamat.2016.02.029,Acta_Materialia,2016,hybrid,http_error,https://www.sciencedirect.com/science/article/pii/S1359645416301033/pdf [http_error 403],http://researchonline.ljmu.ac.uk/id/eprint/10536/ | https://doi.org/10.1016/j.actamat.2016.02.029 | https://research.manchester.ac.uk/en/publications/9f4dc095-1d75-4370-b404-8db2310301d5
10.1016/j.actamat.2016.02.044,Acta_Materialia,2016,bronze,http_error,https://www.sciencedirect.com/science/article/am/pii/S1359645416301173?via%3Dihub [http_error 403],https://doi.org/10.1016/j.actamat.2016.02.044
10.1016/j.actamat.2016.02.060,Acta_Materialia,2016,bronze,no_url,,https://doi.org/10.1016/j.actamat.2016.02.060
10.1016/j.actamat.2016.02.067,Acta_Materialia,2016,hybrid,robots_disallowed,https://ars.els-cdn.com/content/image/1-s2.0-S1359645416301380-fx1_lrg.jpg [robots_disallowed],https://doi.org/10.1016/j.actamat.2016.02.067
10.1016/j.actamat.2016.01.023,Acta_Materialia,2016,bronze,no_url,,https://doi.org/10.1016/j.actamat.2016.01.023
10.1016/j.actamat.2016.01.038,Acta_Materialia,2016,bronze,no_url,,https://doi.org/10.1016/j.actamat.2016.01.038
10.1016/j.actamat.2016.01.057,Acta_Materialia,2016,hybrid,http_error,https://www.sciencedirect.com/science/article/pii/S1359645416300544/pdf [http_error 403],http://hdl.handle.net/10044/1/29031 | https://doi.org/10.1016/j.actamat.2016.01.057
10.1016/j.actamat.2016.01.058,Acta_Materialia,2016,bronze,http_error,https://www.sciencedirect.com/science/article/am/pii/S1359645416300556?via%3Dihub [http_error 403],https://doi.org/10.1016/j.actamat.2016.01.058
10.1016/j.actamat.2016.01.063,Acta_Materialia,2016,hybrid,http_error,https://www.sciencedirect.com/science/article/pii/S135964541630060X/pdf [http_error 403],https://doi.org/10.1016/j.actamat.2016.01.063
10.1016/j.actamat.2016.01.074,Acta_Materialia,2016,bronze,no_url,,https://doi.org/10.1016/j.actamat.2016.01.074
10.1016/j.actamat.2016.02.002,Acta_Materialia,2016,bronze,no_url,,https://doi.org/10.1016/j.actamat.2016.02.002
10.1016/j.actamat.2017.03.021,Acta_Materialia,2017,green,no_url,,http://infoscience.epfl.ch/record/229720
10.1016/j.actamat.2017.04.010,Acta_Materialia,2017,bronze,http_error,https://www.sciencedirect.com/science/article/am/pii/S1359645417302926?via%3Dihub [http_error 403],https://doi.org/10.1016/j.actamat.2017.04.010
10.1016/j.actamat.2017.04.033,Acta_Materialia,2017,bronze,no_url,,https://doi.org/10.1016/j.actamat.2017.04.033
10.1016/j.actamat.2017.04.047,Acta_Materialia,2017,bronze,no_url,,https://doi.org/10.1016/j.actamat.2017.04.047 | https://repository.exst.jaxa.jp/dspace/handle/a-is/801798
10.1016/j.actamat.2017.05.027,Acta_Materialia,2017,hybrid,robots_disallowed,https://ars.els-cdn.com/content/image/1-s2.0-S1359645417304044-egi10RW5CGW01T_lrg.jpg [robots_disallowed],https://doi.org/10.1016/j.actamat.2017.05.027 | https://research.manchester.ac.uk/en/publications/62fa3323-92d1-4a26-9f16-ca4daf6e1e7f
10.1016/j.actamat.2017.05.030,Acta_Materialia,2017,bronze,no_url,,https://doi.org/10.1016/j.actamat.2017.05.030
10.1016/j.actamat.2017.05.042,Acta_Materialia,2017,bronze,no_url,,https://doi.org/10.1016/j.actamat.2017.05.042
10.1016/j.actamat.2017.09.008,Acta_Materialia,2017,green,no_url,,http://hdl.handle.net/10044/1/55476
10.1016/j.actamat.2017.09.035,Acta_Materialia,2017,hybrid,http_error,https://www.sciencedirect.com/science/article/pii/S1359645417307930/pdf [http_error 403],https://bib-pubdb1.desy.de/record/393649 | https://doi.org/10.1016/j.actamat.2017.09.035
10.1016/j.actamat.2017.09.042,Acta_Materialia,2017,bronze,no_url,,https://doi.org/10.1016/j.actamat.2017.09.042
10.1016/j.actamat.2017.10.050,Acta_Materialia,2017,bronze,no_url,,https://doi.org/10.1016/j.actamat.2017.10.050
10.1016/j.actamat.2017.10.055,Acta_Materialia,2017,green,no_url,,http://juser.fz-juelich.de/search?p=id:%22FZJ-2018-00195%22
10.1016/j.actamat.2017.10.059,Acta_Materialia,2017,green,no_url,,http://hdl.handle.net/10044/1/54588
10.1016/j.actamat.2017.11.027,Acta_Materialia,2017,bronze,title_mismatch,https://www.osti.gov/servlets/purl/1427657 [title_mismatch],https://doi.org/10.1016/j.actamat.2017.11.027 | https://www.osti.gov/biblio/1427657
10.1016/j.actamat.2017.11.038,Acta_Materialia,2017,bronze,no_url,,https://doi.org/10.1016/j.actamat.2017.11.038
10.1016/j.actamat.2017.11.050,Acta_Materialia,2017,green,no_url,,http://hdl.handle.net/10852/63806 | https://orbit.dtu.dk/en/publications/0d8e27a1-c0fb-4b7a-9fa3-f61f533110d4
10.1016/j.actamat.2017.12.004,Acta_Materialia,2017,bronze,no_url,,https://doi.org/10.1016/j.actamat.2017.12.004
10.1016/j.actamat.2018.05.047,Acta_Materialia,2018,bronze,no_url,,https://doi.org/10.1016/j.actamat.2018.05.047
10.1016/j.actamat.2018.05.067,Acta_Materialia,2018,bronze,no_url,,https://doi.org/10.1016/j.actamat.2018.05.067
10.1016/j.actamat.2018.06.012,Acta_Materialia,2018,bronze,no_url,,https://doi.org/10.1016/j.actamat.2018.06.012
10.1016/j.actamat.2018.07.015,Acta_Materialia,2018,bronze,no_url,,https://doi.org/10.1016/j.actamat.2018.07.015
10.1016/j.actamat.2018.07.044,Acta_Materialia,2018,hybrid,http_error,https://www.sciencedirect.com/science/article/pii/S1359645418305809/pdf [http_error 403],https://doi.org/10.1016/j.actamat.2018.07.044 | https://research.manchester.ac.uk/en/publications/8901560f-1172-4cc3-b405-05621d0ea565
10.1016/j.actamat.2018.09.018,Acta_Materialia,2018,bronze,no_url,,https://doi.org/10.1016/j.actamat.2018.09.018
10.1016/j.actamat.2018.01.014,Acta_Materialia,2018,bronze,no_url,,https://doi.org/10.1016/j.actamat.2018.01.014
10.1016/j.actamat.2018.01.015,Acta_Materialia,2018,bronze,no_url,,https://doi.org/10.1016/j.actamat.2018.01.015
10.1016/j.actamat.2018.01.016,Acta_Materialia,2018,green,no_url,,https://doi.org/10.17863/cam.50076 | https://www.repository.cam.ac.uk/handle/1810/303000 | https://zenodo.org/record/3492834
10.1016/j.actamat.2018.01.026,Acta_Materialia,2018,green,no_url,,https://hal.science/hal-01710066
10.1016/j.actamat.2018.01.031,Acta_Materialia,2018,bronze,no_url,,https://doi.org/10.1016/j.actamat.2018.01.031
10.1016/j.actamat.2018.01.049,Acta_Materialia,2018,bronze,no_url,,https://doi.org/10.1016/j.actamat.2018.01.049
10.1016/j.actamat.2018.01.050,Acta_Materialia,2018,bronze,no_url,,https://doi.org/10.1016/j.actamat.2018.01.050
10.1016/j.actamat.2018.01.052,Acta_Materialia,2018,bronze,no_url,,https://doi.org/10.1016/j.actamat.2018.01.052
10.1016/j.actamat.2018.02.008,Acta_Materialia,2018,green,http_error,http://oatao.univ-toulouse.fr/21408/7/VanLandeghem_21408.pdf [http_error],http://oatao.univ-toulouse.fr/21408/7/VanLandeghem_21408.pdf
10.1016/j.actamat.2018.02.053,Acta_Materialia,2018,bronze,no_url,,http://hdl.handle.net/2117/116249 | https://doi.org/10.1016/j.actamat.2018.02.053 | https://doi.org/10.22028/d291-27810 | https://hdl.handle.net/2117/116249
10.1016/j.actamat.2018.03.033,Acta_Materialia,2018,bronze,no_url,,https://doi.org/10.1016/j.actamat.2018.03.033
10.1016/j.actamat.2018.12.038,Acta_Materialia,2019,hybrid,robots_disallowed,https://ars.els-cdn.com/content/image/1-s2.0-S1359645418309893-fx1_lrg.jpg [robots_disallowed],https://doi.org/10.1016/j.actamat.2018.12.038 | https://dspace.lib.cranfield.ac.uk/bitstreams/104de69f-258d-4a69-be09-699898031534/download | https://research.manchester.ac.uk/en/publications/81224151-37d1-46e8-8f5a-229396a8cfe6
10.1016/j.actamat.2019.01.016,Acta_Materialia,2019,bronze,no_url,,https://doi.org/10.1016/j.actamat.2019.01.016
10.1016/j.actamat.2019.01.052,Acta_Materialia,2019,bronze,no_url,,https://doi.org/10.1016/j.actamat.2019.01.052
10.1016/j.actamat.2019.02.001,Acta_Materialia,2019,hybrid,http_error,https://www.sciencedirect.com/science/article/pii/S1359645419300783/pdf [http_error 403],https://doi.org/10.1016/j.actamat.2019.02.001
10.1016/j.actamat.2019.02.007,Acta_Materialia,2019,bronze,no_url,,https://doi.org/10.1016/j.actamat.2019.02.007
10.1016/j.actamat.2019.02.010,Acta_Materialia,2019,bronze,no_url,,https://doi.org/10.1016/j.actamat.2019.02.010
10.1016/j.actamat.2019.02.011,Acta_Materialia,2019,green,no_url,,https://research.manchester.ac.uk/en/publications/f3a6cedf-986b-49b5-b254-df3173d9ab37
10.1016/j.actamat.2019.02.012,Acta_Materialia,2019,green,no_url,,https://research.birmingham.ac.uk/en/publications/019e0202-9c37-416e-819d-264282f554dc | https://research.birmingham.ac.uk/portal/en/publications/formation-mechanism-of-abnormally-large-grains-in-a-polycrystalline-nickelbased-superalloy-during-heat-treatment-processing(019e0202-9c37-416e-819d-264282f554dc).html
10.1016/j.actamat.2019.02.015,Acta_Materialia,2019,bronze,no_url,,https://doi.org/10.1016/j.actamat.2019.02.015
10.1016/j.actamat.2019.03.021,Acta_Materialia,2019,bronze,no_url,,https://doi.org/10.1016/j.actamat.2019.03.021
10.1016/j.actamat.2019.05.003,Acta_Materialia,2019,bronze,no_url,,https://doi.org/10.1016/j.actamat.2019.05.003 | https://papers.ssrn.com/sol3/Delivery.cfm/A-19-351.pdf?abstractid=3358856&mirid=1
10.1016/j.actamat.2019.05.052,Acta_Materialia,2019,hybrid,http_error,https://www.sciencedirect.com/science/article/pii/S1359645419303362/pdf [http_error 403],https://doi.org/10.1016/j.actamat.2019.05.052 | https://research.manchester.ac.uk/en/publications/0d7369da-46c2-4b4a-b945-3a578e666f8a
10.1016/j.actamat.2019.10.041,Acta_Materialia,2019,bronze,no_url,,https://doi.org/10.1016/j.actamat.2019.10.041
10.1016/j.actamat.2019.11.024,Acta_Materialia,2019,green,no_url,,https://research.manchester.ac.uk/en/publications/8151aa90-df24-405a-82a7-c4a8d9c23165
10.1016/j.actamat.2019.11.042,Acta_Materialia,2019,hybrid,http_error,https://www.sciencedirect.com/science/article/pii/S1359645419307815/pdf [http_error 403],https://doi.org/10.1016/j.actamat.2019.11.042
10.1016/j.actamat.2020.01.012,Acta_Materialia,2020,bronze,no_url,,https://doi.org/10.1016/j.actamat.2020.01.012
10.1016/j.actamat.2020.01.038,Acta_Materialia,2020,hybrid,http_error,https://www.sciencedirect.com/science/article/pii/S135964542030063X/pdf [http_error 403],https://doi.org/10.1016/j.actamat.2020.01.038
10.1016/j.actamat.2020.01.041,Acta_Materialia,2020,bronze,no_url,,https://doi.org/10.1016/j.actamat.2020.01.041
10.1016/j.actamat.2020.01.063,Acta_Materialia,2020,green,no_url,,https://gfzpublic.gfz-potsdam.de/pubman/item/item_5000643 | https://gfzpublic.gfz-potsdam.de/pubman/item/item_5001168 | https://gfzpublic.gfz.de/pubman/item/item_5000643 | https://publishup.uni-potsdam.de/frontdoor/index/index/docId/60937
10.1016/j.actamat.2020.07.056,Acta_Materialia,2020,green,http_error,https://pure.mpg.de/pubman/item/item_3255159_4/component/file_3309206/Kini_Dislocation%20plasticity%20and%20detwinning_AM2020.pdf [http_error 403],http://hdl.handle.net/21.11116/0000-0007-3010-0
10.1016/j.actamat.2020.08.012,Acta_Materialia,2020,bronze,no_url,,https://doi.org/10.1016/j.actamat.2020.08.012
10.1016/j.actamat.2020.08.024,Acta_Materialia,2020,hybrid,no_url,,https://doi.org/10.1016/j.actamat.2020.08.024
10.1016/j.actamat.2020.08.027,Acta_Materialia,2020,bronze,no_url,,https://doi.org/10.1016/j.actamat.2020.08.027
10.1016/j.actamat.2020.02.028,Acta_Materialia,2020,bronze,http_error,https://ars.els-cdn.com/content/image/1-s2.0-S1359645420301324-fx1_lrg.jpg [robots_disallowed] | http://ira.lib.polyu.edu.hk/bitstream/10397/106378/1/Fan_Superior_High-Temperature_Properties.pdf [http_error],http://hdl.handle.net/10397/106378 | https://doi.org/10.1016/j.actamat.2020.02.028
10.1016/j.actamat.2020.02.039,Acta_Materialia,2020,bronze,http_error,https://ars.els-cdn.com/content/image/1-s2.0-S135964542030152X-fx1_lrg.jpg [robots_disallowed] | http://ira.lib.polyu.edu.hk/bitstream/10397/106376/1/Jiao_Achieving_Exceptional_Wear.pdf [http_error],http://hdl.handle.net/10397/106376 | https://doi.org/10.1016/j.actamat.2020.02.039
10.1016/j.actamat.2020.02.040,Acta_Materialia,2020,bronze,no_url,,https://doi.org/10.1016/j.actamat.2020.02.040
10.1016/j.actamat.2020.02.048,Acta_Materialia,2020,hybrid,http_error,https://www.sciencedirect.com/science/article/pii/S1359645420301610/pdf [http_error 403],http://infoscience.epfl.ch/record/281149 | https://doi.org/10.1016/j.actamat.2020.02.048
10.1016/j.actamat.2020.02.052,Acta_Materialia,2020,bronze,http_error,https://www.sciencedirect.com/science/article/am/pii/S1359645420301658 [http_error 403],https://doi.org/10.1016/j.actamat.2020.02.052
10.1016/j.actamat.2020.02.054,Acta_Materialia,2020,green,no_url,,https://hal.science/hal-03367359
10.1016/j.actamat.2020.02.059,Acta_Materialia,2020,bronze,http_error,https://ars.els-cdn.com/content/image/1-s2.0-S1359645420301725-fx1_lrg.jpg [robots_disallowed] | http://ira.lib.polyu.edu.hk/bitstream/10397/106369/1/Fan_Control_Nanoscale_Precipitation.pdf [http_error],http://hdl.handle.net/10397/106369 | https://doi.org/10.1016/j.actamat.2020.02.059
10.1016/j.actamat.2020.03.018,Acta_Materialia,2020,hybrid,http_error,https://www.sciencedirect.com/science/article/pii/S1359645420302056/pdf [http_error 403],https://doi.org/10.1016/j.actamat.2020.03.018
10.1016/j.actamat.2020.03.030,Acta_Materialia,2020,bronze,http_error,https://www.sciencedirect.com/science/article/am/pii/S1359645420302172?via%3Dihub [http_error 403],https://doi.org/10.1016/j.actamat.2020.03.030 | https://hal.science/hal-04691486
10.1016/j.actamat.2020.04.004,Acta_Materialia,2020,hybrid,http_error,https://www.sciencedirect.com/science/article/pii/S1359645420302615/pdf [http_error 403],https://doi.org/10.1016/j.actamat.2020.04.004 | https://publications.rwth-aachen.de/record/794630 | https://research.manchester.ac.uk/en/publications/089aea2c-aa9c-4cf8-8c84-001bb8bb0a63
10.1016/j.actamat.2021.116664,Acta_Materialia,2021,hybrid,http_error,https://www.sciencedirect.com/science/article/pii/S1359645421000446/pdf [http_error 403],https://doi.org/10.1016/j.actamat.2021.116664 | https://hdl.handle.net/10289/14119
10.1016/j.actamat.2021.116667,Acta_Materialia,2021,hybrid,http_error,https://www.sciencedirect.com/science/article/pii/S1359645421000471/pdf [http_error 403],https://doi.org/10.1016/j.actamat.2021.116667
10.1016/j.actamat.2021.116689,Acta_Materialia,2021,bronze,http_error,https://www.sciencedirect.com/science/article/am/pii/S1359645421000690 [http_error 403],https://doi.org/10.1016/j.actamat.2021.116689
10.1016/j.actamat.2021.116698,Acta_Materialia,2021,hybrid,no_url,,https://doi.org/10.1016/j.actamat.2021.116698
10.1016/j.actamat.2021.116713,Acta_Materialia,2021,hybrid,http_error,https://www.sciencedirect.com/science/article/pii/S1359645421000938/pdf [http_error 403],https://doi.org/10.1016/j.actamat.2021.116713
10.1016/j.actamat.2021.116719,Acta_Materialia,2021,bronze,no_url,,https://doi.org/10.1016/j.actamat.2021.116719
10.1016/j.actamat.2021.116734,Acta_Materialia,2021,green,title_mismatch,https://arxiv.org/pdf/2012.00277 [title_mismatch],http://arxiv.org/abs/2012.00277
10.1016/j.actamat.2021.116740,Acta_Materialia,2021,bronze,no_url,,https://doi.org/10.1016/j.actamat.2021.116740
10.1016/j.actamat.2021.116775,Acta_Materialia,2021,bronze,no_url,,https://doi.org/10.1016/j.actamat.2021.116775
10.1016/j.actamat.2021.116790,Acta_Materialia,2021,hybrid,no_url,,https://doi.org/10.1016/j.actamat.2021.116790 | https://hal.science/hal-03390321
10.1016/j.actamat.2017.05.063,Acta_Materialia,2017,bronze,no_url,,https://doi.org/10.1016/j.actamat.2017.05.063
10.1016/j.actamat.2017.06.055,Acta_Materialia,2017,bronze,robots_disallowed,https://ars.els-cdn.com/content/image/1-s2.0-S135964541730530X-egi10JR56VJCS2_lrg.jpg [robots_disallowed],https://doi.org/10.1016/j.actamat.2017.06.055
10.1016/j.actamat.2017.07.041,Acta_Materialia,2017,hybrid,http_error,https://www.sciencedirect.com/science/article/pii/S1359645417306031/pdf [http_error 403],https://doi.org/10.1016/j.actamat.2017.07.041
10.1016/j.actamat.2017.07.042,Acta_Materialia,2017,bronze,no_url,,https://doi.org/10.1016/j.actamat.2017.07.042
10.1016/j.actamat.2017.07.050,Acta_Materialia,2017,bronze,no_url,,https://doi.org/10.1016/j.actamat.2017.07.050
10.1016/j.actamat.2017.08.052,Acta_Materialia,2017,bronze,no_url,,https://doi.org/10.1016/j.actamat.2017.08.052
10.1016/j.actamat.2021.117139,Acta_Materialia,2021,hybrid,http_error,https://www.sciencedirect.com/science/article/pii/S135964542100519X/pdf [http_error 403],http://hdl.handle.net/10261/246538 | http://zaguan.unizar.es/record/151151 | https://doi.org/10.1016/j.actamat.2021.117139 | https://hdl.handle.net/11441/137981
10.1016/j.actamat.2021.117145,Acta_Materialia,2021,hybrid,http_error,https://www.sciencedirect.com/science/article/pii/S1359645421005255/pdf [http_error 403],https://doi.org/10.1016/j.actamat.2021.117145
10.1016/j.actamat.2021.117155,Acta_Materialia,2021,bronze,no_url,,https://doi.org/10.1016/j.actamat.2021.117155
10.1016/j.actamat.2021.117156,Acta_Materialia,2021,bronze,http_error,https://www.sciencedirect.com/science/article/am/pii/S135964542100536X [http_error 403],https://doi.org/10.1016/j.actamat.2021.117156 | https://hal.univ-grenoble-alpes.fr/hal-04596776
10.1016/j.actamat.2021.117202,Acta_Materialia,2021,bronze,no_url,,https://doi.org/10.1016/j.actamat.2021.117202
10.1016/j.actamat.2021.117217,Acta_Materialia,2021,green,no_url,,https://doi.org/10.5445/ir/1000137021 | https://publikationen.bibliothek.kit.edu/1000137021
10.1016/j.actamat.2021.117224,Acta_Materialia,2021,bronze,no_url,,https://doi.org/10.1016/j.actamat.2021.117224 | https://hal.science/hal-03337084
10.1016/j.actamat.2021.117237,Acta_Materialia,2021,hybrid,http_error,https://www.sciencedirect.com/science/article/pii/S1359645421006170/pdf [http_error 403],https://bib-pubdb1.desy.de/search?p=id:%22PUBDB-2021-03432%22 | https://doi.org/10.1016/j.actamat.2021.117237
10.1016/s1359-6454(00)00065-3,Acta_Materialia,2000,bronze,http_error,https://linkinghub.elsevier.com/science/article/pii/S1359645400000653 [http_error 403],https://doi.org/10.1016/s1359-6454(00)00065-3 | https://research.rug.nl/en/publications/b1fcc10f-efed-408f-97b8-3ba6360d76a7
10.1016/j.actamat.2021.117286,Acta_Materialia,2021,bronze,http_error,https://www.sciencedirect.com/science/article/am/pii/S1359645421006662?via%3Dihub [http_error 403],https://doi.org/10.1016/j.actamat.2021.117286
10.1016/j.actamat.2021.117287,Acta_Materialia,2021,bronze,no_url,,https://doi.org/10.1016/j.actamat.2021.117287
10.1016/j.actamat.2019.06.025,Acta_Materialia,2019,hybrid,http_error,https://www.sciencedirect.com/science/article/pii/S1359645419303921/pdf [http_error 403],https://doi.org/10.1016/j.actamat.2019.06.025
10.1016/j.actamat.2019.07.010,Acta_Materialia,2019,hybrid,http_error,https://www.sciencedirect.com/science/article/pii/S1359645419304409/pdf [http_error 403],https://doi.org/10.1016/j.actamat.2019.07.010
10.1016/j.actamat.2019.08.013,Acta_Materialia,2019,bronze,no_url,,https://doi.org/10.1016/j.actamat.2019.08.013 | https://papers.ssrn.com/sol3/papers.cfm?abstract_id=3358874
10.1016/j.actamat.2019.08.017,Acta_Materialia,2019,bronze,no_url,,https://doi.org/10.1016/j.actamat.2019.08.017
10.1016/j.actamat.2019.08.020,Acta_Materialia,2019,green,no_url,,https://hdl.handle.net/11250/2652413
10.1016/j.actamat.2019.08.024,Acta_Materialia,2019,bronze,no_url,,https://doi.org/10.1016/j.actamat.2019.08.024
10.1016/j.actamat.2019.08.053,Acta_Materialia,2019,bronze,robots_disallowed,https://ars.els-cdn.com/content/image/1-s2.0-S1359645419305737-fx1_lrg.jpg [robots_disallowed],https://doi.org/10.1016/j.actamat.2019.08.053
10.1016/j.actamat.2019.08.055,Acta_Materialia,2019,bronze,no_url,,https://doi.org/10.1016/j.actamat.2019.08.055 | https://hal.science/hal-02307867
10.1016/j.actamat.2019.08.059,Acta_Materialia,2019,green,no_url,,https://nottingham-repository.worktribe.com/output/2592161
10.1016/j.actamat.2019.08.060,Acta_Materialia,2019,green,no_url,,http://resolver.tudelft.nl/uuid:a72e21cc-656c-4ce5-bc25-236ce371eb9c
10.1016/j.actamat.2019.09.017,Acta_Materialia,2019,hybrid,no_url,,https://doi.org/10.1016/j.actamat.2019.09.017
10.1016/s1359-6454(00)00278-0,Acta_Materialia,2000,hybrid,http_error,https://www.sciencedirect.com/science/article/pii/S1359645400002780 [http_error 403],https://doi.org/10.1016/s1359-6454(00)00278-0 | https://research.rug.nl/en/publications/ca944a39-a0c7-4b8a-8a65-e96501d31c48 | https://research.rug.nl/files/38886165/2000ActaMaterVreeling.pdf
10.1016/s1359-6454(00)00333-5,Acta_Materialia,2001,green,no_url,,https://research.manchester.ac.uk/en/publications/301c9513-f977-4408-9b26-c28c886fe7b9
10.1016/s1359-6454(00)00334-7,Acta_Materialia,2001,bronze,http_error,https://linkinghub.elsevier.com/science/article/pii/S1359645400003347 [http_error 403],http://infoscience.epfl.ch/record/90668 | https://doi.org/10.1016/s1359-6454(00)00334-7 | https://infoscience.epfl.ch/handle/20.500.14299/235124
10.1016/s1359-6454(00)00364-5,Acta_Materialia,2001,hybrid,http_error,https://www.sciencedirect.com/science/article/pii/S1359645400003645 [http_error 403] | https://research.rug.nl/files/9919935/2001ActaMaterPei.pdf [http_error 403],https://doi.org/10.1016/s1359-6454(00)00364-5 | https://research.rug.nl/en/publications/a77b7b4f-8ffa-4d6c-8880-ac50c28b0507 | https://research.rug.nl/files/9919935/2001ActaMaterPei.pdf
10.1016/s1359-6454(01)00094-5,Acta_Materialia,2001,green,http_error,https://dash.harvard.edu/bitstreams/7312037c-5630-6bd4-e053-0100007fdf3b/download [http_error 405],http://nrs.harvard.edu/urn-3:HUL.InstRepos:2797290
10.1016/j.actamat.2020.09.025,Acta_Materialia,2020,hybrid,http_error,https://www.sciencedirect.com/science/article/pii/S1359645420307199/pdf [http_error 403],http://hdl.handle.net/10810/72002 | https://doi.org/10.1016/j.actamat.2020.09.025
10.1016/j.actamat.2020.09.028,Acta_Materialia,2020,hybrid,http_error,https://www.sciencedirect.com/science/article/pii/S1359645420307229/pdf [http_error 403],http://publica.fraunhofer.de/documents/N-615153.html | https://doi.org/10.1016/j.actamat.2020.09.028 | https://www.helmholtz-berlin.de/pubbin/oai_publication?VT=1&ID=102224
10.1016/j.actamat.2020.09.031,Acta_Materialia,2020,bronze,http_error,https://www.sciencedirect.com/science/article/pii/S1359645420307254 [http_error 403] | http://ira.lib.polyu.edu.hk/bitstream/10397/104146/1/Yang_Atomic-Scale_Investigation_Deep.pdf [http_error],http://hdl.handle.net/10397/104146 | https://doi.org/10.1016/j.actamat.2020.09.031
10.1016/j.actamat.2020.09.038,Acta_Materialia,2020,green,no_url,,http://hdl.handle.net/10044/1/83190
10.1016/j.actamat.2020.09.042,Acta_Materialia,2020,bronze,http_error,https://www.sciencedirect.com/science/article/am/pii/S1359645420307369?via%3Dihub [http_error 403],https://doi.org/10.1016/j.actamat.2020.09.042
10.1016/j.actamat.2020.09.067,Acta_Materialia,2020,bronze,no_url,,https://doi.org/10.1016/j.actamat.2020.09.067
10.1016/j.actamat.2020.09.077,Acta_Materialia,2020,green,no_url,,http://hdl.handle.net/10044/1/84237 | https://doi.org/10.17863/cam.63008 | https://www.repository.cam.ac.uk/handle/1810/315897
10.1016/j.actamat.2020.10.019,Acta_Materialia,2020,bronze,no_url,,https://doi.org/10.1016/j.actamat.2020.10.019
10.1016/j.actamat.2020.10.068,Acta_Materialia,2020,hybrid,http_error,https://www.sciencedirect.com/science/article/pii/S1359645420308661/pdf [http_error 403],https://doi.org/10.1016/j.actamat.2020.10.068
10.1016/s1359-6454(01)00279-8,Acta_Materialia,2001,green,no_url,,http://infoscience.epfl.ch/record/90669 | https://infoscience.epfl.ch/handle/20.500.14299/235125
10.1016/j.actamat.2021.117020,Acta_Materialia,2021,bronze,http_error,https://www.sciencedirect.com/science/article/am/pii/S1359645421004006 [http_error 403],https://doi.org/10.1016/j.actamat.2021.117020
10.1016/j.actamat.2021.117036,Acta_Materialia,2021,green,not_pdf,https://scholarsphere.psu.edu/resources/31956779-3459-445d-ba0c-be75d7ba1b93/downloads/20457 [not_pdf],https://scholarsphere.psu.edu/resources/e28193c6-3c30-4ddc-91d1-399bdf19c386
10.1016/j.actamat.2021.117049,Acta_Materialia,2021,bronze,no_url,,https://doi.org/10.1016/j.actamat.2021.117049
10.1016/j.actamat.2021.117070,Acta_Materialia,2021,green,no_url,,https://hal.science/hal-03267335
10.1016/j.actamat.2021.117071,Acta_Materialia,2021,bronze,no_url,,https://doi.org/10.1016/j.actamat.2021.117071
10.1016/j.actamat.2021.117072,Acta_Materialia,2021,hybrid,http_error,https://www.sciencedirect.com/science/article/pii/S1359645421004523/pdf [http_error 403],https://doi.org/10.1016/j.actamat.2021.117072
10.1016/j.actamat.2021.117074,Acta_Materialia,2021,bronze,no_url,,https://doi.org/10.1016/j.actamat.2021.117074
10.1016/j.actamat.2021.117080,Acta_Materialia,2021,hybrid,http_error,https://www.sciencedirect.com/science/article/pii/S1359645421004602/pdf [http_error 403],https://doi.org/10.1016/j.actamat.2021.117080
10.1016/j.actamat.2021.117110,Acta_Materialia,2021,hybrid,http_error,https://www.sciencedirect.com/science/article/pii/S1359645421004900/pdf [http_error 403],https://doi.org/10.1016/j.actamat.2021.117110
10.1016/j.actamat.2021.117121,Acta_Materialia,2021,bronze,http_error,https://www.sciencedirect.com/science/article/am/pii/S1359645421005012 [http_error 403],https://doi.org/10.1016/j.actamat.2021.117121
10.1016/j.actamat.2021.117130,Acta_Materialia,2021,hybrid,robots_disallowed,https://www.sciencedirect.com/science/article/pii/S1359645421005103/pdf [http_error 403] | https://www.dora.lib4ri.ch/empa/islandora/object/empa%3A26352 [robots_disallowed],http://hdl.handle.net/20.500.11850/493940 | https://doi.org/10.1016/j.actamat.2021.117130 | https://doi.org/10.3929/ethz-b-000493940 | https://www.dora.lib4ri.ch/empa/item/empa:26352
10.1016/j.actamat.2020.08.031,Acta_Materialia,2020,hybrid,http_error,https://www.sciencedirect.com/science/article/pii/S1359645420306285/pdf [http_error 403],https://doi.org/10.1016/j.actamat.2020.08.031
10.1016/j.actamat.2020.08.047,Acta_Materialia,2020,bronze,http_error,https://www.sciencedirect.com/science/article/am/pii/S1359645420306522?via%3Dihub [http_error 403],https://doi.org/10.1016/j.actamat.2020.08.047
10.1016/j.actamat.2020.08.066,Acta_Materialia,2020,green,no_url,,https://scholarsphere.psu.edu/resources/6e7e1e61-8967-403b-b9b7-319926ca375b
10.1016/j.actamat.2020.08.077,Acta_Materialia,2020,bronze,http_error,https://www.sciencedirect.com/science/article/am/pii/S135964542030687X [http_error 403],https://doi.org/10.1016/j.actamat.2020.08.077
10.1016/j.actamat.2020.08.080,Acta_Materialia,2020,bronze,no_url,,https://doi.org/10.1016/j.actamat.2020.08.080 | https://lib.dr.iastate.edu/aere_pubs/173
10.1016/j.actamat.2020.09.015,Acta_Materialia,2020,hybrid,robots_disallowed,https://ars.els-cdn.com/content/image/1-s2.0-S1359645420307096-fx1_lrg.jpg [robots_disallowed],https://doi.org/10.1016/j.actamat.2020.09.015 | https://hdl.handle.net/10356/160881
10.1016/j.actamat.2020.09.018,Acta_Materialia,2020,hybrid,http_error,https://www.sciencedirect.com/science/article/pii/S1359645420307126/pdf [http_error 403],http://urn.kb.se/resolve?urn=urn:nbn:se:uu:diva-427124 | https://doi.org/10.1016/j.actamat.2020.09.018 | https://publications.rwth-aachen.de/record/802249
10.1016/j.actamat.2020.09.019,Acta_Materialia,2020,green,no_url,,https://figshare.com/articles/journal_contribution/On_the_nature_of_hexagonality_within_the_solidification_structure_of_single_crystal_alloys_Mechanisms_and_applications/12946970
10.1016/j.actamat.2020.09.021,Acta_Materialia,2020,bronze,not_pdf,https://www.osti.gov/biblio/1839249 [not_pdf],https://doi.org/10.1016/j.actamat.2020.09.021 | https://www.osti.gov/biblio/1839249
10.1016/j.actamat.2020.116492,Acta_Materialia,2020,bronze,no_url,,https://doi.org/10.1016/j.actamat.2020.116492
10.1016/j.actamat.2020.116499,Acta_Materialia,2020,bronze,no_url,,https://doi.org/10.1016/j.actamat.2020.116499
10.1016/j.actamat.2020.116570,Acta_Materialia,2020,green,not_pdf,https://ntnuopen.ntnu.no/ntnu-xmlui/bitstream/11250/3002652/1/Acta%2bMater%2b2021%2bSCC%2bMg.pdf [not_pdf],https://hdl.handle.net/11250/3002652
10.1016/j.actamat.2020.116583,Acta_Materialia,2020,green,no_url,,https://www.helmholtz-berlin.de/pubbin/oai_publication?VT=1ID=103607
10.1016/j.actamat.2020.116599,Acta_Materialia,2020,hybrid,http_error,https://www.sciencedirect.com/science/article/pii/S1359645420310363/pdf [http_error 403],https://doi.org/10.1016/j.actamat.2020.116599
10.1016/j.actamat.2020.116609,Acta_Materialia,2021,bronze,no_url,,https://doi.org/10.1016/j.actamat.2020.116609
10.1016/j.actamat.2020.116610,Acta_Materialia,2020,bronze,no_url,,https://doi.org/10.1016/j.actamat.2020.116610
10.1016/j.actamat.2021.116919,Acta_Materialia,2021,bronze,http_error,https://www.sciencedirect.com/science/article/am/pii/S1359645421002998 [http_error 403],https://doi.org/10.1016/j.actamat.2021.116919
10.1016/j.actamat.2021.116920,Acta_Materialia,2021,bronze,no_url,,https://doi.org/10.1016/j.actamat.2021.116920 | https://hal.science/hal-03224587
10.1016/j.actamat.2021.116921,Acta_Materialia,2021,green,no_url,,https://hdl.handle.net/11250/2989433
10.1016/j.actamat.2021.116927,Acta_Materialia,2021,bronze,no_url,,https://doi.org/10.1016/j.actamat.2021.116927
10.1016/j.actamat.2021.116949,Acta_Materialia,2021,hybrid,http_error,https://www.sciencedirect.com/science/article/pii/S1359645421003293/pdf [http_error 403],https://doi.org/10.1016/j.actamat.2021.116949
10.1016/j.actamat.2021.116950,Acta_Materialia,2021,bronze,no_url,,https://doi.org/10.1016/j.actamat.2021.116950
10.1016/j.actamat.2021.116955,Acta_Materialia,2021,bronze,no_url,,http://hdl.handle.net/11311/1196906 | http://hdl.handle.net/2078.1/248770 | https://doi.org/10.1016/j.actamat.2021.116955
10.1016/j.actamat.2021.116972,Acta_Materialia,2021,bronze,http_error,https://www.sciencedirect.com/science/article/am/pii/S1359645421003529?via%3Dihub [http_error 403],https://doi.org/10.1016/j.actamat.2021.116972
10.1016/j.actamat.2021.116976,Acta_Materialia,2021,hybrid,http_error,https://www.sciencedirect.com/science/article/pii/S1359645421003566/pdf [http_error 403],https://doi.org/10.1016/j.actamat.2021.116976 | https://research.manchester.ac.uk/en/publications/40dc6428-fc0c-45fd-ace2-f2f2885943a6
10.1016/j.actamat.2021.117004,Acta_Materialia,2021,hybrid,http_error,https://www.sciencedirect.com/science/article/pii/S1359645421003840/pdf [http_error 403],https://doi.org/10.1016/j.actamat.2021.117004
10.1016/s1359-6454(02)00198-2,Acta_Materialia,2002,green,no_url,,http://infoscience.epfl.ch/record/119937
10.1016/s1359-6454(02)00107-6,Acta_Materialia,2002,bronze,http_error,https://www.sciencedirect.com/science/article/pii/S1359645402001076 [http_error 403],http://hdl.handle.net/2117/401141 | https://doi.org/10.1016/s1359-6454(02)00107-6
10.1016/j.actamat.2021.116827,Acta_Materialia,2021,bronze,no_url,,https://doi.org/10.1016/j.actamat.2021.116827
10.1016/j.actamat.2021.116828,Acta_Materialia,2021,hybrid,http_error,https://www.sciencedirect.com/science/article/pii/S1359645421002081 [http_error 403],https://doi.org/10.1016/j.actamat.2021.116828 | https://hal.science/hal-03690727
10.1016/j.actamat.2021.116842,Acta_Materialia,2021,bronze,no_url,,https://doi.org/10.1016/j.actamat.2021.116842
10.1016/j.actamat.2021.116845,Acta_Materialia,2021,bronze,robots_disallowed,https://eprints.lib.hokudai.ac.jp/dspace/bitstream/2115/88735/1/Manuscript_revised-unmarked.pdf [robots_disallowed],http://hdl.handle.net/2115/88735 | https://doi.org/10.1016/j.actamat.2021.116845
10.1016/j.actamat.2021.116858,Acta_Materialia,2021,bronze,no_url,,https://doi.org/10.1016/j.actamat.2021.116858
10.1016/j.actamat.2021.116867,Acta_Materialia,2021,hybrid,no_url,,https://doi.org/10.1016/j.actamat.2021.116867
10.1016/j.actamat.2021.116877,Acta_Materialia,2021,hybrid,not_pdf,https://www.sciencedirect.com/science/article/pii/S1359645421002573/pdf [http_error 403] | https://www.research-collection.ethz.ch/bitstream/20.500.11850/479922/3/1-s2.0-S1359645421002573-main.pdf [not_pdf],http://hdl.handle.net/20.500.11850/479922 | https://doi.org/10.1016/j.actamat.2021.116877 | https://doi.org/10.3929/ethz-b-000479922
10.1016/j.actamat.2021.116880,Acta_Materialia,2021,green,not_pdf,https://bib-pubdb1.desy.de/record/458885/files/document%2834%29.pdf [not_pdf],https://bib-pubdb1.desy.de/record/458885
10.1016/s1359-6454(02)00567-0,Acta_Materialia,2003,green,no_url,,http://infoscience.epfl.ch/record/153055
10.1016/s1359-6454(03)00293-3,Acta_Materialia,2003,hybrid,http_error,https://www.sciencedirect.com/science/article/pii/S1359645403002933/pdf [http_error 403],https://doi.org/10.1016/s1359-6454(03)00293-3
10.1016/s1359-6454(96)00093-6,Acta_Materialia,1996,green,no_url,,https://anses.hal.science/anses-03408035 | https://hal.science/hal-00111518
10.1016/s1359-6454(01)00321-4,Acta_Materialia,2002,green,no_url,,https://figshare.com/articles/journal_contribution/Rapid_solidification_behavior_of_Zn-rich_Zn-Ag_peritectic_alloys/20790430
10.1016/s1359-6454(97)00184-5,Acta_Materialia,1997,hybrid,no_url,,https://doi.org/10.1016/s1359-6454(97)00184-5
10.1016/s1359-6454(97)00193-6,Acta_Materialia,1997,green,no_url,,http://infoscience.epfl.ch/record/202870
10.1016/s1359-6454(03)00413-0,Acta_Materialia,2003,green,no_url,,https://hal.science/hal-00111378
10.1016/s1359-6454(03)00431-2,Acta_Materialia,2003,bronze,http_error,https://www.sciencedirect.com/science/article/pii/S1359645403004312 [http_error 403],http://infoscience.epfl.ch/record/90685 | https://doi.org/10.1016/s1359-6454(03)00431-2 | https://infoscience.epfl.ch/handle/20.500.14299/235141
10.1016/s1359-6454(98)00108-6,Acta_Materialia,1998,hybrid,http_error,https://www.sciencedirect.com/science/article/pii/S1359645498001086/pdf [http_error 403],https://doi.org/10.1016/s1359-6454(98)00108-6
10.1016/s1359-6454(98)00163-3,Acta_Materialia,1998,hybrid,http_error,https://www.sciencedirect.com/science/article/pii/S1359645498001633/pdf [http_error 403],https://doi.org/10.1016/s1359-6454(98)00163-3
10.1016/s1359-6454(99)00008-7,Acta_Materialia,1999,bronze,http_error,https://www.sciencedirect.com/science/article/pii/S1359645499000087 [http_error 403],http://infoscience.epfl.ch/record/90650 | https://doi.org/10.1016/s1359-6454(99)00008-7
10.1016/s1359-6454(96)00215-7,Acta_Materialia,1997,hybrid,http_error,https://www.sciencedirect.com/science/article/pii/S1359645496002157/pdf [http_error 403],https://doi.org/10.1016/s1359-6454(96)00215-7
10.1016/s1359-6454(98)00265-1,Acta_Materialia,1998,bronze,http_error,https://www.sciencedirect.com/science/article/pii/S1359645498002651 [http_error 403],https://doi.org/10.1016/s1359-6454(98)00265-1 | https://research.rug.nl/en/publications/5abd639c-1cf4-4b23-a1ec-efa9e9b86cd2
10.1016/s1359-6454(98)00311-5,Acta_Materialia,1998,hybrid,http_error,https://www.sciencedirect.com/science/article/pii/S1359645498003115/pdf [http_error 403],https://doi.org/10.1016/s1359-6454(98)00311-5
10.1016/s1359-6454(99)00117-2,Acta_Materialia,1999,hybrid,no_url,,https://doi.org/10.1016/s1359-6454(99)00117-2
10.1016/s1359-6454(99)00151-2,Acta_Materialia,1999,bronze,http_error,https://linkinghub.elsevier.com/science/article/pii/S1359645499001512 [http_error 403],https://doi.org/10.1016/s1359-6454(99)00151-2 | https://research.rug.nl/en/publications/2e53bdac-a1f2-4700-a196-192f01315fb1 | https://research.rug.nl/en/publications/8e53602c-8db2-4747-95b0-342623d06d36
10.1016/s1359-6454(99)00430-9,Acta_Materialia,2000,hybrid,no_url,,https://doi.org/10.1016/s1359-6454(99)00430-9
10.1007/s42114-017-0002-5,Advanced_Composites_and_Hybrid_Materials,2017,bronze,robots_disallowed,https://link.springer.com/content/pdf/10.1007%2Fs42114-017-0002-5.pdf [robots_disallowed],https://doi.org/10.1007/s42114-017-0002-5 | https://www.ncbi.nlm.nih.gov/pmc/articles/5931404
10.1007/s42114-021-00245-w,Advanced_Composites_and_Hybrid_Materials,2021,green,no_url,,https://hdl.handle.net/20.500.12868/5619
10.1007/s42114-021-00332-y,Advanced_Composites_and_Hybrid_Materials,2021,hybrid,not_pdf,https://link.springer.com/content/pdf/10.1007/s42114-021-00332-y.pdf [robots_disallowed] | https://opus4.kobv.de/opus4-fau/files/22366/s42114-021-00332-y.pdf [not_pdf],https://doi.org/10.1007/s42114-021-00332-y | https://opus4.kobv.de/opus4-fau/files/22366/s42114-021-00332-y.pdf
10.1007/s42114-021-00386-y,Advanced_Composites_and_Hybrid_Materials,2021,green,no_url,,http://hdl.handle.net/10773/35808
10.1007/s42114-021-00397-9,Advanced_Composites_and_Hybrid_Materials,2021,hybrid,robots_disallowed,https://link.springer.com/content/pdf/10.1007/s42114-021-00397-9.pdf [robots_disallowed],http://publica.fraunhofer.de/documents/N-647409.html | https://doi.org/10.1007/s42114-021-00397-9
10.1007/s42114-021-00400-3,Advanced_Composites_and_Hybrid_Materials,2022,hybrid,robots_disallowed,https://link.springer.com/content/pdf/10.1007/s42114-021-00400-3.pdf [robots_disallowed],https://doi.org/10.1007/s42114-021-00400-3
10.1002/aenm.201100019,Advanced_Energy_Materials,2011,bronze,http_error,https://onlinelibrary.wiley.com/doi/pdfdirect/10.1002/aenm.201100019 [http_error 403],http://hdl.handle.net/10261/170460 | http://hdl.handle.net/10651/10076 | https://doi.org/10.1002/aenm.201100019
10.1016/s1359-6454(99)00358-4,Acta_Materialia,2000,green,no_url,,https://hal.science/hal-00111288
10.1016/s1359-6454(99)00408-5,Acta_Materialia,2000,green,no_url,,https://hal.science/hal-00111290
10.1002/aenm.201501354,Advanced_Energy_Materials,2015,green,no_url,,http://infoscience.epfl.ch/record/216442
10.1002/aenm.201501555,Advanced_Energy_Materials,2015,green,no_url,,https://doi.org/10.5445/ir/1000053111 | https://www.ncbi.nlm.nih.gov/pmc/articles/4845635
10.1002/aenm.201501835,Advanced_Energy_Materials,2016,bronze,http_error,https://onlinelibrary.wiley.com/doi/pdfdirect/10.1002/aenm.201501835 [http_error 403],https://doi.org/10.1002/aenm.201501835
10.1002/aenm.201501868,Advanced_Energy_Materials,2015,green,no_url,,http://infoscience.epfl.ch/record/221900
10.1002/aenm.201501914,Advanced_Energy_Materials,2015,bronze,http_error,https://onlinelibrary.wiley.com/doi/pdfdirect/10.1002/aenm.201501914 [http_error 403],https://doi.org/10.1002/aenm.201501914
10.1002/aenm.201500360,Advanced_Energy_Materials,2015,green,http_error,https://www.osti.gov/servlets/purl/1370978 [http_error 405],https://www.osti.gov/biblio/1370978
10.1002/aenm.201502409,Advanced_Energy_Materials,2016,bronze,http_error,https://onlinelibrary.wiley.com/doi/pdfdirect/10.1002/aenm.201502409 [http_error 403],https://doi.org/10.1002/aenm.201502409
10.1002/aenm.201502472,Advanced_Energy_Materials,2016,green,no_url,,http://infoscience.epfl.ch/record/221230 | https://doi.org/10.17863/cam.719
10.1002/aenm.201600330,Advanced_Energy_Materials,2016,green,no_url,,http://handle.unsw.edu.au/1959.4/unsworks_40246 | http://hdl.handle.net/1959.4/unsworks_40246
10.1002/aenm.201600464,Advanced_Energy_Materials,2016,bronze,http_error,https://onlinelibrary.wiley.com/doi/pdfdirect/10.1002/aenm.201600464 [http_error 403],https://doi.org/10.1002/aenm.201600464
10.1002/aenm.201600736,Advanced_Energy_Materials,2016,bronze,http_error,https://onlinelibrary.wiley.com/doi/pdfdirect/10.1002/aenm.201600736 [http_error 403],http://hdl.handle.net/11147/6002 | https://doi.org/10.1002/aenm.201600736
10.1002/aenm.201600767,Advanced_Energy_Materials,2016,green,no_url,,http://infoscience.epfl.ch/record/223463
10.1007/s42114-020-00164-2,Advanced_Composites_and_Hybrid_Materials,2020,bronze,robots_disallowed,https://link.springer.com/content/pdf/10.1007/s42114-020-00164-2.pdf [robots_disallowed],https://doi.org/10.1007/s42114-020-00164-2 | https://www.ncbi.nlm.nih.gov/pmc/articles/7321717
10.1007/s42114-020-00188-8,Advanced_Composites_and_Hybrid_Materials,2020,hybrid,robots_disallowed,https://link.springer.com/content/pdf/10.1007/s42114-020-00188-8.pdf [robots_disallowed],https://doi.org/10.1007/s42114-020-00188-8
10.1007/s42114-020-00194-w,Advanced_Composites_and_Hybrid_Materials,2021,bronze,robots_disallowed,https://link.springer.com/content/pdf/10.1007/s42114-020-00194-w.pdf [robots_disallowed],https://doi.org/10.1007/s42114-020-00194-w | https://www.ncbi.nlm.nih.gov/pmc/articles/7780920
10.1007/s42114-021-00211-6,Advanced_Composites_and_Hybrid_Materials,2021,green,no_url,,https://digitalcommons.lsu.edu/physics_astronomy_pubs/5816 | https://repository.lsu.edu/physics_astronomy_pubs/5816
10.1002/aenm.201601674,Advanced_Energy_Materials,2016,green,not_pdf,http://eprints.ucm.es/41604/1/Adv.%20Energy%20Mater_2016_preprint.pdf [not_pdf],http://eprints.ucm.es/41604/1/Adv.%20Energy%20Mater_2016_preprint.pdf | http://infoscience.epfl.ch/record/227707 | https://infoscience.epfl.ch/handle/20.500.14299/136810
10.1002/aenm.201700098,Advanced_Energy_Materials,2017,hybrid,http_error,https://onlinelibrary.wiley.com/doi/pdfdirect/10.1002/aenm.201700098 [http_error 403] | https://escholarship.org/content/qt2261c2zb/qt2261c2zb.pdf [http_error 403],https://doi.org/10.1002/aenm.201700098 | https://escholarship.org/uc/item/2261c2zb
10.1002/aenm.201700228,Advanced_Energy_Materials,2017,green,no_url,,https://figshare.com/articles/journal_contribution/Rubidium_multication_perovskite_with_optimized_bandgap_for_perovskite-silicon_tandem_with_over_26_efficiency/22983380 | https://stars.library.ucf.edu/scopus2015/4933
10.1002/aenm.201700418,Advanced_Energy_Materials,2017,green,http_error,https://escholarship.org/content/qt4v27d64x/qt4v27d64x.pdf?t=p7ook0 [http_error 403],https://escholarship.org/uc/item/4v27d64x
10.1002/aenm.201700488,Advanced_Energy_Materials,2017,bronze,http_error,https://www.onlinelibrary.wiley.com/doi/pdfdirect/10.1002/aenm.201700488 [http_error 403],https://doi.org/10.1002/aenm.201700488
10.1002/aenm.201701048,Advanced_Energy_Materials,2017,bronze,http_error,https://onlinelibrary.wiley.com/doi/pdfdirect/10.1002/aenm.201701048 [http_error 403],https://doi.org/10.1002/aenm.201701048 | https://research.rug.nl/en/publications/6c9d53e2-e204-42ca-a489-6b9dd02cf41f
10.1002/aenm.201701209,Advanced_Energy_Materials,2017,green,no_url,,http://infoscience.epfl.ch/record/260129
10.1002/aenm.201703496,Advanced_Energy_Materials,2018,green,http_error,http://ira.lib.polyu.edu.hk/bitstream/10397/100342/1/Huang_Bismuth_Microparticles_Advanced.pdf [http_error],http://hdl.handle.net/10397/100342
10.1002/aenm.201703506,Advanced_Energy_Materials,2018,green,no_url,,https://hdl.handle.net/10550/80657
10.1002/aenm.201800185,Advanced_Energy_Materials,2018,green,no_url,,http://urn.kb.se/resolve?urn=urn:nbn:se:liu:diva-152101
10.1002/aenm.201800794,Advanced_Energy_Materials,2018,bronze,http_error,https://onlinelibrary.wiley.com/doi/pdfdirect/10.1002/aenm.201800794 [http_error 403],https://doi.org/10.1002/aenm.201800794 | https://hdl.handle.net/1721.1/140760
10.1002/aenm.201703007,Advanced_Energy_Materials,2018,bronze,http_error,https://onlinelibrary.wiley.com/doi/pdfdirect/10.1002/aenm.201703007 [http_error 403],https://doi.org/10.1002/aenm.201703007
10.1002/aenm.201703246,Advanced_Energy_Materials,2018,bronze,http_error,https://onlinelibrary.wiley.com/doi/pdfdirect/10.1002/aenm.201703246 [http_error 403],https://doi.org/10.1002/aenm.201703246
10.1002/aenm.201703288,Advanced_Energy_Materials,2018,bronze,http_error,https://onlinelibrary.wiley.com/doi/pdfdirect/10.1002/aenm.201703288 [http_error 403],https://doi.org/10.1002/aenm.201703288
10.1002/aenm.201703290,Advanced_Energy_Materials,2018,bronze,http_error,https://onlinelibrary.wiley.com/doi/pdfdirect/10.1002/aenm.201703290 [http_error 403],http://hdl.handle.net/10278/3742839 | https://doi.org/10.1002/aenm.201703290
10.1002/aenm.201703392,Advanced_Energy_Materials,2018,green,no_url,,http://hdl.handle.net/1959.4/unsworks_54594
10.1002/aenm.201801084,Advanced_Energy_Materials,2018,hybrid,http_error,https://onlinelibrary.wiley.com/doi/pdfdirect/10.1002/aenm.201801084 [http_error 403],https://doi.org/10.1002/aenm.201801084
10.1002/aenm.201801202,Advanced_Energy_Materials,2018,bronze,http_error,https://onlinelibrary.wiley.com/doi/pdfdirect/10.1002/aenm.201801202 [http_error 403],https://doi.org/10.1002/aenm.201801202
10.1002/aenm.201801536,Advanced_Energy_Materials,2018,green,title_mismatch,https://www.osti.gov/servlets/purl/1529907 [title_mismatch],https://www.osti.gov/biblio/1529907
10.1002/aenm.201801839,Advanced_Energy_Materials,2018,green,http_error,https://escholarship.org/content/qt68j620w4/qt68j620w4.pdf?t=rix4da [http_error 403],https://escholarship.org/uc/item/68j620w4
10.1002/aenm.201200166,Advanced_Energy_Materials,2012,green,no_url,,http://ir.ipe.ac.cn/handle/122111/6305
10.1002/aenm.201802445,Advanced_Energy_Materials,2018,green,no_url,,http://ir.ipe.ac.cn/handle/122111/26683
10.1002/aenm.201802645,Advanced_Energy_Materials,2018,green,no_url,,http://hdl.handle.net/10072/387517
10.1002/aenm.201802646,Advanced_Energy_Materials,2018,green,no_url,,http://infoscience.epfl.ch/record/263419
10.1002/aenm.201100330,Advanced_Energy_Materials,2011,green,no_url,,http://nrs.harvard.edu/urn-3:HUL.InstRepos:5366599
10.1002/aenm.201400930,Advanced_Energy_Materials,2014,green,no_url,,http://ir.nimte.ac.cn/handle/174433/12635
10.1002/aenm.201401391,Advanced_Energy_Materials,2014,bronze,http_error,https://onlinelibrary.wiley.com/doi/pdfdirect/10.1002/aenm.201401391 [http_error 403] | https://hdl.handle.net/2027.42/110857 [http_error 403],https://doi.org/10.1002/aenm.201401391 | https://hdl.handle.net/2027.42/110857
10.1002/aenm.201401808,Advanced_Energy_Materials,2015,bronze,http_error,https://onlinelibrary.wiley.com/doi/pdfdirect/10.1002/aenm.201401808 [http_error 403],https://doi.org/10.1002/aenm.201401808 | https://research.tue.nl/en/publications/0ae7bf3f-5ec0-424e-99a3-6b8e61a44364 | https://research.tue.nl/nl/publications/0ae7bf3f-5ec0-424e-99a3-6b8e61a44364
10.1002/aenm.202101324,Advanced_Energy_Materials,2021,hybrid,http_error,https://onlinelibrary.wiley.com/doi/pdfdirect/10.1002/aenm.202101324 [http_error 403],http://hdl.handle.net/10278/3743111 | https://doi.org/10.1002/aenm.202101324 | https://hdl.handle.net/11585/878486
10.1002/aenm.202101460,Advanced_Energy_Materials,2021,hybrid,no_url,,https://doi.org/10.1002/aenm.202101460 | https://www.helmholtz-berlin.de/pubbin/oai_publication?VT=1ID=105220
10.1002/aenm.202101539,Advanced_Energy_Materials,2021,hybrid,no_url,,http://edoc.hu-berlin.de/18452/27845 | http://elib.uni-stuttgart.de/handle/11682/14865 | https://doi.org/10.1002/aenm.202101539 | https://doi.org/10.18419/opus-14846 | https://www.helmholtz-berlin.de/pubbin/oai_publication?VT=1ID=105148
10.1002/aenm.201301590,Advanced_Energy_Materials,2014,hybrid,http_error,https://onlinelibrary.wiley.com/doi/pdfdirect/10.1002/aenm.201301590 [http_error 403],https://doi.org/10.1002/aenm.201301590
10.1002/aenm.201400345,Advanced_Energy_Materials,2014,green,no_url,,http://infoscience.epfl.ch/record/204124
10.1002/aenm.201901322,Advanced_Energy_Materials,2019,hybrid,http_error,https://onlinelibrary.wiley.com/doi/pdfdirect/10.1002/aenm.201901322 [http_error 403] | https://tuprints.ulb.tu-darmstadt.de/13499/1/2019_Gottschall_AdvEnergyMater9_Making%20a%20Cool%20choice.pdf [http_error 403],https://doi.org/10.1002/aenm.201901322 | https://doi.org/10.25534/tuprints-00013499 | https://tuprints.ulb.tu-darmstadt.de/13499 | https://tuprints.ulb.tu-darmstadt.de/13499/1/2019_Gottschall_AdvEnergyMater9_Making%20a%20Cool%20choice.pdf
10.1002/aenm.201901519,Advanced_Energy_Materials,2019,bronze,http_error,https://onlinelibrary.wiley.com/doi/pdfdirect/10.1002/aenm.201901519 [http_error 403],https://doi.org/10.1002/aenm.201901519
10.1002/aenm.201901795,Advanced_Energy_Materials,2019,green,no_url,,https://figshare.com/articles/journal_contribution/Insight_of_a_Phase_Compatible_Surface_Coating_for_Long-Durable_Li-Rich_Layered_Oxide_Cathode/27785046
10.1002/aenm.202001320,Advanced_Energy_Materials,2020,hybrid,http_error,https://onlinelibrary.wiley.com/doi/pdfdirect/10.1002/aenm.202001320 [http_error 403],http://publica.fraunhofer.de/documents/N-597031.html | https://doi.org/10.1002/aenm.202001320
10.1002/aenm.202002260,Advanced_Energy_Materials,2020,hybrid,http_error,https://onlinelibrary.wiley.com/doi/pdfdirect/10.1002/aenm.202002260 [http_error 403],https://doi.org/10.1002/aenm.202002260
10.1002/aenm.202200077,Advanced_Energy_Materials,2022,hybrid,http_error,https://onlinelibrary.wiley.com/doi/pdfdirect/10.1002/aenm.202200077 [http_error 403],https://doi.org/10.1002/aenm.202200077
10.1002/aenm.202200208,Advanced_Energy_Materials,2022,hybrid,http_error,https://onlinelibrary.wiley.com/doi/pdfdirect/10.1002/aenm.202200208 [http_error 403],https://doi.org/10.1002/aenm.202200208 | https://research.manchester.ac.uk/en/publications/208ea1c0-9e7c-478e-9c42-2d2e9b4adfe1
10.1002/aenm.202201840,Advanced_Energy_Materials,2022,hybrid,http_error,https://onlinelibrary.wiley.com/doi/pdfdirect/10.1002/aenm.202201840 [http_error 403],https://doi.org/10.1002/aenm.202201840 | https://qmro.qmul.ac.uk/xmlui/handle/123456789/81930
10.1002/aenm.202202577,Advanced_Energy_Materials,2022,hybrid,http_error,https://onlinelibrary.wiley.com/doi/pdfdirect/10.1002/aenm.202202577 [http_error 403],https://doi.org/10.1002/aenm.202202577 | https://hdl.handle.net/2440/136512
10.1002/adfm.200290005,Advanced_Functional_Materials,2002,bronze,http_error,https://onlinelibrary.wiley.com/doi/pdfdirect/10.1002/adfm.200290005 [http_error 403],https://doi.org/10.1002/adfm.200290005
10.1002/aenm.201901980,Advanced_Energy_Materials,2019,hybrid,http_error,https://onlinelibrary.wiley.com/doi/pdfdirect/10.1002/aenm.201901980 [http_error 403],http://infoscience.epfl.ch/record/270359 | https://doi.org/10.1002/aenm.201901980
10.1002/aenm.201902445,Advanced_Energy_Materials,2019,hybrid,http_error,https://onlinelibrary.wiley.com/doi/pdfdirect/10.1002/aenm.201902445 [http_error 403],https://doi.org/10.1002/aenm.201902445 | https://doi.org/10.5445/ir/1000098904 | https://publikationen.bibliothek.kit.edu/1000098904
10.1002/aenm.201902568,Advanced_Energy_Materials,2019,hybrid,http_error,https://onlinelibrary.wiley.com/doi/pdfdirect/10.1002/aenm.201902568 [http_error 403],https://doi.org/10.1002/aenm.201902568
10.1002/aenm.201902698,Advanced_Energy_Materials,2019,hybrid,http_error,https://onlinelibrary.wiley.com/doi/pdfdirect/10.1002/aenm.201902698 [http_error 403],https://doi.org/10.1002/aenm.201902698
10.1002/aenm.201903184,Advanced_Energy_Materials,2019,hybrid,http_error,https://onlinelibrary.wiley.com/doi/pdfdirect/10.1002/aenm.201903184 [http_error 403],https://doi.org/10.1002/aenm.201903184 | https://doi.org/10.5445/ir/1000105473 | https://publikationen.bibliothek.kit.edu/1000105473
10.1002/aenm.201701475,Advanced_Energy_Materials,2017,bronze,http_error,https://onlinelibrary.wiley.com/doi/pdfdirect/10.1002/aenm.201701475 [http_error 403],https://doi.org/10.1002/aenm.201701475
10.1002/aenm.201701642,Advanced_Energy_Materials,2017,green,no_url,,https://stars.library.ucf.edu/scopus2015/8309
10.1002/aenm.201701686,Advanced_Energy_Materials,2017,bronze,http_error,https://onlinelibrary.wiley.com/doi/pdfdirect/10.1002/aenm.201701686 [http_error 403],https://doi.org/10.1002/aenm.201701686
10.1002/aenm.201702019,Advanced_Energy_Materials,2017,hybrid,http_error,https://onlinelibrary.wiley.com/doi/pdfdirect/10.1002/aenm.201702019 [http_error 403],https://doi.org/10.1002/aenm.201702019 | https://research.rug.nl/en/publications/b6d10403-f501-4524-b412-1d6492706275
10.1002/aenm.201702485,Advanced_Energy_Materials,2018,green,no_url,,http://ir.ipe.ac.cn/handle/122111/26685
10.1002/aenm.201601847,Advanced_Energy_Materials,2016,green,no_url,,http://tud.qucosa.de/id/qucosa%3A30973
10.1002/aenm.201602251,Advanced_Energy_Materials,2017,green,no_url,,https://zenodo.org/record/3446571
10.1002/adfm.200390033,Advanced_Functional_Materials,2003,green,no_url,,http://infoscience.epfl.ch/record/64517
10.1002/adfm.200400001,Advanced_Functional_Materials,2005,bronze,http_error,https://onlinelibrary.wiley.com/doi/pdfdirect/10.1002/adfm.200400001 [http_error 403],https://doi.org/10.1002/adfm.200400001
10.1002/adfm.200400077,Advanced_Functional_Materials,2005,bronze,http_error,https://onlinelibrary.wiley.com/doi/pdfdirect/10.1002/adfm.200400077 [http_error 403],https://doi.org/10.1002/adfm.200400077
10.1002/adfm.200400186,Advanced_Functional_Materials,2005,bronze,http_error,https://onlinelibrary.wiley.com/doi/pdfdirect/10.1002/adfm.200400186 [http_error 403],https://doi.org/10.1002/adfm.200400186
10.1002/adfm.200500243,Advanced_Functional_Materials,2005,bronze,http_error,https://onlinelibrary.wiley.com/doi/pdfdirect/10.1002/adfm.200500243 [http_error 403],https://doi.org/10.1002/adfm.200500243
10.1002/aenm.201803287,Advanced_Energy_Materials,2018,green,no_url,,http://infoscience.epfl.ch/record/267447
10.1002/aenm.201803587,Advanced_Energy_Materials,2019,bronze,http_error,https://onlinelibrary.wiley.com/doi/pdfdirect/10.1002/aenm.201803587 [http_error 403],https://doi.org/10.1002/aenm.201803587 | https://hdl.handle.net/1721.1/140944 | https://hdl.handle.net/1721.1/140944.2
10.1002/aenm.201803935,Advanced_Energy_Materials,2019,green,no_url,,http://hdl.handle.net/10072/388083
10.1002/aenm.201900237,Advanced_Energy_Materials,2019,bronze,http_error,https://onlinelibrary.wiley.com/doi/pdfdirect/10.1002/aenm.201900237 [http_error 403],https://doi.org/10.1002/aenm.201900237
10.1002/adfm.200500662,Advanced_Functional_Materials,2006,bronze,http_error,https://onlinelibrary.wiley.com/doi/pdfdirect/10.1002/adfm.200500662 [http_error 403],https://doi.org/10.1002/adfm.200500662
10.1002/adfm.200500700,Advanced_Functional_Materials,2006,bronze,http_error,https://onlinelibrary.wiley.com/doi/pdfdirect/10.1002/adfm.200500700 [http_error 403],https://doi.org/10.1002/adfm.200500700
10.1002/adfm.200600179,Advanced_Functional_Materials,2007,green,no_url,,http://hdl.handle.net/20.500.12210/47085
10.1002/adfm.200600255,Advanced_Functional_Materials,2006,green,no_url,,https://hdl.handle.net/11475/2891
10.1002/adfm.200500893,Advanced_Functional_Materials,2006,bronze,http_error,https://onlinelibrary.wiley.com/doi/pdfdirect/10.1002/adfm.200500893 [http_error 403],https://doi.org/10.1002/adfm.200500893
10.1002/adfm.200500897,Advanced_Functional_Materials,2006,green,no_url,,http://ir.ipe.ac.cn/handle/122111/4037
10.1002/adfm.200500911,Advanced_Functional_Materials,2006,bronze,http_error,https://onlinelibrary.wiley.com/doi/pdfdirect/10.1002/adfm.200500911 [http_error 403],https://doi.org/10.1002/adfm.200500911
10.1002/aenm.202003336,Advanced_Energy_Materials,2020,green,http_error,https://hdl.handle.net/2027.42/166373 [http_error 403],https://hdl.handle.net/2027.42/166373
10.1002/aenm.202003460,Advanced_Energy_Materials,2021,hybrid,http_error,https://onlinelibrary.wiley.com/doi/pdfdirect/10.1002/aenm.202003460 [http_error 403],https://doi.org/10.1002/aenm.202003460
10.1002/aenm.202003738,Advanced_Energy_Materials,2021,hybrid,http_error,https://onlinelibrary.wiley.com/doi/pdfdirect/10.1002/aenm.202003738 [http_error 403],https://doi.org/10.1002/aenm.202003738
10.1002/aenm.202100432,Advanced_Energy_Materials,2021,green,no_url,,http://hdl.handle.net/2117/352772 | https://ddd.uab.cat/record/271937
10.1002/aenm.202100729,Advanced_Energy_Materials,2021,green,no_url,,http://ir.ipe.ac.cn/handle/122111/48670
10.1002/adfm.200601142,Advanced_Functional_Materials,2007,green,no_url,,http://hdl.handle.net/11858/00-001M-0000-0010-FFD7-8
10.1002/adfm.200601146,Advanced_Functional_Materials,2007,green,no_url,,http://ir.ipe.ac.cn/handle/122111/3514
10.1002/adfm.200601190,Advanced_Functional_Materials,2007,green,no_url,,http://hdl.handle.net/10261/7921
10.1002/aenm.201903553,Advanced_Energy_Materials,2020,bronze,http_error,https://onlinelibrary.wiley.com/doi/pdfdirect/10.1002/aenm.201903553 [http_error 403],https://doi.org/10.1002/aenm.201903553
10.1002/aenm.201903881,Advanced_Energy_Materials,2020,green,http_error,https://escholarship.org/content/qt6tx689qc/qt6tx689qc.pdf [http_error 403],https://escholarship.org/uc/item/6tx689qc
10.1002/aenm.202000173,Advanced_Energy_Materials,2020,green,no_url,,http://infoscience.epfl.ch/record/286213
10.1002/aenm.202000651,Advanced_Energy_Materials,2020,hybrid,http_error,https://onlinelibrary.wiley.com/doi/pdfdirect/10.1002/aenm.202000651 [http_error 403],https://doi.org/10.1002/aenm.202000651
10.1002/adfm.200700482,Advanced_Functional_Materials,2008,green,no_url,,https://ir.ymlib.yonsei.ac.kr/handle/22282913/108100
10.1002/adfm.200400248,Advanced_Functional_Materials,2004,green,no_url,,http://usir.salford.ac.uk/id/eprint/333/
10.1002/adfm.200400284,Advanced_Functional_Materials,2005,green,no_url,,https://research.utwente.nl/en/publications/7d64c6dd-5274-4528-bea6-4e598079a9f5
10.1002/adfm.200400380,Advanced_Functional_Materials,2005,bronze,http_error,https://onlinelibrary.wiley.com/doi/pdfdirect/10.1002/adfm.200400380 [http_error 403],https://doi.org/10.1002/adfm.200400380
10.1002/adfm.200700638,Advanced_Functional_Materials,2007,bronze,http_error,https://onlinelibrary.wiley.com/doi/pdfdirect/10.1002/adfm.200700638 [http_error 403],https://doi.org/10.1002/adfm.200700638
10.1002/adfm.200500524,Advanced_Functional_Materials,2006,bronze,http_error,https://onlinelibrary.wiley.com/doi/pdfdirect/10.1002/adfm.200500524 [http_error 403],http://infoscience.epfl.ch/record/89628 | https://doi.org/10.1002/adfm.200500524 | https://hdl.handle.net/11475/11963 | https://infoscience.epfl.ch/handle/20.500.14299/234071
10.1002/adfm.200800244,Advanced_Functional_Materials,2008,green,no_url,,https://www.openaccessrepository.it/record/74520
10.1002/adfm.200701041,Advanced_Functional_Materials,2008,green,no_url,,http://infoscience.epfl.ch/record/128252
10.1002/adfm.200701068,Advanced_Functional_Materials,2008,bronze,http_error,https://onlinelibrary.wiley.com/doi/pdfdirect/10.1002/adfm.200701068 [http_error 403],https://bib-pubdb1.desy.de/record/85346 | https://doi.org/10.1002/adfm.200701068
10.1002/adfm.200600722,Advanced_Functional_Materials,2007,bronze,http_error,https://onlinelibrary.wiley.com/doi/pdfdirect/10.1002/adfm.200600722 [http_error 403],https://doi.org/10.1002/adfm.200600722
10.1002/adfm.200600783,Advanced_Functional_Materials,2007,bronze,http_error,https://onlinelibrary.wiley.com/doi/pdfdirect/10.1002/adfm.200600783 [http_error 403],https://doi.org/10.1002/adfm.200600783
10.1002/adfm.200600866,Advanced_Functional_Materials,2007,bronze,http_error,https://onlinelibrary.wiley.com/doi/pdfdirect/10.1002/adfm.200600866 [http_error 403],https://doi.org/10.1002/adfm.200600866
10.1002/adfm.200600877,Advanced_Functional_Materials,2007,bronze,http_error,https://onlinelibrary.wiley.com/doi/pdfdirect/10.1002/adfm.200600877 [http_error 403],https://doi.org/10.1002/adfm.200600877
10.1002/adfm.200800726,Advanced_Functional_Materials,2008,green,no_url,,http://hdl.handle.net/11858/00-001M-0000-0010-FE99-D
10.1002/adfm.200700098,Advanced_Functional_Materials,2007,green,no_url,,http://infoscience.epfl.ch/record/111553
10.1002/adfm.200700110,Advanced_Functional_Materials,2007,green,no_url,,http://infoscience.epfl.ch/record/134915
10.1002/adfm.200700210,Advanced_Functional_Materials,2007,green,no_url,,https://figshare.com/articles/journal_contribution/Arbitrarily_shaped_fiber_assemblies_from_spun_carbon_nanotube_gel_fibers/20921611
10.1002/adfm.200700289,Advanced_Functional_Materials,2007,bronze,http_error,https://onlinelibrary.wiley.com/doi/pdfdirect/10.1002/adfm.200700289 [http_error 403],https://doi.org/10.1002/adfm.200700289
10.1002/adfm.200801173,Advanced_Functional_Materials,2009,green,no_url,,https://figshare.com/articles/journal_contribution/Photosensitization_of_TiO2_nanostructures_with_CdS_quantum_dots_Particulate_versus_tubular_support_architectures/27620991
10.1002/adfm.200801215,Advanced_Functional_Materials,2008,green,no_url,,https://www.ncbi.nlm.nih.gov/pmc/articles/2746078
10.1002/adfm.200801421,Advanced_Functional_Materials,2009,green,no_url,,http://infoscience.epfl.ch/record/159697 | https://infoscience.epfl.ch/handle/20.500.14299/60098
10.1002/adfm.200801473,Advanced_Functional_Materials,2009,green,http_error,https://hdl.handle.net/2027.42/61888 [http_error 403],https://hdl.handle.net/2027.42/61888
10.1002/adfm.200900028,Advanced_Functional_Materials,2009,green,no_url,,https://kit.repo.nii.ac.jp/records/2000009
10.1002/adfm.200900307,Advanced_Functional_Materials,2009,green,no_url,,https://www.ncbi.nlm.nih.gov/pmc/articles/2863321
10.1002/adfm.200901353,Advanced_Functional_Materials,2009,green,no_url,,https://research.tue.nl/en/publications/b7e18d07-4c8b-4f05-88a8-155848f4f3cd | https://research.tue.nl/nl/publications/b7e18d07-4c8b-4f05-88a8-155848f4f3cd
10.1002/adfm.200900782,Advanced_Functional_Materials,2009,green,no_url,,http://hdl.handle.net/1721.1/53247
10.1002/adfm.200901172,Advanced_Functional_Materials,2009,green,no_url,,https://www.ncbi.nlm.nih.gov/pmc/articles/2830720
10.1002/adfm.200902396,Advanced_Functional_Materials,2010,green,no_url,,http://infoscience.epfl.ch/record/151649 | https://infoscience.epfl.ch/handle/20.500.14299/53651
10.1002/adfm.201000146,Advanced_Functional_Materials,2010,green,no_url,,https://www.ncbi.nlm.nih.gov/pmc/articles/3115706
10.1002/adfm.201000219,Advanced_Functional_Materials,2010,green,no_url,,http://hdl.handle.net/2066/83578
10.1002/adfm.201000249,Advanced_Functional_Materials,2010,bronze,http_error,https://onlinelibrary.wiley.com/doi/pdfdirect/10.1002/adfm.201000249 [http_error 403],https://doi.org/10.1002/adfm.201000249
10.1002/adfm.200701516,Advanced_Functional_Materials,2008,green,http_error,https://hdl.handle.net/2027.42/61240 [http_error 403],https://hdl.handle.net/2027.42/61240
10.1002/adfm.201000573,Advanced_Functional_Materials,2010,bronze,http_error,https://onlinelibrary.wiley.com/doi/pdfdirect/10.1002/adfm.201000573 [http_error 403],http://hdl.handle.net/2066/91836 | https://doi.org/10.1002/adfm.201000573
10.1002/adfm.201000659,Advanced_Functional_Materials,2010,green,no_url,,https://www.ncbi.nlm.nih.gov/pmc/articles/3120224
10.1002/adfm.201000846,Advanced_Functional_Materials,2010,green,not_pdf,http://deepblue.lib.umich.edu/bitstream/2027.42/78050/1/3136_ftp.pdf [not_pdf],http://hdl.handle.net/2027.42/78050
10.1002/adfm.201002030,Advanced_Functional_Materials,2011,green,no_url,,https://www.ncbi.nlm.nih.gov/pmc/articles/3085453
10.1002/adfm.201002251,Advanced_Functional_Materials,2011,green,no_url,,https://www.ncbi.nlm.nih.gov/pmc/articles/3177702
10.1002/adfm.201100258,Advanced_Functional_Materials,2011,gold,no_url,,https://ibn.idsi.md/vizualizare_articol/183791
10.1002/adfm.201100291,Advanced_Functional_Materials,2011,green,no_url,,http://hdl.handle.net/10261/134461
10.1002/adfm.200902114,Advanced_Functional_Materials,2010,green,no_url,,https://ruj.uj.edu.pl/xmlui/handle/item/72223
10.1002/adfm.200900390,Advanced_Functional_Materials,2009,green,no_url,,http://infoscience.epfl.ch/record/142915
10.1002/adfm.200900752,Advanced_Functional_Materials,2009,green,no_url,,http://hdl.handle.net/10278/29946
10.1002/adfm.200801049,Advanced_Functional_Materials,2009,green,no_url,,http://infoscience.epfl.ch/record/142922
10.1002/adfm.200801067,Advanced_Functional_Materials,2009,green,http_error,https://oatao.univ-toulouse.fr/3981/1/Saint_Macary_3981.pdf [http_error],https://hal.science/hal-00383348 | https://hal.science/hal-03565080 | https://oatao.univ-toulouse.fr/3981/1/Saint_Macary_3981.pdf
10.1002/adfm.200801107,Advanced_Functional_Materials,2009,green,no_url,,http://americanae.aecid.es/americanae/es/registros/registro.do?tipoRegistro=MTD&idBib=3272558 | http://americanae.aecid.es/americanae/es/registros/registro.do?tipoRegistro=MTD&idBib=3272569 | http://americanae.aecid.es/americanae/es/registros/registro.do?tipoRegistro=MTD&idBib=3272580 | http://americanae.aecid.es/americanae/es/registros/registro.do?tipoRegistro=MTD&idBib=3272591 | http://americanae.aecid.es/americanae/es/registros/registro.do?tipoRegistro=MTD&idBib=3272602 | http://hdl.handle.net/10533/126873 | http://hdl.handle.net/10533/126884 | http://hdl.handle.net/10533/126895 | http://hdl.handle.net/10533/126906 | http://hdl.handle.net/10533/126917 | https://repositorio.uchile.cl/handle/2250/153837
10.1002/adfm.201100448,Advanced_Functional_Materials,2011,bronze,http_error,https://onlinelibrary.wiley.com/doi/pdfdirect/10.1002/adfm.201100448 [http_error 403],https://doi.org/10.1002/adfm.201100448
10.1002/adfm.201100593,Advanced_Functional_Materials,2011,green,no_url,,http://urn.kb.se/resolve?urn=urn:nbn:se:liu:diva-71385
10.1002/adfm.201101163,Advanced_Functional_Materials,2011,green,no_url,,https://www.ncbi.nlm.nih.gov/pmc/articles/4547390
10.1002/adfm.201101278,Advanced_Functional_Materials,2011,bronze,http_error,https://onlinelibrary.wiley.com/doi/pdfdirect/10.1002/adfm.201101278 [http_error 403],https://doi.org/10.1002/adfm.201101278
10.1002/adfm.201101662,Advanced_Functional_Materials,2012,green,no_url,,https://www.ncbi.nlm.nih.gov/pmc/articles/3422083
10.1002/adfm.201101687,Advanced_Functional_Materials,2011,bronze,http_error,https://onlinelibrary.wiley.com/doi/pdfdirect/10.1002/adfm.201101687 [http_error 403],https://doi.org/10.1002/adfm.201101687 | https://www.ncbi.nlm.nih.gov/pmc/articles/3606904
10.1002/adfm.201101866,Advanced_Functional_Materials,2011,green,no_url,,http://hdl.handle.net/10261/134448
10.1002/adfm.201101915,Advanced_Functional_Materials,2012,bronze,http_error,https://onlinelibrary.wiley.com/doi/pdfdirect/10.1002/adfm.201101915 [http_error 403],https://doi.org/10.1002/adfm.201101915
10.1002/adfm.201102020,Advanced_Functional_Materials,2011,green,no_url,,https://durham-repository.worktribe.com/output/1520846
10.1002/adfm.201000969,Advanced_Functional_Materials,2010,green,no_url,,https://www.ncbi.nlm.nih.gov/pmc/articles/3564668
10.1002/adfm.201000993,Advanced_Functional_Materials,2010,green,no_url,,https://www.ncbi.nlm.nih.gov/pmc/articles/3111928
10.1002/adfm.201102582,Advanced_Functional_Materials,2011,green,no_url,,https://www.ncbi.nlm.nih.gov/pmc/articles/6924621
10.1002/adfm.201102597,Advanced_Functional_Materials,2012,green,no_url,,https://digitalcommons.uri.edu/chm_facpubs/231 | https://digitalcommons.uri.edu/chm_facpubs/614
10.1002/adfm.201000360,Advanced_Functional_Materials,2010,green,no_url,,https://www.ncbi.nlm.nih.gov/pmc/articles/2971684
10.1002/adfm.201000390,Advanced_Functional_Materials,2010,green,no_url,,https://www.ncbi.nlm.nih.gov/pmc/articles/3179905
10.1002/adfm.201002429,Advanced_Functional_Materials,2011,green,no_url,,https://www.ncbi.nlm.nih.gov/pmc/articles/3163387
10.1002/adfm.201002477,Advanced_Functional_Materials,2011,green,no_url,,https://figshare.com/articles/journal_contribution/Nanostructured_Tungsten_Oxide_-_Properties_Synthesis_and_Applications/27439077
10.1002/adfm.201002486,Advanced_Functional_Materials,2011,bronze,http_error,https://onlinelibrary.wiley.com/doi/pdfdirect/10.1002/adfm.201002486 [http_error 403],http://hdl.handle.net/11336/189107 | https://doi.org/10.1002/adfm.201002486
10.1002/adfm.201001505,Advanced_Functional_Materials,2011,green,no_url,,https://research.rug.nl/en/publications/b7f54788-1d7c-4620-a227-1820033df755
10.1002/adfm.201001556,Advanced_Functional_Materials,2011,green,no_url,,https://www.ncbi.nlm.nih.gov/pmc/articles/3109509
10.1002/adfm.201001622,Advanced_Functional_Materials,2010,green,no_url,,https://digitalcollection.zhaw.ch/handle/11475/9277
10.1002/adfm.201200299,Advanced_Functional_Materials,2012,bronze,http_error,https://onlinelibrary.wiley.com/doi/pdfdirect/10.1002/adfm.201200299 [http_error 403],http://infoscience.epfl.ch/record/177354 | https://doi.org/10.1002/adfm.201200299 | https://infoscience.epfl.ch/handle/20.500.14299/80729
10.1002/adfm.201202663,Advanced_Functional_Materials,2012,green,no_url,,http://hdl.handle.net/2117/19719
10.1002/adfm.201200678,Advanced_Functional_Materials,2012,bronze,http_error,https://onlinelibrary.wiley.com/doi/pdfdirect/10.1002/adfm.201200678 [http_error 403],https://doi.org/10.1002/adfm.201200678
10.1002/adfm.201201138,Advanced_Functional_Materials,2012,green,no_url,,http://hdl.handle.net/2078/126937
10.1002/adfm.201201777,Advanced_Functional_Materials,2012,green,no_url,,http://infoscience.epfl.ch/record/185661
10.1002/adfm.201102290,Advanced_Functional_Materials,2011,green,no_url,,https://www.ncbi.nlm.nih.gov/pmc/articles/3788117
10.1002/adfm.201102373,Advanced_Functional_Materials,2012,green,no_url,,https://figshare.com/articles/journal_contribution/A_single_component_conducting_polymer_hydrogel_as_a_scaffold_for_tissue_engineering/27791898
10.1002/adfm.201102393,Advanced_Functional_Materials,2011,bronze,http_error,https://onlinelibrary.wiley.com/doi/pdfdirect/10.1002/adfm.201102393 [http_error 403],https://doi.org/10.1002/adfm.201102393
10.1002/adfm.201203822,Advanced_Functional_Materials,2013,bronze,http_error,https://onlinelibrary.wiley.com/doi/pdfdirect/10.1002/adfm.201203822 [http_error 403],https://doi.org/10.1002/adfm.201203822 | https://zenodo.org/record/845640
10.1002/adfm.201300340,Advanced_Functional_Materials,2013,green,no_url,,http://hdl.handle.net/20.500.11850/79250 | https://doi.org/10.3929/ethz-c-000079250
10.1002/adfm.201301044,Advanced_Functional_Materials,2013,green,no_url,,https://figshare.com/articles/journal_contribution/Colorimetric_sensor_based_on_self-assembled_polydiacetylene_graphene-_stacked_composite_film_for_vapor-phase_volatile_organic_compounds/20758459
10.1002/adfm.201301106,Advanced_Functional_Materials,2013,green,no_url,,http://infoscience.epfl.ch/record/198554 | https://zenodo.org/record/3408886
10.1002/adfm.201301120,Advanced_Functional_Materials,2013,green,no_url,,https://idus.us.es/handle/11441/30872
10.1002/adfm.201301290,Advanced_Functional_Materials,2013,green,not_pdf,http://deepblue.lib.umich.edu/bitstream/2027.42/106075/2/adfm201301290.pdf [not_pdf],http://hdl.handle.net/2027.42/106075
10.1002/adfm.201301541,Advanced_Functional_Materials,2013,green,http_error,https://e-space.mmu.ac.uk/607438/2/Adv%20Funct%20Mater.pdf [http_error 202],https://e-space.mmu.ac.uk/607438/2/Adv%20Funct%20Mater.pdf
10.1002/adfm.201301711,Advanced_Functional_Materials,2013,green,no_url,,https://hal.science/hal-04445169
10.1002/adfm.201301732,Advanced_Functional_Materials,2013,green,title_mismatch,https://arxiv.org/pdf/1205.1337 [title_mismatch],http://arxiv.org/abs/1205.1337 | https://hal.science/hal-00880874
10.1002/adfm.201303492,Advanced_Functional_Materials,2014,hybrid,http_error,https://onlinelibrary.wiley.com/doi/pdfdirect/10.1002/adfm.201303492 [http_error 403],https://doi.org/10.1002/adfm.201303492 | https://opus.bibliothek.uni-augsburg.de/opus4/frontdoor/index/index/docId/95982 | https://www.ncbi.nlm.nih.gov/pmc/articles/4379905
10.1002/adfm.201303707,Advanced_Functional_Materials,2014,green,no_url,,https://www.ncbi.nlm.nih.gov/pmc/articles/4220452
10.1002/adfm.201303716,Advanced_Functional_Materials,2014,hybrid,http_error,https://onlinelibrary.wiley.com/doi/pdfdirect/10.1002/adfm.201303716 [http_error 403],https://doi.org/10.1002/adfm.201303716
10.1002/adfm.201303829,Advanced_Functional_Materials,2014,bronze,http_error,https://onlinelibrary.wiley.com/doi/pdfdirect/10.1002/adfm.201303829 [http_error 403],https://doi.org/10.1002/adfm.201303829
10.1002/adfm.201202433,Advanced_Functional_Materials,2012,green,no_url,,https://orcid.org/0000-0002-7958-8980 | https://www.ncbi.nlm.nih.gov/pmc/articles/3646576
10.1002/adfm.201304022,Advanced_Functional_Materials,2014,green,no_url,,http://infoscience.epfl.ch/record/201383 | https://infoscience.epfl.ch/handle/20.500.14299/106497
10.1002/adfm.201304064,Advanced_Functional_Materials,2014,green,no_url,,https://figshare.com/articles/journal_contribution/Liquid_metal_metal_oxide_frameworks/27464958
10.1002/adfm.201304202,Advanced_Functional_Materials,2014,green,no_url,,http://ir.lzu.edu.cn/handle/262010/122117
10.1002/adfm.201304230,Advanced_Functional_Materials,2014,green,no_url,,http://hdl.handle.net/2117/24118 | https://hdl.handle.net/2117/24118
10.1002/adfm.201201871,Advanced_Functional_Materials,2012,bronze,http_error,https://onlinelibrary.wiley.com/doi/pdfdirect/10.1002/adfm.201201871 [http_error 403] | https://digital.csic.es/bitstream/10261/345543/1/Adv%20Funct%20Materials%20-%202012%20-%20Vallejos%20-%20Single%e2%80%90Step%20Deposition%20of%20Au%e2%80%90%20and%20Pt%e2%80%90Nanoparticle%e2%80%90Functionalized%20Tungsten%20Oxide.pdf [http_error],http://hdl.handle.net/10261/345543 | https://doi.org/10.1002/adfm.201201871
10.1002/adfm.201201920,Advanced_Functional_Materials,2013,green,no_url,,https://zenodo.org/record/3408882
10.1002/adfm.201400851,Advanced_Functional_Materials,2014,bronze,http_error,https://onlinelibrary.wiley.com/doi/pdfdirect/10.1002/adfm.201400851 [http_error 403] | https://hdl.handle.net/2027.42/108652 [http_error 403],https://doi.org/10.1002/adfm.201400851 | https://hdl.handle.net/2027.42/108652
10.1002/adfm.201400984,Advanced_Functional_Materials,2014,green,no_url,,http://urn.kb.se/resolve?urn=urn:nbn:se:kth:diva-157597
10.1002/adfm.201400503,Advanced_Functional_Materials,2014,bronze,http_error,https://onlinelibrary.wiley.com/doi/pdfdirect/10.1002/adfm.201400503 [http_error 403],http://hdl.handle.net/1822/29330 | https://doi.org/10.1002/adfm.201400503 | https://hdl.handle.net/1822/29330
10.1002/adfm.201400653,Advanced_Functional_Materials,2014,green,no_url,,https://www.ncbi.nlm.nih.gov/pmc/articles/4497786
10.1002/adfm.201300400,Advanced_Functional_Materials,2013,bronze,http_error,https://onlinelibrary.wiley.com/doi/pdfdirect/10.1002/adfm.201300400 [http_error 403],https://doi.org/10.1002/adfm.201300400
10.1002/adfm.201300765,Advanced_Functional_Materials,2013,green,no_url,,https://figshare.com/articles/journal_contribution/Scalable_one-step_wet-spinning_of_graphene_fibers_and_yarns_from_liquid_crystalline_dispersions_of_graphene_oxide_Towards_multifunctional_textiles/27500841 | https://figshare.com/articles/journal_contribution/Scalable_one-step_wet-spinning_of_graphene_fibers_and_yarns_from_liquid_crystalline_dispersions_of_graphene_oxide_towards_multifunctional_textiles/27784962
10.1002/adfm.201402167,Advanced_Functional_Materials,2014,green,no_url,,https://figshare.com/articles/journal_contribution/Achieving_outstanding_mechanical_performance_in_reinforced_elastomeric_composite_fibers_using_large_sheets_of_graphene_oxide/27500496
10.1002/adfm.201402547,Advanced_Functional_Materials,2014,green,no_url,,https://figshare.com/articles/journal_contribution/Insulator-conductor_type_transitions_in_graphene-modified_silver_nanowire_networks_a_route_to_inexpensive_transparent_conductors/23453513
10.1002/adfm.201402618,Advanced_Functional_Materials,2014,green,no_url,,https://www.ncbi.nlm.nih.gov/pmc/articles/4459759
10.1002/adfm.201401638,Advanced_Functional_Materials,2014,green,no_url,,http://hdl.handle.net/10261/137682
10.1002/adfm.201402742,Advanced_Functional_Materials,2014,green,no_url,,http://infoscience.epfl.ch/record/205456 | https://infoscience.epfl.ch/handle/20.500.14299/111394
10.1002/adfm.201402963,Advanced_Functional_Materials,2015,green,no_url,,http://infoscience.epfl.ch/record/204970
10.1002/adfm.201403119,Advanced_Functional_Materials,2014,green,no_url,,http://ir.ipe.ac.cn/handle/122111/11889
10.1002/adfm.201302070,Advanced_Functional_Materials,2013,green,no_url,,http://urn.kb.se/resolve?urn=urn:nbn:se:liu:diva-109203
10.1002/adfm.201302238,Advanced_Functional_Materials,2013,bronze,http_error,https://onlinelibrary.wiley.com/doi/pdfdirect/10.1002/adfm.201302238 [http_error 403],http://infoscience.epfl.ch/record/197929 | https://doi.org/10.1002/adfm.201302238
10.1002/adfm.201303196,Advanced_Functional_Materials,2013,green,no_url,,https://www.ncbi.nlm.nih.gov/pmc/articles/4224295
10.1002/adfm.201404053,Advanced_Functional_Materials,2015,green,no_url,,https://www.ncbi.nlm.nih.gov/pmc/articles/4724432
10.1002/adfm.201404091,Advanced_Functional_Materials,2015,green,not_pdf,http://hdl.handle.net/11343/54981 [not_pdf],https://hdl.handle.net/11343/54981
10.1002/adfm.201404235,Advanced_Functional_Materials,2015,green,no_url,,http://infoscience.epfl.ch/record/212263 | https://infoscience.epfl.ch/handle/20.500.14299/119006
10.1002/adfm.201500110,Advanced_Functional_Materials,2015,green,no_url,,https://figshare.com/articles/journal_contribution/Soft_Flexible_Freestanding_Neural_Stimulation_and_Recording_Electrodes_Fabricated_from_Reduced_Graphene_Oxide/27533124 | https://figshare.com/articles/journal_contribution/Soft_flexible_freestanding_neural_stimulation_and_recording_electrodes_fabricated_from_reduced_graphene_oxide/27791853
10.1002/adfm.201500351,Advanced_Functional_Materials,2015,green,no_url,,http://urn.kb.se/resolve?urn=urn:nbn:se:liu:diva-120449
10.1002/adfm.201500400,Advanced_Functional_Materials,2015,bronze,http_error,https://onlinelibrary.wiley.com/doi/pdfdirect/10.1002/adfm.201500400 [http_error 403] | http://hdl.handle.net/2262/89861 [http_error 403],http://hdl.handle.net/2262/89861 | https://doi.org/10.1002/adfm.201500400
10.1002/adfm.201302475,Advanced_Functional_Materials,2013,green,no_url,,https://archive-ouverte.unige.ch/unige:34030
10.1002/adfm.201302836,Advanced_Functional_Materials,2014,hybrid,http_error,https://onlinelibrary.wiley.com/doi/pdfdirect/10.1002/adfm.201302836 [http_error 403],http://hdl.handle.net/11311/762073 | https://doi.org/10.1002/adfm.201302836 | https://www.ncbi.nlm.nih.gov/pmc/articles/4376200
10.1002/adfm.201302859,Advanced_Functional_Materials,2014,green,no_url,,https://www.ncbi.nlm.nih.gov/pmc/articles/4204399
10.1002/adfm.201302920,Advanced_Functional_Materials,2013,green,no_url,,https://www.ncbi.nlm.nih.gov/pmc/articles/4249694
10.1002/adfm.201502265,Advanced_Functional_Materials,2015,bronze,http_error,https://onlinelibrary.wiley.com/doi/pdfdirect/10.1002/adfm.201502265 [http_error 403],https://doi.org/10.1002/adfm.201502265
10.1002/adfm.201502479,Advanced_Functional_Materials,2015,green,no_url,,https://stars.library.ucf.edu/scopus2015/1059
10.1002/adfm.201500851,Advanced_Functional_Materials,2015,bronze,http_error,https://onlinelibrary.wiley.com/doi/pdfdirect/10.1002/adfm.201500851 [http_error 403],https://doi.org/10.1002/adfm.201500851
10.1002/adfm.201500899,Advanced_Functional_Materials,2015,hybrid,http_error,https://onlinelibrary.wiley.com/doi/pdfdirect/10.1002/adfm.201500899 [http_error 403],https://doi.org/10.1002/adfm.201500899 | https://research.rug.nl/en/publications/368f3b57-278b-453d-9c74-9a11f8a9aa08
10.1002/adfm.201500964,Advanced_Functional_Materials,2015,bronze,http_error,https://onlinelibrary.wiley.com/doi/pdfdirect/10.1002/adfm.201500964 [http_error 403],https://doi.org/10.1002/adfm.201500964
10.1002/adfm.201501009,Advanced_Functional_Materials,2015,green,no_url,,http://ir.rcees.ac.cn/handle/311016/32781
10.1002/adfm.201501024,Advanced_Functional_Materials,2015,green,no_url,,http://infoscience.epfl.ch/record/212262
10.1002/adfm.201501090,Advanced_Functional_Materials,2015,hybrid,http_error,https://onlinelibrary.wiley.com/doi/pdfdirect/10.1002/adfm.201501090 [http_error 403],https://doi.org/10.1002/adfm.201501090 | https://research-information.bris.ac.uk/files/40982748/Galloway_et_al_2015_Advanced_Functional_Materials_supp.pdf
10.1002/adfm.201502566,Advanced_Functional_Materials,2015,bronze,http_error,https://onlinelibrary.wiley.com/doi/pdfdirect/10.1002/adfm.201502566 [http_error 403] | https://research.aalto.fi/files/12992723/adfm_201502566R1_manuscript_revised.pdf [http_error 403],https://doi.org/10.1002/adfm.201502566 | https://research.aalto.fi/en/publications/f99b7d71-ca2e-4b5d-8adc-385117ea8525
10.1002/adfm.201401199,Advanced_Functional_Materials,2014,bronze,http_error,https://onlinelibrary.wiley.com/doi/pdfdirect/10.1002/adfm.201401199 [http_error 403],https://cris.maastrichtuniversity.nl/en/publications/2822f16b-7d73-411f-a337-0fc925d2ddd3 | https://doi.org/10.1002/adfm.201401199 | https://www.ncbi.nlm.nih.gov/pmc/articles/4340520
10.1002/adfm.201504020,Advanced_Functional_Materials,2015,green,http_error,https://research-information.bris.ac.uk/files/72273295/RS_MS_AdvFM_1.5_REVISIONSrf.pdf [http_error 403],https://hdl.handle.net/1983/83692fc9-5564-4127-9d30-279eed77c81e | https://research-information.bris.ac.uk/en/publications/83692fc9-5564-4127-9d30-279eed77c81e
10.1002/adfm.201504030,Advanced_Functional_Materials,2015,bronze,http_error,https://onlinelibrary.wiley.com/doi/pdfdirect/10.1002/adfm.201504030 [http_error 403],https://doi.org/10.1002/adfm.201504030 | https://research.tue.nl/en/publications/c4410e91-6266-43e9-8193-f463ca92852d | https://research.tue.nl/nl/publications/c4410e91-6266-43e9-8193-f463ca92852d
10.1002/adfm.201504105,Advanced_Functional_Materials,2015,bronze,http_error,https://onlinelibrary.wiley.com/doi/pdfdirect/10.1002/adfm.201504105 [http_error 403],https://doi.org/10.1002/adfm.201504105
10.1002/adfm.201504160,Advanced_Functional_Materials,2015,green,no_url,,https://www.ncbi.nlm.nih.gov/pmc/articles/4895924
10.1002/adfm.201504292,Advanced_Functional_Materials,2016,hybrid,http_error,https://onlinelibrary.wiley.com/doi/pdfdirect/10.1002/adfm.201504292 [http_error 403],https://doi.org/10.1002/adfm.201504292 | https://hal.umontpellier.fr/hal-01677989v1/document | https://research.manchester.ac.uk/en/publications/3f8059fa-863d-40db-a675-be855a78de03
10.1002/adfm.201504589,Advanced_Functional_Materials,2015,bronze,http_error,https://onlinelibrary.wiley.com/doi/pdfdirect/10.1002/adfm.201504589 [http_error 403],https://doi.org/10.1002/adfm.201504589
10.1002/adfm.201504717,Advanced_Functional_Materials,2016,green,no_url,,http://ir.nimte.ac.cn/handle/174433/13075
10.1002/adfm.201500676,Advanced_Functional_Materials,2015,green,no_url,,http://urn.kb.se/resolve?urn=urn:nbn:se:uu:diva-256995
10.1002/adfm.201504810,Advanced_Functional_Materials,2016,green,no_url,,https://www.ncbi.nlm.nih.gov/pmc/articles/4838545
10.1002/adfm.201504977,Advanced_Functional_Materials,2016,bronze,http_error,https://onlinelibrary.wiley.com/doi/pdfdirect/10.1002/adfm.201504977 [http_error 403],http://infoscience.epfl.ch/record/219220 | https://doi.org/10.1002/adfm.201504977
10.1002/adfm.201501429,Advanced_Functional_Materials,2015,gold,no_url,,https://ibn.idsi.md/vizualizare_articol/183789
10.1002/adfm.201505522,Advanced_Functional_Materials,2016,green,no_url,,https://www.ncbi.nlm.nih.gov/pmc/articles/5507623
10.1002/adfm.201505626,Advanced_Functional_Materials,2016,bronze,http_error,https://onlinelibrary.wiley.com/doi/pdfdirect/10.1002/adfm.201505626 [http_error 403],https://doi.org/10.1002/adfm.201505626
10.1002/adfm.201600210,Advanced_Functional_Materials,2016,green,http_error,https://escholarship.org/content/qt3wk6957r/qt3wk6957r.pdf [http_error 403],https://escholarship.org/uc/item/3wk6957r | https://www.ncbi.nlm.nih.gov/pmc/articles/5102340
10.1002/adfm.201600236,Advanced_Functional_Materials,2016,green,no_url,,https://www.ncbi.nlm.nih.gov/pmc/articles/5488272
10.1002/adfm.201600381,Advanced_Functional_Materials,2016,green,no_url,,https://ddd.uab.cat/record/170253
10.1002/adfm.201501712,Advanced_Functional_Materials,2015,green,not_pdf,http://deepblue.lib.umich.edu/bitstream/2027.42/113124/2/adfm201501712.pdf [not_pdf],http://hdl.handle.net/2027.42/113124
10.1002/adfm.201501760,Advanced_Functional_Materials,2015,green,no_url,,https://www.ncbi.nlm.nih.gov/pmc/articles/4765385
10.1002/adfm.201502018,Advanced_Functional_Materials,2015,bronze,http_error,https://onlinelibrary.wiley.com/doi/pdfdirect/10.1002/adfm.201502018 [http_error 403],https://doi.org/10.1002/adfm.201502018
10.1002/adfm.201601120,Advanced_Functional_Materials,2016,green,no_url,,http://infoscience.epfl.ch/record/221018 | https://infoscience.epfl.ch/handle/20.500.14299/128930
10.1002/adfm.201601123,Advanced_Functional_Materials,2016,green,no_url,,https://researchportal.bath.ac.uk/en/publications/af24f5a2-aacf-49ec-9da8-bac19e1c4e16
10.1002/adfm.201601175,Advanced_Functional_Materials,2016,green,no_url,,https://figshare.com/articles/journal_contribution/High-performance_inverted_planar_heterojunction_perovskite_solar_cells_based_on_lead_acetate_precursor_with_efficiency_exceeding_18_/24357490
10.1002/adfm.201601309,Advanced_Functional_Materials,2016,hybrid,http_error,https://onlinelibrary.wiley.com/doi/pdfdirect/10.1002/adfm.201601309 [http_error 403],https://doi.org/10.1002/adfm.201601309
10.1002/adfm.201601392,Advanced_Functional_Materials,2016,bronze,http_error,https://onlinelibrary.wiley.com/doi/pdfdirect/10.1002/adfm.201601392 [http_error 403],https://doi.org/10.1002/adfm.201601392
10.1002/adfm.201601877,Advanced_Functional_Materials,2016,green,no_url,,https://www.ncbi.nlm.nih.gov/pmc/articles/5560495
10.1002/adfm.201503711,Advanced_Functional_Materials,2015,green,http_error,http://ira.lib.polyu.edu.hk/bitstream/10397/106576/1/Yao_Inserting_Sn_Nanoparticles.pdf [http_error],http://hdl.handle.net/10397/106576
10.1002/adfm.201503739,Advanced_Functional_Materials,2015,green,no_url,,http://hdl.handle.net/2117/107343 | https://hdl.handle.net/2117/107343
10.1002/adfm.201602519,Advanced_Functional_Materials,2016,bronze,http_error,https://onlinelibrary.wiley.com/doi/pdfdirect/10.1002/adfm.201602519 [http_error 403],https://doi.org/10.1002/adfm.201602519 | https://research.rug.nl/en/publications/05026529-718a-4273-9baf-02801ded69c2 | https://research.rug.nl/files/79511680/The_Effect_of_the_Microstructure_on_Trap_Assisted_Recombination_and_Light_Soaking.pdf
10.1002/adfm.201602548,Advanced_Functional_Materials,2016,green,no_url,,https://figshare.com/articles/journal_contribution/Production_of_Flexible_Transparent_Conducting_Films_of_Self-Fused_Nanowires_via_One-Step_Supersonic_Spraying/10956269
10.1002/adfm.201602577,Advanced_Functional_Materials,2016,green,no_url,,https://zenodo.org/record/6462868
10.1002/adfm.201602765,Advanced_Functional_Materials,2016,bronze,http_error,https://onlinelibrary.wiley.com/doi/pdfdirect/10.1002/adfm.201602765 [http_error 403],https://doi.org/10.1002/adfm.201602765
10.1002/adfm.201602873,Advanced_Functional_Materials,2017,green,not_pdf,https://escholarship.org/content/qt6rf811rv/qt6rf811rv.pdf [http_error 403] | https://www.osti.gov/biblio/1393617 [not_pdf],http://www.escholarship.org/uc/item/6rf811rv | https://escholarship.org/uc/item/6rf811rv | https://www.osti.gov/biblio/1393617
10.1002/adfm.201602969,Advanced_Functional_Materials,2016,green,no_url,,http://hdl.handle.net/2117/112460
10.1002/adfm.201603146,Advanced_Functional_Materials,2016,green,no_url,,https://www.ncbi.nlm.nih.gov/pmc/articles/5390688
10.1002/adfm.201603254,Advanced_Functional_Materials,2016,bronze,http_error,https://onlinelibrary.wiley.com/doi/pdfdirect/10.1002/adfm.201603254 [http_error 403],http://hdl.handle.net/10278/3742846 | https://doi.org/10.1002/adfm.201603254
10.1002/adfm.201603454,Advanced_Functional_Materials,2016,green,no_url,,https://hdl.handle.net/11492/2844
10.1002/adfm.201603937,Advanced_Functional_Materials,2016,bronze,http_error,https://onlinelibrary.wiley.com/doi/pdfdirect/10.1002/adfm.201603937 [http_error 403],https://admin.research-repository.uwa.edu.au/en/publications/8fce04b7-8b71-4050-9f5d-bb56c6d570a7 | https://doi.org/10.1002/adfm.201603937
10.1002/adfm.201604069,Advanced_Functional_Materials,2016,green,no_url,,https://doi.org/10.17863/cam.6175
10.1002/adfm.201604080,Advanced_Functional_Materials,2016,green,not_pdf,http://hdl.handle.net/11343/198424 [not_pdf],http://gateway.webofknowledge.com/gateway/Gateway.cgi?GWVersion=2&SrcApp=PARTNER_APP&SrcAuth=LinksAMR&KeyUT=WOS:000391923000012&DestLinkType=FullRecord&DestApp=ALL_WOS&UsrCustomerID=d4d813f4571fa7d6246bdc0dfeca3a1c
10.1002/adfm.201604260,Advanced_Functional_Materials,2017,green,no_url,,http://ir.ymlib.yonsei.ac.kr/handle/22282913/153770 | http://onlinelibrary.wiley.com/doi/10.1002/adfm.201604260/abstract
10.1002/adfm.201604262,Advanced_Functional_Materials,2016,green,no_url,,https://doi.org/10.17863/cam.6845
10.1002/adfm.201505304,Advanced_Functional_Materials,2016,green,no_url,,https://figshare.com/articles/journal_contribution/High-performance_multifunctional_graphene-PLGA_fibers_Toward_biomimetic_and_conducting_3D_scaffolds/27502866 | https://figshare.com/articles/journal_contribution/High-performance_multifunctional_graphene-PLGA_fibers_toward_biomimetic_and_conducting_3D_scaffolds/20883649 | https://figshare.com/articles/journal_contribution/High-performance_multifunctional_graphene-PLGA_fibers_toward_biomimetic_and_conducting_3D_scaffolds/27791820
10.1002/adfm.201605094,Advanced_Functional_Materials,2017,green,no_url,,https://www.ncbi.nlm.nih.gov/pmc/articles/5642295
10.1002/adfm.201605352,Advanced_Functional_Materials,2017,bronze,http_error,https://onlinelibrary.wiley.com/doi/pdfdirect/10.1002/adfm.201605352 [http_error 403],https://doi.org/10.1002/adfm.201605352 | https://research.utwente.nl/en/publications/c03900d7-411a-4503-9e53-c9741344504b | https://www.ncbi.nlm.nih.gov/pmc/articles/6181228
10.1002/adfm.201605476,Advanced_Functional_Materials,2017,green,no_url,,https://www.ncbi.nlm.nih.gov/pmc/articles/5630126
10.1002/adfm.201700260,Advanced_Functional_Materials,2017,green,no_url,,https://research.birmingham.ac.uk/en/publications/06ad0de3-e992-48a1-9fd9-c73d54738881
10.1002/adfm.201700324,Advanced_Functional_Materials,2017,green,not_pdf,https://www.osti.gov/biblio/1362157 [not_pdf],https://www.osti.gov/biblio/1362157
10.1002/adfm.201700341,Advanced_Functional_Materials,2017,green,no_url,,https://onlinelibrary.wiley.com/doi/abs/10.1002/adfm.201700341
10.1002/adfm.201700580,Advanced_Functional_Materials,2017,green,no_url,,http://hdl.handle.net/1959.4/unsworks_51473
10.1002/adfm.201701866,Advanced_Functional_Materials,2017,hybrid,http_error,https://onlinelibrary.wiley.com/doi/pdfdirect/10.1002/adfm.201701866 [http_error 403],https://doi.org/10.1002/adfm.201701866
10.1002/adfm.201605912,Advanced_Functional_Materials,2017,bronze,http_error,https://onlinelibrary.wiley.com/doi/pdfdirect/10.1002/adfm.201605912 [http_error 403],http://eprints.nottingham.ac.uk/49510/ | https://doi.org/10.1002/adfm.201605912 | https://nottingham-repository.worktribe.com/output/775981
10.1002/adfm.201605935,Advanced_Functional_Materials,2017,green,no_url,,http://infoscience.epfl.ch/record/227736 | https://infoscience.epfl.ch/handle/20.500.14299/149125
10.1002/adfm.201606129,Advanced_Functional_Materials,2017,bronze,http_error,https://onlinelibrary.wiley.com/doi/pdfdirect/10.1002/adfm.201606129 [http_error 403],https://doi.org/10.1002/adfm.201606129
10.1002/adfm.201606273,Advanced_Functional_Materials,2017,bronze,http_error,https://onlinelibrary.wiley.com/doi/pdfdirect/10.1002/adfm.201606273 [http_error 403],https://doi.org/10.1002/adfm.201606273 | https://hdl.handle.net/1822/46857 | https://www.ncbi.nlm.nih.gov/pmc/articles/6934367
10.1002/adfm.201606424,Advanced_Functional_Materials,2017,green,not_pdf,https://ddd.uab.cat/record/196407 [not_pdf],https://ddd.uab.cat/record/196407
10.1002/adfm.201602315,Advanced_Functional_Materials,2016,green,no_url,,http://hdl.handle.net/20.500.11850/118858 | https://doi.org/10.3929/ethz-b-000118858
10.1002/adfm.201600435,Advanced_Functional_Materials,2016,bronze,http_error,https://onlinelibrary.wiley.com/doi/pdfdirect/10.1002/adfm.201600435 [http_error 403],https://doi.org/10.1002/adfm.201600435 | https://research.tue.nl/en/publications/e78fe9f5-9e94-4a60-81fc-01c0f9fe1904 | https://research.tue.nl/nl/publications/e78fe9f5-9e94-4a60-81fc-01c0f9fe1904
10.1002/adfm.201600443,Advanced_Functional_Materials,2016,bronze,http_error,https://onlinelibrary.wiley.com/doi/pdfdirect/10.1002/adfm.201600443 [http_error 403],https://doi.org/10.1002/adfm.201600443 | https://figshare.com/articles/journal_contribution/Stretchable-Fiber-Confined_Wetting_Conductive_Liquids_as_Wearable_Human_Health_Monitors/20702989
10.1002/adfm.201600627,Advanced_Functional_Materials,2016,green,http_error,http://hdl.handle.net/11858/00-001M-0000-002B-7676-D [http_error 403],http://hdl.handle.net/11858/00-001M-0000-002B-7676-D
10.1002/adfm.201600699,Advanced_Functional_Materials,2016,green,http_error,https://hdl.handle.net/11858/00-001M-0000-002C-1CE6-3 [http_error 403],https://hdl.handle.net/11858/00-001M-0000-002A-C4EB-3
10.1002/adfm.201604631,Advanced_Functional_Materials,2016,bronze,http_error,https://onlinelibrary.wiley.com/doi/pdfdirect/10.1002/adfm.201604631 [http_error 403],https://doi.org/10.1002/adfm.201604631 | https://www.ncbi.nlm.nih.gov/pmc/articles/5471629
10.1002/adfm.201604676,Advanced_Functional_Materials,2016,hybrid,http_error,https://onlinelibrary.wiley.com/doi/pdfdirect/10.1002/adfm.201604676 [http_error 403],https://doi.org/10.1002/adfm.201604676 | https://ibn.idsi.md/vizualizare_articol/174490
10.1002/adfm.201604818,Advanced_Functional_Materials,2017,bronze,http_error,https://onlinelibrary.wiley.com/doi/pdfdirect/10.1002/adfm.201604818 [http_error 403],https://doi.org/10.1002/adfm.201604818
10.1002/adfm.201604903,Advanced_Functional_Materials,2016,green,no_url,,https://figshare.com/articles/journal_contribution/A_Targeted_Functional_Design_for_Highly_Efficient_and_Stable_Cathodes_for_Rechargeable_Li-Ion_Batteries/24381937
10.1002/adfm.201703437,Advanced_Functional_Materials,2017,green,http_error,https://escholarship.org/content/qt81t7v0n7/qt81t7v0n7.pdf?t=pc088s [http_error 403],https://escholarship.org/uc/item/81t7v0n7
10.1002/adfm.201703438,Advanced_Functional_Materials,2017,bronze,not_pdf,https://onlinelibrary.wiley.com/doi/pdfdirect/10.1002/adfm.201703438 [http_error 403] | https://research.tue.nl/nl/publications/fe7815db-405a-4432-865e-88ca797946ee [not_pdf],http://hdl.handle.net/11311/1063035 | https://doi.org/10.1002/adfm.201703438 | https://research.tue.nl/en/publications/fe7815db-405a-4432-865e-88ca797946ee | https://research.tue.nl/nl/publications/fe7815db-405a-4432-865e-88ca797946ee
10.1002/adfm.201702715,Advanced_Functional_Materials,2017,green,no_url,,http://www.scopus.com/inward/record.url?scp=85029360035&partnerID=8YFLogxK | https://research.birmingham.ac.uk/en/publications/bd1e110b-fe05-40d1-9d25-f8eec7d177ac
10.1002/adfm.201704183,Advanced_Functional_Materials,2017,hybrid,http_error,https://www.onlinelibrary.wiley.com/doi/pdfdirect/10.1002/adfm.201704183 [http_error 403],https://doi.org/10.1002/adfm.201704183
10.1002/adfm.201704228,Advanced_Functional_Materials,2017,green,no_url,,https://doi.org/10.17863/cam.18808 | https://www.research.ed.ac.uk/en/publications/4b9015ed-8195-41aa-9d6f-add9da65a540
10.1002/adfm.201704259,Advanced_Functional_Materials,2017,green,no_url,,https://opus4.kobv.de/opus4-fau/frontdoor/index/index/docId/13602
10.1002/adfm.201704323,Advanced_Functional_Materials,2017,bronze,http_error,https://onlinelibrary.wiley.com/doi/pdfdirect/10.1002/adfm.201704323 [http_error 403],https://doi.org/10.1002/adfm.201704323
10.1002/adfm.201704443,Advanced_Functional_Materials,2018,bronze,http_error,https://onlinelibrary.wiley.com/doi/pdfdirect/10.1002/adfm.201704443 [http_error 403],https://doi.org/10.1002/adfm.201704443 | https://hdl.handle.net/1721.1/140962 | https://hdl.handle.net/1721.1/140962.2
10.1002/adfm.201704451,Advanced_Functional_Materials,2017,hybrid,http_error,https://onlinelibrary.wiley.com/doi/pdfdirect/10.1002/adfm.201704451 [http_error 403],https://discovery.dundee.ac.uk/en/publications/d4fc38f3-7be7-44f9-af5f-8fe4f7d96a10 | https://doi.org/10.1002/adfm.201704451 | https://hdl.handle.net/10550/106286
10.1002/adfm.201704488,Advanced_Functional_Materials,2017,bronze,http_error,https://onlinelibrary.wiley.com/doi/pdfdirect/10.1002/adfm.201704488 [http_error 403],http://hdl.handle.net/10072/388166 | https://doi.org/10.1002/adfm.201704488 | https://figshare.com/articles/journal_contribution/Efficiency_Enhancement_of_Single-Walled_Carbon_Nanotube-Silicon_Heterojunction_Solar_Cells_Using_Microwave-Exfoliated_Few-Layer_Black_Phosphorus/20662494 | https://figshare.com/articles/journal_contribution/Efficiency_Enhancement_of_Single-Walled_Carbon_Nanotube-Silicon_Heterojunction_Solar_Cells_Using_Microwave-Exfoliated_Few-Layer_Black_Phosphorus/27516267
10.1002/adfm.201704674,Advanced_Functional_Materials,2017,green,no_url,,https://figshare.com/articles/journal_contribution/Superelastic_and_arbitrary-shaped_graphene_aerogels_with_sacrificial_skeleton_of_melamine_foam_for_varied_applications/20819671
10.1002/adfm.201704757,Advanced_Functional_Materials,2018,green,no_url,,https://www.ncbi.nlm.nih.gov/pmc/articles/7241598
10.1002/adfm.201704818,Advanced_Functional_Materials,2017,green,no_url,,https://orbit.dtu.dk/en/publications/c33821e7-4c51-4b7f-95ba-df86d4000988
10.1002/adfm.201704842,Advanced_Functional_Materials,2017,hybrid,http_error,https://onlinelibrary.wiley.com/doi/pdfdirect/10.1002/adfm.201704842 [http_error 403],http://hdl.handle.net/1959.3/443483 | https://doi.org/10.1002/adfm.201704842 | https://doi.org/10.25916/sut.26247341.v1 | https://doi.org/10.26181/22589713.v1 | https://doi.org/10.26181/22589713.v2 | https://figshare.com/articles/journal_contribution/Optical_chemical_barcoding_based_on_polarization_controlled_plasmonic_nanopixels/22589713 | https://figshare.com/articles/journal_contribution/Optical_chemical_barcoding_based_on_polarization_controlled_plasmonic_nanopixels/26247341
10.1002/adfm.201705117,Advanced_Functional_Materials,2018,green,http_error,http://ira.lib.polyu.edu.hk/bitstream/10397/100359/1/Dai_Twin_Engineering_Solution-Synthesized.pdf [http_error],http://hdl.handle.net/10397/100359
10.1002/adfm.201705183,Advanced_Functional_Materials,2018,hybrid,http_error,https://onlinelibrary.wiley.com/doi/pdfdirect/10.1002/adfm.201705183 [http_error 403],http://dro.dur.ac.uk/25462/ | http://hdl.handle.net/10871/32568 | https://doi.org/10.1002/adfm.201705183 | https://durham-repository.worktribe.com/output/1354981 | https://figshare.com/articles/journal_contribution/Ultrahigh_Performance_Nanoengineered_Graphene_Concrete_Composites_for_Multifunctional_Applications/29743058
10.1002/adfm.201705232,Advanced_Functional_Materials,2017,green,no_url,,http://resolver.tudelft.nl/uuid:edcda71e-15c0-406d-ae97-d8667e8fe18b
10.1002/adfm.201705357,Advanced_Functional_Materials,2018,green,http_error,http://ira.lib.polyu.edu.hk/bitstream/10397/100356/1/Zhu_2D_Wc_Hybrid.pdf [http_error],http://hdl.handle.net/10397/100356
10.1002/adfm.201705365,Advanced_Functional_Materials,2018,bronze,http_error,https://onlinelibrary.wiley.com/doi/pdfdirect/10.1002/adfm.201705365 [http_error 403],https://doi.org/10.1002/adfm.201705365
10.1002/adfm.201706592,Advanced_Functional_Materials,2018,green,no_url,,https://figshare.com/articles/journal_contribution/Development_of_graphene_oxide_polyaniline_inks_for_high_performance_flexible_microsupercapacitors_via_extrusion_printing/20807761
10.1002/adfm.201705503,Advanced_Functional_Materials,2017,green,no_url,,https://research.birmingham.ac.uk/en/publications/ccaf8bcb-07a3-498a-b4c7-aa99a486dd62
10.1002/adfm.201705506,Advanced_Functional_Materials,2018,green,no_url,,http://hdl.handle.net/2262/89702 | https://zenodo.org/record/3492330
10.1002/adfm.201705546,Advanced_Functional_Materials,2018,bronze,http_error,https://onlinelibrary.wiley.com/doi/pdfdirect/10.1002/adfm.201705546 [http_error 403],https://doi.org/10.1002/adfm.201705546
10.1002/adfm.201705563,Advanced_Functional_Materials,2018,bronze,http_error,https://onlinelibrary.wiley.com/doi/pdfdirect/10.1002/adfm.201705563 [http_error 403],https://doi.org/10.1002/adfm.201705563 | https://www.ncbi.nlm.nih.gov/pmc/articles/6660177
10.1002/adfm.201705592,Advanced_Functional_Materials,2017,green,not_pdf,https://ddd.uab.cat/record/215001 [not_pdf],https://ddd.uab.cat/record/215001
10.1002/adfm.201705740,Advanced_Functional_Materials,2018,green,http_error,https://escholarship.org/content/qt28w4b0p5/qt28w4b0p5.pdf?t=psxp4x [http_error 403],https://escholarship.org/uc/item/28w4b0p5
10.1002/adfm.201705763,Advanced_Functional_Materials,2017,green,no_url,,http://infoscience.epfl.ch/record/258431
10.1002/adfm.201700992,Advanced_Functional_Materials,2017,green,no_url,,https://www.ncbi.nlm.nih.gov/pmc/articles/5665058
10.1002/adfm.201701083,Advanced_Functional_Materials,2017,green,no_url,,https://lirias.kuleuven.be/handle/123456789/593966
10.1002/adfm.201701169,Advanced_Functional_Materials,2017,hybrid,http_error,https://onlinelibrary.wiley.com/doi/pdfdirect/10.1002/adfm.201701169 [http_error 403],http://hdl.handle.net/10261/191246 | https://doi.org/10.1002/adfm.201701169 | https://doi.org/10.17863/cam.12447 | https://www.repository.cam.ac.uk/handle/1810/266059
10.1002/adfm.201701265,Advanced_Functional_Materials,2017,green,http_error,https://escholarship.org/content/qt68b6c9pz/qt68b6c9pz.pdf [http_error 403] | https://www.osti.gov/servlets/purl/1379918 [http_error 403],https://escholarship.org/uc/item/68b6c9pz | https://www.osti.gov/biblio/1379918
10.1002/adfm.201702009,Advanced_Functional_Materials,2017,green,no_url,,https://www.ncbi.nlm.nih.gov/pmc/articles/7413620
10.1002/adfm.201702295,Advanced_Functional_Materials,2017,green,no_url,,https://figshare.com/articles/journal_contribution/Sonication-assisted_synthesis_of_gallium_oxide_suspensions_featuring_trap_state_absorption_test_of_photochemistry/20831191
10.1002/adfm.201702364,Advanced_Functional_Materials,2017,green,not_pdf,http://deepblue.lib.umich.edu/bitstream/2027.42/138881/1/adfm201702364_am.pdf [not_pdf],http://hdl.handle.net/2027.42/138881
10.1002/adfm.201702390,Advanced_Functional_Materials,2017,green,no_url,,https://hdl.handle.net/11380/1290902
10.1002/adfm.201706832,Advanced_Functional_Materials,2018,hybrid,http_error,https://onlinelibrary.wiley.com/doi/pdfdirect/10.1002/adfm.201706832 [http_error 403],https://doi.org/10.1002/adfm.201706832 | https://opus.bibliothek.uni-wuerzburg.de/frontdoor/index/index/docId/23392
10.1002/adfm.201706967,Advanced_Functional_Materials,2018,green,no_url,,https://figshare.com/articles/journal_contribution/Stable_White_Light-Emitting_Biocomposite_Films/20624430
10.1002/adfm.201606813,Advanced_Functional_Materials,2017,green,no_url,,http://hdl.handle.net/20.500.12210/45802
10.1002/adfm.201707284,Advanced_Functional_Materials,2018,green,no_url,,https://zenodo.org/record/3504633
10.1002/adfm.201707556,Advanced_Functional_Materials,2018,bronze,http_error,https://onlinelibrary.wiley.com/doi/pdfdirect/10.1002/adfm.201707556 [http_error 403],https://doi.org/10.1002/adfm.201707556 | https://figshare.com/articles/journal_contribution/Bulk_hexagonal_boron_nitride_with_a_quasi-isotropic_thermal_conductivity/20803087
10.1002/adfm.201800002,Advanced_Functional_Materials,2018,green,no_url,,https://www.ncbi.nlm.nih.gov/pmc/articles/8172040
10.1002/adfm.201800113,Advanced_Functional_Materials,2018,bronze,http_error,https://onlinelibrary.wiley.com/doi/pdfdirect/10.1002/adfm.201800113 [http_error 403],https://doi.org/10.1002/adfm.201800113
10.1002/adfm.201800228,Advanced_Functional_Materials,2018,green,no_url,,https://www.ncbi.nlm.nih.gov/pmc/articles/7241601
10.1002/adfm.201800342,Advanced_Functional_Materials,2018,bronze,http_error,https://onlinelibrary.wiley.com/doi/pdfdirect/10.1002/adfm.201800342 [http_error 403],https://doi.org/10.1002/adfm.201800342
10.1002/adfm.201703527,Advanced_Functional_Materials,2017,green,no_url,,https://opus4.kobv.de/opus4-fau/frontdoor/index/index/docId/13601
10.1002/adfm.201703553,Advanced_Functional_Materials,2017,green,no_url,,http://hdl.handle.net/10251/153676
10.1002/adfm.201703689,Advanced_Functional_Materials,2017,green,no_url,,https://research-information.bris.ac.uk/en/publications/0baac679-71fb-4186-be0d-7423a97790c5
10.1002/adfm.201703704,Advanced_Functional_Materials,2017,green,no_url,,https://dspace.lib.cranfield.ac.uk/bitstreams/6c7e8b90-f3c7-4fca-a83b-3c00981659c2/download
10.1002/adfm.201703716,Advanced_Functional_Materials,2018,green,no_url,,https://nottingham-repository.worktribe.com/output/3834915
10.1002/adfm.201703808,Advanced_Functional_Materials,2017,bronze,http_error,https://onlinelibrary.wiley.com/doi/pdfdirect/10.1002/adfm.201703808 [http_error 403],http://urn.kb.se/resolve?urn=urn:nbn:se:liu:diva-144437 | https://doi.org/10.1002/adfm.201703808
10.1002/adfm.201703835,Advanced_Functional_Materials,2017,hybrid,http_error,https://onlinelibrary.wiley.com/doi/pdfdirect/10.1002/adfm.201703835 [http_error 403],https://doi.org/10.1002/adfm.201703835
10.1002/adfm.201703857,Advanced_Functional_Materials,2017,green,no_url,,https://figshare.com/articles/journal_contribution/Potassium-ion_battery_anode_materials_operating_through_the_alloying_dealloying_reaction_mechanism/20820268
10.1002/adfm.201802151,Advanced_Functional_Materials,2018,bronze,http_error,https://onlinelibrary.wiley.com/doi/pdfdirect/10.1002/adfm.201802151 [http_error 403],http://hdl.handle.net/10278/3742841 | https://doi.org/10.1002/adfm.201802151
10.1002/adfm.201804076,Advanced_Functional_Materials,2018,green,no_url,,http://infoscience.epfl.ch/record/262254 | https://www.ncbi.nlm.nih.gov/pmc/articles/8442673
10.1002/adfm.201804237,Advanced_Functional_Materials,2018,bronze,http_error,https://onlinelibrary.wiley.com/doi/pdfdirect/10.1002/adfm.201804237 [http_error 403] | https://escholarship.org/content/qt11b904bw/qt11b904bw.pdf [http_error 403] | https://www.osti.gov/servlets/purl/1656477 [http_error 403],https://doi.org/10.1002/adfm.201804237 | https://escholarship.org/uc/item/11b904bw | https://www.osti.gov/biblio/1656477
10.1002/adfm.201804357,Advanced_Functional_Materials,2018,hybrid,http_error,https://onlinelibrary.wiley.com/doi/pdfdirect/10.1002/adfm.201804357 [http_error 403],https://doi.org/10.1002/adfm.201804357 | https://research.manchester.ac.uk/en/publications/50894eca-62d8-42bc-985b-356689f57e13
10.1002/adfm.201802337,Advanced_Functional_Materials,2018,green,no_url,,https://hdl.handle.net/10481/101053
10.1002/adfm.201705942,Advanced_Functional_Materials,2018,hybrid,http_error,https://onlinelibrary.wiley.com/doi/pdfdirect/10.1002/adfm.201705942 [http_error 403],https://doi.org/10.1002/adfm.201705942 | https://research.tue.nl/en/publications/f80786a9-66cb-46b6-9908-3ab0ad515c67 | https://research.tue.nl/nl/publications/f80786a9-66cb-46b6-9908-3ab0ad515c67
10.1002/adfm.201706214,Advanced_Functional_Materials,2018,green,no_url,,http://hdl.handle.net/11586/211731
10.1002/adfm.201802893,Advanced_Functional_Materials,2018,bronze,http_error,https://onlinelibrary.wiley.com/doi/pdfdirect/10.1002/adfm.201802893 [http_error 403],https://doi.org/10.1002/adfm.201802893
10.1002/adfm.201803023,Advanced_Functional_Materials,2018,bronze,http_error,https://onlinelibrary.wiley.com/doi/pdfdirect/10.1002/adfm.201803023 [http_error 403],https://doi.org/10.1002/adfm.201803023 | https://figshare.com/articles/journal_contribution/Nanoflake_arrays_of_lithiophilic_metal_oxides_for_the_ultra-stable_anodes_of_lithium-metal_batteries/20795608
10.1002/adfm.201803127,Advanced_Functional_Materials,2018,green,no_url,,http://hdl.handle.net/10810/31328
10.1002/adfm.201803130,Advanced_Functional_Materials,2018,hybrid,http_error,https://onlinelibrary.wiley.com/doi/pdfdirect/10.1002/adfm.201803130 [http_error 403],https://doi.org/10.1002/adfm.201803130 | https://research.rug.nl/en/publications/4885acc2-1537-47d9-a7c8-b5bd5046e18f | https://research.rug.nl/files/64751848/Zhou_et_al_2018_Advanced_Functional_Materials.pdf
10.1002/adfm.201803147,Advanced_Functional_Materials,2018,green,http_error,http://ira.lib.polyu.edu.hk/bitstream/10397/100583/1/Jin_3D_Metaphotonic_Nanostructures.pdf [http_error],http://hdl.handle.net/10397/100583
10.1002/adfm.201803801,Advanced_Functional_Materials,2018,green,no_url,,https://infoscience.epfl.ch/handle/20.500.14299/147906
10.1002/adfm.201805305,Advanced_Functional_Materials,2018,green,no_url,,https://www.ncbi.nlm.nih.gov/pmc/articles/7241600
10.1002/adfm.201804427,Advanced_Functional_Materials,2018,green,not_pdf,http://hdl.handle.net/11343/284536 [not_pdf],https://hdl.handle.net/11343/284536
10.1002/adfm.201804647,Advanced_Functional_Materials,2018,bronze,http_error,https://onlinelibrary.wiley.com/doi/pdfdirect/10.1002/adfm.201804647 [http_error 403],https://doi.org/10.1002/adfm.201804647 | https://dspace.library.uu.nl/handle/1874/385594 | https://dspace.library.uu.nl/handle/1874/391150
10.1002/adfm.201806434,Advanced_Functional_Materials,2018,hybrid,http_error,https://onlinelibrary.wiley.com/doi/pdfdirect/10.1002/adfm.201806434 [http_error 403],https://doi.org/10.1002/adfm.201806434 | https://research.rug.nl/en/publications/30321f0a-b4ff-426a-8091-e92c6dd5d735 | https://research.tue.nl/en/publications/3b032853-c9cb-438b-a8b1-4179cb3690da | https://research.tue.nl/nl/publications/3b032853-c9cb-438b-a8b1-4179cb3690da
10.1002/adfm.201806588,Advanced_Functional_Materials,2019,green,no_url,,http://ir.ipe.ac.cn/handle/122111/28241
10.1002/adfm.201800480,Advanced_Functional_Materials,2018,hybrid,http_error,https://onlinelibrary.wiley.com/doi/pdfdirect/10.1002/adfm.201800480 [http_error 403] | https://research.aalto.fi/files/27210232/ELEC_Juntunen_et_al_2018_Advanced_Functional_Materials.pdf [http_error 403],https://doi.org/10.1002/adfm.201800480 | https://doi.org/10.17863/cam.24175 | https://research.aalto.fi/en/publications/7169d968-0ed0-401a-ad80-7d0ce49f5f20 | https://www.repository.cam.ac.uk/handle/1810/276890
10.1002/adfm.201800550,Advanced_Functional_Materials,2018,hybrid,http_error,https://onlinelibrary.wiley.com/doi/pdfdirect/10.1002/adfm.201800550 [http_error 403],https://doi.org/10.1002/adfm.201800550 | https://doi.org/10.17863/cam.22898 | https://www.repository.cam.ac.uk/handle/1810/275646
10.1002/adfm.201807351,Advanced_Functional_Materials,2018,green,no_url,,http://hdl.handle.net/10481/67792
10.1002/adfm.201807375,Advanced_Functional_Materials,2019,green,no_url,,http://urn.kb.se/resolve?urn=urn:nbn:se:liu:diva-155529
10.1002/adfm.201807562,Advanced_Functional_Materials,2019,green,no_url,,http://urn.kb.se/resolve?urn=urn:nbn:se:liu:diva-155574 | https://ddd.uab.cat/record/218097
10.1002/adfm.201807571,Advanced_Functional_Materials,2019,hybrid,http_error,https://onlinelibrary.wiley.com/doi/pdfdirect/10.1002/adfm.201807571 [http_error 403],http://hdl.handle.net/10871/36689 | https://doi.org/10.1002/adfm.201807571 | https://figshare.com/articles/journal_contribution/Tunable_volatility_of_Ge2Sb2Te5_in_integrated_photonics/29751320
10.1002/adfm.201807612,Advanced_Functional_Materials,2019,bronze,http_error,https://onlinelibrary.wiley.com/doi/pdfdirect/10.1002/adfm.201807612 [http_error 403],https://doi.org/10.1002/adfm.201807612 | https://hdl.handle.net/1721.1/140933 | https://hdl.handle.net/1721.1/140933.2
10.1002/adfm.201807615,Advanced_Functional_Materials,2018,bronze,http_error,https://escholarship.org/content/qt9z91269b/qt9z91269b.pdf?t=qa87pu [http_error 403],https://doi.org/10.1002/adfm.201807615
10.1002/adfm.201801405,Advanced_Functional_Materials,2018,bronze,http_error,https://onlinelibrary.wiley.com/doi/pdfdirect/10.1002/adfm.201801405 [http_error 403],https://doi.org/10.1002/adfm.201801405
10.1002/adfm.201801439,Advanced_Functional_Materials,2018,green,no_url,,https://figshare.com/articles/journal_contribution/Graphene-enhanced_3D_chemical_mapping_of_biological_specimens_at_near-atomic_resolution/20796046
10.1002/adfm.201801734,Advanced_Functional_Materials,2018,green,no_url,,http://infoscience.epfl.ch/record/258016 | https://hdl.handle.net/10550/95578
10.1002/adfm.201801787,Advanced_Functional_Materials,2018,green,no_url,,https://www.ncbi.nlm.nih.gov/pmc/articles/6777557
10.1002/adfm.201801808,Advanced_Functional_Materials,2018,hybrid,http_error,https://onlinelibrary.wiley.com/doi/pdfdirect/10.1002/adfm.201801808 [http_error 403],http://hdl.handle.net/10044/1/59924 | http://hdl.handle.net/10044/1/64346 | https://doi.org/10.1002/adfm.201801808
10.1002/adfm.201800865,Advanced_Functional_Materials,2018,hybrid,http_error,https://onlinelibrary.wiley.com/doi/pdfdirect/10.1002/adfm.201800865 [http_error 403],https://doi.org/10.1002/adfm.201800865
10.1002/adfm.201800879,Advanced_Functional_Materials,2018,bronze,http_error,https://onlinelibrary.wiley.com/doi/pdfdirect/10.1002/adfm.201800879 [http_error 403],https://doi.org/10.1002/adfm.201800879 | https://hdl.handle.net/1721.1/140969
10.1002/adfm.201800924,Advanced_Functional_Materials,2018,bronze,http_error,https://onlinelibrary.wiley.com/doi/pdfdirect/10.1002/adfm.201800924 [http_error 403],https://doi.org/10.1002/adfm.201800924
10.1002/adfm.201801032,Advanced_Functional_Materials,2018,green,no_url,,https://www.ncbi.nlm.nih.gov/pmc/articles/6181445
10.1002/adfm.201801209,Advanced_Functional_Materials,2018,hybrid,not_pdf,https://onlinelibrary.wiley.com/doi/pdfdirect/10.1002/adfm.201801209 [http_error 403] | https://research.tue.nl/nl/publications/f1a92832-650e-4632-bfdb-197a1ec25f94 [not_pdf],http://orbilu.uni.lu/handle/10993/37744 | https://doi.org/10.1002/adfm.201801209 | https://research.tue.nl/en/publications/f1a92832-650e-4632-bfdb-197a1ec25f94 | https://research.tue.nl/nl/publications/f1a92832-650e-4632-bfdb-197a1ec25f94
10.1002/adfm.201807767,Advanced_Functional_Materials,2019,bronze,http_error,https://onlinelibrary.wiley.com/doi/pdfdirect/10.1002/adfm.201807767 [http_error 403],https://doi.org/10.1002/adfm.201807767 | https://hdl.handle.net/1721.1/140634
10.1002/adfm.201807857,Advanced_Functional_Materials,2019,green,http_error,http://ira.lib.polyu.edu.hk/bitstream/10397/106434/1/Jiao_Attractive_Situ_Self-Reconstructed.pdf [http_error],http://hdl.handle.net/10397/106434
10.1002/adfm.201807909,Advanced_Functional_Materials,2019,green,no_url,,https://www.ncbi.nlm.nih.gov/pmc/articles/7351315
10.1002/adfm.201808518,Advanced_Functional_Materials,2019,hybrid,http_error,https://onlinelibrary.wiley.com/doi/pdfdirect/10.1002/adfm.201808518 [http_error 403],https://doi.org/10.1002/adfm.201808518 | https://research.aalto.fi/en/publications/4a73757a-2642-471d-8840-1d2cb4917089
10.1002/adfm.201900315,Advanced_Functional_Materials,2019,green,no_url,,https://ddd.uab.cat/record/218063
10.1002/adfm.201900532,Advanced_Functional_Materials,2019,green,no_url,,http://hdl.handle.net/2072/447230 | https://ddd.uab.cat/record/237745
10.1002/adfm.201900738,Advanced_Functional_Materials,2019,hybrid,http_error,https://onlinelibrary.wiley.com/doi/pdfdirect/10.1002/adfm.201900738 [http_error 403],https://doi.org/10.1002/adfm.201900738 | https://research.rug.nl/en/publications/4046b082-bda6-439e-955b-b196e6a44b37
10.1002/adfm.201900126,Advanced_Functional_Materials,2019,hybrid,not_pdf,https://onlinelibrary.wiley.com/doi/pdfdirect/10.1002/adfm.201900126 [http_error 403] | https://www.repository.cam.ac.uk/handle/1810/291306 [not_pdf],https://doi.org/10.1002/adfm.201900126 | https://doi.org/10.17863/cam.38485 | https://www.repository.cam.ac.uk/handle/1810/291306
10.1002/adfm.201900134,Advanced_Functional_Materials,2019,green,no_url,,http://hdl.handle.net/10072/388110
10.1002/adfm.201901460,Advanced_Functional_Materials,2019,bronze,http_error,https://onlinelibrary.wiley.com/doi/pdfdirect/10.1002/adfm.201901460 [http_error 403],http://hdl.handle.net/10072/388111 | http://purl.org/au-research/grants/arc/DP160102627 | https://doi.org/10.1002/adfm.201901460
10.1002/adfm.201901476,Advanced_Functional_Materials,2019,green,no_url,,https://hdl.handle.net/10550/78963
10.1002/adfm.201805375,Advanced_Functional_Materials,2018,green,no_url,,https://research.tue.nl/en/publications/0f1a9b30-95b9-4560-9761-b5d87dabfb07 | https://research.tue.nl/nl/publications/0f1a9b30-95b9-4560-9761-b5d87dabfb07
10.1002/adfm.201805794,Advanced_Functional_Materials,2018,hybrid,http_error,https://onlinelibrary.wiley.com/doi/pdfdirect/10.1002/adfm.201805794 [http_error 403],https://doi.org/10.1002/adfm.201805794
10.1002/adfm.201902858,Advanced_Functional_Materials,2019,green,no_url,,https://research.tue.nl/en/publications/ca24c560-3952-4897-a7e1-c93716f33fb5 | https://research.tue.nl/nl/publications/ca24c560-3952-4897-a7e1-c93716f33fb5
10.1002/adfm.201902990,Advanced_Functional_Materials,2019,green,no_url,,https://research.aalto.fi/en/publications/afc728af-ee29-495c-ba48-b3c7e5433867
10.1002/adfm.201903051,Advanced_Functional_Materials,2019,hybrid,http_error,https://onlinelibrary.wiley.com/doi/pdfdirect/10.1002/adfm.201903051 [http_error 403],http://infoscience.epfl.ch/record/269297 | https://doi.org/10.1002/adfm.201903051
10.1002/adfm.201901884,Advanced_Functional_Materials,2019,green,no_url,,https://hal.science/hal-02398753
10.1002/adfm.201902016,Advanced_Functional_Materials,2019,hybrid,http_error,https://onlinelibrary.wiley.com/doi/pdfdirect/10.1002/adfm.201902016 [http_error 403],http://hdl.handle.net/10447/428472 | https://doi.org/10.1002/adfm.201902016 | https://nottingham-repository.worktribe.com/output/2469370
10.1002/adfm.201902021,Advanced_Functional_Materials,2019,green,no_url,,https://hdl.handle.net/10550/104676 | https://infoscience.epfl.ch/handle/20.500.14299/159621
10.1002/adfm.201806798,Advanced_Functional_Materials,2019,bronze,http_error,https://onlinelibrary.wiley.com/doi/pdfdirect/10.1002/adfm.201806798 [http_error 403],http://hdl.handle.net/11586/228780 | http://hdl.handle.net/2108/213187 | https://doi.org/10.1002/adfm.201806798 | https://hdl.handle.net/11568/1022297
10.1002/adfm.201806883,Advanced_Functional_Materials,2019,green,http_error,https://hdl.handle.net/2027.42/149555 [http_error 403],https://hdl.handle.net/2027.42/149555
10.1002/adfm.201807086,Advanced_Functional_Materials,2018,bronze,http_error,https://onlinelibrary.wiley.com/doi/pdfdirect/10.1002/adfm.201807086 [http_error 403],https://doi.org/10.1002/adfm.201807086
10.1002/adfm.201806220,Advanced_Functional_Materials,2018,bronze,http_error,https://onlinelibrary.wiley.com/doi/pdfdirect/10.1002/adfm.201806220 [http_error 403],https://doi.org/10.1002/adfm.201806220
10.1002/adfm.201902273,Advanced_Functional_Materials,2019,green,no_url,,http://hdl.handle.net/10072/388186
10.1002/adfm.201902301,Advanced_Functional_Materials,2019,green,title_mismatch,https://researchmgt.monash.edu/ws/files/340953735/282813445_oa.pdf [title_mismatch],https://research.monash.edu/en/publications/d0f8a4d8-674a-408d-9ce6-54606689c3eb
10.1002/adfm.201902374,Advanced_Functional_Materials,2019,green,no_url,,http://eprints.gla.ac.uk/206667/
10.1002/adfm.201902392,Advanced_Functional_Materials,2019,green,http_error,https://escholarship.org/content/qt280640tx/qt280640tx.pdf [http_error 403] | https://www.osti.gov/servlets/purl/1580938 [http_error 403],https://escholarship.org/uc/item/280640tx | https://www.osti.gov/biblio/1528650
10.1002/adfm.201902394,Advanced_Functional_Materials,2019,green,no_url,,https://hal.science/hal-03015559 | https://onlinelibrary.wiley.com/doi/abs/10.1002/adfm.201902394
10.1002/adfm.201902692,Advanced_Functional_Materials,2019,hybrid,http_error,https://onlinelibrary.wiley.com/doi/pdfdirect/10.1002/adfm.201902692 [http_error 403],https://doi.org/10.1002/adfm.201902692 | https://research.manchester.ac.uk/en/publications/62d67a9d-791c-4ddb-948c-5b2d93efc3d0
10.1002/adfm.201903490,Advanced_Functional_Materials,2019,green,no_url,,http://hdl.handle.net/10072/393240
10.1002/adfm.201808084,Advanced_Functional_Materials,2019,bronze,http_error,https://onlinelibrary.wiley.com/doi/pdfdirect/10.1002/adfm.201808084 [http_error 403],https://doi.org/10.1002/adfm.201808084 | https://figshare.com/articles/journal_contribution/Monolayer_Epitaxial_Heterostructures_for_Selective_Visible-Light-Driven_Photocatalytic_NO_Oxidation/27781761
10.1002/adfm.201808119,Advanced_Functional_Materials,2019,green,http_error,https://research.aalto.fi/files/32312339/SCI_Dong_Xi_Zuo_Li_Conjugated_Molecules_AFM2019.pdf [http_error 403],https://research.aalto.fi/en/publications/323605a3-1f70-4ae0-9e12-9700dafbafc3
10.1002/adfm.201808241,Advanced_Functional_Materials,2019,bronze,http_error,https://onlinelibrary.wiley.com/doi/pdfdirect/10.1002/adfm.201808241 [http_error 403],https://doi.org/10.1002/adfm.201808241
10.1002/adfm.201905399,Advanced_Functional_Materials,2019,bronze,http_error,https://onlinelibrary.wiley.com/doi/pdfdirect/10.1002/adfm.201905399 [http_error 403],http://purl.org/au-research/grants/arc/LP160101362 | https://doi.org/10.1002/adfm.201905399
10.1002/adfm.201905722,Advanced_Functional_Materials,2019,hybrid,http_error,https://onlinelibrary.wiley.com/doi/pdfdirect/10.1002/adfm.201905722 [http_error 403],http://publica.fraunhofer.de/documents/N-572268.html | https://doi.org/10.1002/adfm.201905722 | https://doi.org/10.5445/ir/1000100199 | https://publikationen.bibliothek.kit.edu/1000100199
10.1002/adfm.201905883,Advanced_Functional_Materials,2019,hybrid,http_error,https://onlinelibrary.wiley.com/doi/pdfdirect/10.1002/adfm.201905883 [http_error 403],https://doi.org/10.1002/adfm.201905883 | https://research.tue.nl/en/publications/1aee4f1b-e517-46c3-9fc2-b238c8392b01 | https://research.tue.nl/nl/publications/1aee4f1b-e517-46c3-9fc2-b238c8392b01 | https://www.differ.nl/bibcite/reference/8453 | https://www.differ.nl/node/4429
10.1002/adfm.201905887,Advanced_Functional_Materials,2019,bronze,http_error,https://onlinelibrary.wiley.com/doi/pdfdirect/10.1002/adfm.201905887 [http_error 403],https://doi.org/10.1002/adfm.201905887 | https://hdl.handle.net/1721.1/140660
10.1002/adfm.201904262,Advanced_Functional_Materials,2019,bronze,http_error,https://onlinelibrary.wiley.com/doi/pdfdirect/10.1002/adfm.201904262 [http_error 403],https://doi.org/10.1002/adfm.201904262
10.1002/adfm.201904306,Advanced_Functional_Materials,2019,green,http_error,https://research.aalto.fi/files/36369098/Etula_et_al_Room_Temperature_Micropillar_Growth_of_Lithium_Titanate_Carbon_Composite_Structures_by_Self_biased_Direct_Current_Magnetron_Sputtering_for_Lithium_Ion_Microbatteries.pdf [http_error 403],http://urn.kb.se/resolve?urn=urn:nbn:se:liu:diva-159859 | https://research.aalto.fi/en/publications/7abd10be-083e-460d-94bf-6931d0f8c42f
10.1002/adfm.201904402,Advanced_Functional_Materials,2019,bronze,http_error,https://onlinelibrary.wiley.com/doi/pdfdirect/10.1002/adfm.201904402 [http_error 403],https://doi.org/10.1002/adfm.201904402 | https://research.utwente.nl/en/publications/85c33b0f-fabf-4610-9eec-6bdeb64cca0e
10.1002/adfm.201904434,Advanced_Functional_Materials,2019,bronze,not_pdf,https://onlinelibrary.wiley.com/doi/pdfdirect/10.1002/adfm.201904434 [http_error 403] | https://ddd.uab.cat/record/220670 [not_pdf],https://ddd.uab.cat/record/220670 | https://doi.org/10.1002/adfm.201904434
10.1002/adfm.201904457,Advanced_Functional_Materials,2019,hybrid,no_url,,https://doi.org/10.1002/adfm.201904457
10.1002/adfm.201900881,Advanced_Functional_Materials,2019,green,no_url,,http://hdl.handle.net/10234/185396 | http://hdl.handle.net/10498/30434
10.1002/adfm.201901134,Advanced_Functional_Materials,2019,green,no_url,,https://onlinelibrary.wiley.com/doi/pdfdirect/10.1002/adfm.201901134
10.1002/adfm.201907023,Advanced_Functional_Materials,2019,bronze,http_error,https://onlinelibrary.wiley.com/doi/pdfdirect/10.1002/adfm.201907023 [http_error 403],https://doi.org/10.1002/adfm.201907023
10.1002/adfm.201907150,Advanced_Functional_Materials,2019,green,http_error,https://research.aalto.fi/files/39157229/SCI_Wei_Fast.191202_wn_FAM.pdf [http_error 403],https://research.aalto.fi/en/publications/a735479a-cd04-40d2-9a8b-f774eaefef2d
10.1002/adfm.201907218,Advanced_Functional_Materials,2019,hybrid,http_error,https://onlinelibrary.wiley.com/doi/pdfdirect/10.1002/adfm.201907218 [http_error 403],http://resolver.sub.uni-goettingen.de/purl?gs-1/16870 | https://doi.org/10.1002/adfm.201907218 | https://resolver.sub.uni-goettingen.de/purl?gs-1/16870
10.1002/adfm.201907343,Advanced_Functional_Materials,2019,green,not_pdf,http://hdl.handle.net/11343/247736 [not_pdf],https://hdl.handle.net/11343/247736
10.1002/adfm.201907376,Advanced_Functional_Materials,2020,green,no_url,,https://figshare.com/articles/journal_contribution/Refining_Energy_Levels_in_ReS_2_Nanosheets_by_Low_Valent_Transition_Metal_Doping_for_Dual_Boosted_Electrochemical_Ammonia_Hydrogen_Production/24387442
10.1002/adfm.201907402,Advanced_Functional_Materials,2020,bronze,http_error,https://onlinelibrary.wiley.com/doi/pdfdirect/10.1002/adfm.201907402 [http_error 403],https://doi.org/10.1002/adfm.201907402 | https://hdl.handle.net/1721.1/140906
10.1002/adfm.201906142,Advanced_Functional_Materials,2019,green,no_url,,http://ir.ipe.ac.cn/handle/122111/30903
10.1002/adfm.201906157,Advanced_Functional_Materials,2019,bronze,http_error,https://onlinelibrary.wiley.com/doi/pdfdirect/10.1002/adfm.201906157 [http_error 403],https://admin.research-repository.uwa.edu.au/en/publications/a8d94149-b72a-4b0b-8d7f-94fa98dfca12 | https://doi.org/10.1002/adfm.201906157
10.1002/adfm.201906205,Advanced_Functional_Materials,2020,green,no_url,,https://nottingham-repository.worktribe.com/output/3820636
10.1002/adfm.201906254,Advanced_Functional_Materials,2019,hybrid,http_error,https://onlinelibrary.wiley.com/doi/pdfdirect/10.1002/adfm.201906254 [http_error 403],http://hdl.handle.net/10281/255032 | http://publica.fraunhofer.de/documents/N-577749.html | https://doi.org/10.1002/adfm.201906254
10.1002/adfm.201906330,Advanced_Functional_Materials,2019,bronze,http_error,https://onlinelibrary.wiley.com/doi/pdfdirect/10.1002/adfm.201906330 [http_error 403],https://doi.org/10.1002/adfm.201906330 | https://research.utwente.nl/en/publications/ea8b54a5-c8da-4753-b2b0-3c1371685d19 | https://www.ncbi.nlm.nih.gov/pmc/articles/8186324
10.1002/adfm.201906686,Advanced_Functional_Materials,2019,bronze,http_error,https://onlinelibrary.wiley.com/doi/pdfdirect/10.1002/adfm.201906686 [http_error 403],https://doi.org/10.1002/adfm.201906686
10.1002/adfm.201906836,Advanced_Functional_Materials,2019,green,no_url,,https://hdl.handle.net/11568/1030292 | https://www.ncbi.nlm.nih.gov/pmc/articles/7202556
10.1002/adfm.201906950,Advanced_Functional_Materials,2020,green,no_url,,http://hdl.handle.net/10072/393500
10.1002/adfm.201908612,Advanced_Functional_Materials,2019,hybrid,http_error,https://onlinelibrary.wiley.com/doi/pdfdirect/10.1002/adfm.201908612 [http_error 403],https://doi.org/10.1002/adfm.201908612 | https://opus4.kobv.de/opus4-fau/frontdoor/index/index/docId/14680
10.1002/adfm.201907436,Advanced_Functional_Materials,2020,green,no_url,,https://www.ncbi.nlm.nih.gov/pmc/articles/7566555
10.1002/adfm.201907505,Advanced_Functional_Materials,2019,hybrid,http_error,https://onlinelibrary.wiley.com/doi/pdfdirect/10.1002/adfm.201907505 [http_error 403],https://doi.org/10.1002/adfm.201907505 | https://research.rug.nl/en/publications/94c44d31-b40a-4c81-b33f-acc8edc484f3
10.1002/adfm.201907534,Advanced_Functional_Materials,2020,bronze,http_error,https://onlinelibrary.wiley.com/doi/pdfdirect/10.1002/adfm.201907534 [http_error 403],https://doi.org/10.1002/adfm.201907534
10.1002/adfm.201907791,Advanced_Functional_Materials,2020,hybrid,http_error,https://onlinelibrary.wiley.com/doi/pdfdirect/10.1002/adfm.201907791 [http_error 403],http://hdl.handle.net/21.11116/0000-0005-9553-5 | https://doi.org/10.1002/adfm.201907791
10.1002/adfm.201907847,Advanced_Functional_Materials,2020,hybrid,http_error,https://onlinelibrary.wiley.com/doi/pdfdirect/10.1002/adfm.201907847 [http_error 403],https://doi.org/10.1002/adfm.201907847
10.1002/adfm.201909051,Advanced_Functional_Materials,2020,hybrid,http_error,https://onlinelibrary.wiley.com/doi/pdfdirect/10.1002/adfm.201909051 [http_error 403],http://publica.fraunhofer.de/documents/N-582532.html | https://doi.org/10.1002/adfm.201909051
10.1002/adfm.201909254,Advanced_Functional_Materials,2020,green,no_url,,https://hal.science/hal-02508010v1/document
10.1002/adfm.201909260,Advanced_Functional_Materials,2020,hybrid,http_error,https://onlinelibrary.wiley.com/doi/pdfdirect/10.1002/adfm.201909260 [http_error 403],https://doi.org/10.1002/adfm.201909260
10.1002/adfm.201909383,Advanced_Functional_Materials,2020,hybrid,http_error,https://onlinelibrary.wiley.com/doi/pdfdirect/10.1002/adfm.201909383 [http_error 403],https://doi.org/10.1002/adfm.201909383
10.1002/adfm.201910259,Advanced_Functional_Materials,2020,hybrid,http_error,https://onlinelibrary.wiley.com/doi/pdfdirect/10.1002/adfm.201910259 [http_error 403],https://doi.org/10.1002/adfm.201910259 | https://epub.ub.uni-muenchen.de/72467/ | https://infoscience.epfl.ch/handle/20.500.14299/167632 | https://publications.rwth-aachen.de/record/788216
10.1002/adfm.201910283,Advanced_Functional_Materials,2020,green,no_url,,http://infoscience.epfl.ch/record/275613
10.1002/adfm.201910363,Advanced_Functional_Materials,2020,green,no_url,,https://hdl.handle.net/1721.1/140934
10.1002/adfm.201910432,Advanced_Functional_Materials,2020,hybrid,http_error,https://onlinelibrary.wiley.com/doi/pdfdirect/10.1002/adfm.201910432 [http_error 403] | https://tuprints.ulb.tu-darmstadt.de/19358 [http_error 403] | https://tuprints.ulb.tu-darmstadt.de/19358/1/adfm.201910432.pdf [http_error 403],https://doi.org/10.1002/adfm.201910432 | https://doi.org/10.26083/tuprints-00019358 | https://tuprints.ulb.tu-darmstadt.de/19358 | https://tuprints.ulb.tu-darmstadt.de/19358/1/adfm.201910432.pdf
10.1002/adfm.201910541,Advanced_Functional_Materials,2020,green,http_error,http://ira.lib.polyu.edu.hk/bitstream/10397/99236/1/Huang_Additive_Functionalization_Embroidery.pdf [http_error],http://hdl.handle.net/10397/99236
10.1002/adfm.201910561,Advanced_Functional_Materials,2020,green,no_url,,https://hdl.handle.net/11586/300303
10.1002/adfm.201904961,Advanced_Functional_Materials,2019,hybrid,http_error,https://onlinelibrary.wiley.com/doi/pdfdirect/10.1002/adfm.201904961 [http_error 403],http://mediatum.ub.tum.de/node?id=1537948 | https://doi.org/10.1002/adfm.201904961 | https://nottingham-repository.worktribe.com/file/2517160/1/Dental%20Resin%20Monomer%20Enables%20Unique%20NbO2%2FCarbon%20Lithium%E2%80%90Ion%20Battery%20Negative%20Electrode%20with%20Exceptional%20Performance
10.1002/adfm.201905005,Advanced_Functional_Materials,2019,hybrid,http_error,https://onlinelibrary.wiley.com/doi/pdfdirect/10.1002/adfm.201905005 [http_error 403],http://publica.fraunhofer.de/documents/N-564855.html | https://doi.org/10.1002/adfm.201905005 | https://trepo.tuni.fi/handle/10024/215865
10.1002/adfm.201905015,Advanced_Functional_Materials,2019,bronze,http_error,https://onlinelibrary.wiley.com/doi/pdfdirect/10.1002/adfm.201905015 [http_error 403],https://doi.org/10.1002/adfm.201905015 | https://figshare.com/articles/journal_contribution/Knittable_and_Washable_Multifunctional_MXene-Coated_Cellulose_Yarns/20740834
10.1002/adfm.201905056,Advanced_Functional_Materials,2019,green,no_url,,https://repositorio.unal.edu.co/handle/unal/80669
10.1002/adfm.201905168,Advanced_Functional_Materials,2019,bronze,http_error,https://onlinelibrary.wiley.com/doi/pdfdirect/10.1002/adfm.201905168 [http_error 403],https://doi.org/10.1002/adfm.201905168 | https://hdl.handle.net/1721.1/127783
10.1002/adfm.201905190,Advanced_Functional_Materials,2019,hybrid,http_error,https://onlinelibrary.wiley.com/doi/pdfdirect/10.1002/adfm.201905190 [http_error 403],https://doi.org/10.1002/adfm.201905190
10.1002/adfm.201905200,Advanced_Functional_Materials,2019,hybrid,http_error,https://onlinelibrary.wiley.com/doi/pdfdirect/10.1002/adfm.201905200 [http_error 403],https://doi.org/10.1002/adfm.201905200 | https://doi.org/10.17169/refubium-26081 | https://refubium.fu-berlin.de/handle/fub188/26322
10.1002/adfm.201905202,Advanced_Functional_Materials,2019,green,no_url,,https://www.ncbi.nlm.nih.gov/pmc/articles/7861488
10.1002/adfm.201905220,Advanced_Functional_Materials,2019,hybrid,http_error,https://onlinelibrary.wiley.com/doi/pdfdirect/10.1002/adfm.201905220 [http_error 403],https://doi.org/10.1002/adfm.201905220
10.1002/adfm.201905228,Advanced_Functional_Materials,2019,green,no_url,,https://figshare.com/articles/journal_contribution/A_high-energy_aqueous_aluminum-manganese_battery/20741581
10.1002/adfm.201905269,Advanced_Functional_Materials,2019,hybrid,http_error,https://onlinelibrary.wiley.com/doi/pdfdirect/10.1002/adfm.201905269 [http_error 403],https://doi.org/10.1002/adfm.201905269
10.1002/adfm.201905272,Advanced_Functional_Materials,2019,hybrid,http_error,https://onlinelibrary.wiley.com/doi/pdfdirect/10.1002/adfm.201905272 [http_error 403],https://doi.org/10.1002/adfm.201905272 | https://slub.qucosa.de/id/qucosa%3A75413
10.1002/adfm.201905321,Advanced_Functional_Materials,2019,green,no_url,,http://hdl.handle.net/1959.4/unsworks_61409
10.1002/adfm.202000537,Advanced_Functional_Materials,2020,green,no_url,,https://hdl.handle.net/11370/4fb6e426-8ba1-4201-91a2-804088ebd61b
10.1002/adfm.202000543,Advanced_Functional_Materials,2020,green,no_url,,https://www.ncbi.nlm.nih.gov/pmc/articles/7938961
10.1002/adfm.202000739,Advanced_Functional_Materials,2020,bronze,http_error,https://onlinelibrary.wiley.com/doi/pdfdirect/10.1002/adfm.202000739 [http_error 403],https://doi.org/10.1002/adfm.202000739 | https://figshare.com/articles/journal_contribution/MXene-Based_Fibers_Yarns_and_Fabrics_for_Wearable_Energy_Storage_Devices/20704555
10.1002/adfm.202000815,Advanced_Functional_Materials,2020,hybrid,http_error,https://onlinelibrary.wiley.com/doi/pdfdirect/10.1002/adfm.202000815 [http_error 403],https://doi.org/10.1002/adfm.202000815
10.1002/adfm.201910583,Advanced_Functional_Materials,2020,hybrid,http_error,https://onlinelibrary.wiley.com/doi/pdfdirect/10.1002/adfm.201910583 [http_error 403],http://edoc.hu-berlin.de/18452/22171 | https://doi.org/10.1002/adfm.201910583 | https://doi.org/10.18452/21441
10.1002/adfm.201910620,Advanced_Functional_Materials,2020,bronze,not_pdf,https://onlinelibrary.wiley.com/doi/pdfdirect/10.1002/adfm.201910620 [http_error 403] | https://zenodo.org/record/5137559 [not_pdf],https://doi.org/10.1002/adfm.201910620 | https://infoscience.epfl.ch/handle/20.500.14299/167490 | https://zenodo.org/record/5137559
10.1002/adfm.201910660,Advanced_Functional_Materials,2020,green,no_url,,https://www.ncbi.nlm.nih.gov/pmc/articles/7688058
10.1002/adfm.201910809,Advanced_Functional_Materials,2020,green,no_url,,https://researchportal.bath.ac.uk/en/publications/9e8aa710-5361-4ad7-bae9-f8376d3d9310
10.1002/adfm.201910813,Advanced_Functional_Materials,2020,bronze,http_error,https://onlinelibrary.wiley.com/doi/pdfdirect/10.1002/adfm.201910813 [http_error 403],https://doi.org/10.1002/adfm.201910813 | https://figshare.com/articles/journal_contribution/Amine-Functionalized_Boron_Nitride_Nanosheets_A_New_Functional_Additive_for_Robust_Flexible_Ion_Gel_Electrolyte_with_High_Lithium-Ion_Transference_Number/20715292
10.1002/adfm.201910826,Advanced_Functional_Materials,2020,green,no_url,,https://figshare.com/articles/journal_contribution/Highly_Thermally_Conductive_Dielectric_Nanocomposites_with_Synergistic_Alignments_of_Graphene_and_Boron_Nitride_Nanosheets/20710396
10.1002/adfm.202000003,Advanced_Functional_Materials,2020,hybrid,http_error,https://onlinelibrary.wiley.com/doi/pdfdirect/10.1002/adfm.202000003 [http_error 403],http://hdl.handle.net/21.11116/0000-0006-3E70-7 | https://doi.org/10.1002/adfm.202000003 | https://www.helmholtz-berlin.de/pubbin/oai_publication?VT=1&ID=103532
10.1002/adfm.202000015,Advanced_Functional_Materials,2020,green,no_url,,http://hdl.handle.net/10072/418365
10.1002/adfm.202000841,Advanced_Functional_Materials,2020,hybrid,http_error,https://onlinelibrary.wiley.com/doi/pdfdirect/10.1002/adfm.202000841 [http_error 403],https://doi.org/10.1002/adfm.202000841 | https://research.brighton.ac.uk/en/publications/a505f651-25cb-4c44-b6c4-b912d6d17ff7
10.1002/adfm.202000857,Advanced_Functional_Materials,2020,green,no_url,,https://hal.science/hal-03117175 | https://onlinelibrary.wiley.com/doi/abs/10.1002/adfm.202000857
10.1002/adfm.202000894,Advanced_Functional_Materials,2020,hybrid,http_error,https://onlinelibrary.wiley.com/doi/pdfdirect/10.1002/adfm.202000894 [http_error 403],http://urn.kb.se/resolve?urn=urn:nbn:se:liu:diva-166186 | https://doi.org/10.1002/adfm.202000894
10.1002/adfm.202000948,Advanced_Functional_Materials,2020,bronze,http_error,https://onlinelibrary.wiley.com/doi/pdfdirect/10.1002/adfm.202000948 [http_error 403] | https://escholarship.org/content/qt1cp665j9/qt1cp665j9.pdf [http_error 403] | https://www.osti.gov/servlets/purl/1642689 [http_error 403],https://doi.org/10.1002/adfm.202000948 | https://escholarship.org/uc/item/1cp665j9 | https://www.osti.gov/biblio/1617068
10.1002/adfm.202001026,Advanced_Functional_Materials,2020,bronze,http_error,https://onlinelibrary.wiley.com/doi/pdfdirect/10.1002/adfm.202001026 [http_error 403],https://doi.org/10.1002/adfm.202001026 | https://hdl.handle.net/1721.1/140862.2
10.1002/adfm.202001136,Advanced_Functional_Materials,2020,green,title_mismatch,https://www.osti.gov/servlets/purl/1660008 [title_mismatch],https://www.osti.gov/biblio/1630175
10.1002/adfm.202001263,Advanced_Functional_Materials,2020,green,no_url,,https://figshare.com/articles/journal_contribution/Designing_Dendrite-Free_Zinc_Anodes_for_Advanced_Aqueous_Zinc_Batteries/27774774
10.1002/adfm.202001388,Advanced_Functional_Materials,2020,hybrid,http_error,https://onlinelibrary.wiley.com/doi/pdfdirect/10.1002/adfm.202001388 [http_error 403],https://doi.org/10.1002/adfm.202001388 | https://infoscience.epfl.ch/handle/20.500.14299/170129
10.1002/adfm.201904481,Advanced_Functional_Materials,2019,green,http_error,http://ira.lib.polyu.edu.hk/bitstream/10397/103313/1/Yu_Self-catalyzed_Growth_Surface.pdf [http_error],http://hdl.handle.net/10397/103313
10.1002/adfm.201904622,Advanced_Functional_Materials,2019,green,robots_disallowed,https://eprints.lib.hokudai.ac.jp/repo/huscap/all/79747/manuscript.pdf [robots_disallowed],https://hdl.handle.net/2115/79747
10.1002/adfm.201903805,Advanced_Functional_Materials,2019,green,http_error,http://ira.lib.polyu.edu.hk/bitstream/10397/103312/1/Ni_Progress_Report_Proton.pdf [http_error],http://hdl.handle.net/10397/103312
10.1002/adfm.201903842,Advanced_Functional_Materials,2019,green,not_pdf,https://ddd.uab.cat/record/218073 [not_pdf],https://ddd.uab.cat/record/218073
10.1002/adfm.201903895,Advanced_Functional_Materials,2019,green,no_url,,https://research-information.bris.ac.uk/en/publications/6c457a6d-59a1-4e88-a751-036fc09a7297
10.1002/adfm.201903960,Advanced_Functional_Materials,2019,green,http_error,https://oatao.univ-toulouse.fr/25596/1/Shang_25596.pdf [http_error],https://oatao.univ-toulouse.fr/25596/1/Shang_25596.pdf
10.1002/adfm.202002434,Advanced_Functional_Materials,2020,green,no_url,,https://www.ncbi.nlm.nih.gov/pmc/articles/7357249
10.1002/adfm.202002462,Advanced_Functional_Materials,2020,hybrid,http_error,https://onlinelibrary.wiley.com/doi/pdfdirect/10.1002/adfm.202002462 [http_error 403],https://doi.org/10.1002/adfm.202002462
10.1002/adfm.202002473,Advanced_Functional_Materials,2020,hybrid,http_error,https://onlinelibrary.wiley.com/doi/pdfdirect/10.1002/adfm.202002473 [http_error 403] | http://sro.sussex.ac.uk/id/eprint/90745/1/Alan%20Dalton%202-Accepted-08.04.20.pdf [http_error 202],http://sro.sussex.ac.uk/id/eprint/90745/1/Alan%20Dalton%202-Accepted-08.04.20.pdf | http://urn.kb.se/resolve?urn=urn:nbn:se:liu:diva-166169 | https://doi.org/10.1002/adfm.202002473 | https://figshare.com/articles/journal_contribution/Mechanochromic_and_thermochromic_sensors_based_on_graphene_infused_polymer_opals/20704309 | https://figshare.com/articles/journal_contribution/Mechanochromic_and_thermochromic_sensors_based_on_graphene_infused_polymer_opals/23476352 | https://www.ncbi.nlm.nih.gov/pmc/articles/7406018
10.1002/adfm.201908337,Advanced_Functional_Materials,2019,green,not_pdf,https://escholarship.org/content/qt6kw3v40x/qt6kw3v40x.pdf [http_error 403] | https://www.osti.gov/servlets/purl/1777950 [http_error 403] | https://www.osti.gov/biblio/1777950 [not_pdf],https://escholarship.org/uc/item/6kw3v40x | https://www.osti.gov/biblio/1577877 | https://www.osti.gov/biblio/1777950
10.1002/adfm.201908367,Advanced_Functional_Materials,2020,green,no_url,,http://ir.lzu.edu.cn/handle/262010/416709
10.1002/adfm.201909565,Advanced_Functional_Materials,2020,green,no_url,,https://hdl.handle.net/1721.1/133219
10.1002/adfm.201909655,Advanced_Functional_Materials,2020,hybrid,http_error,https://onlinelibrary.wiley.com/doi/pdfdirect/10.1002/adfm.201909655 [http_error 403],http://hdl.handle.net/11577/3341216 | https://doi.org/10.1002/adfm.201909655 | https://zenodo.org/record/3740604
10.1002/adfm.201909702,Advanced_Functional_Materials,2020,bronze,http_error,https://onlinelibrary.wiley.com/doi/pdfdirect/10.1002/adfm.201909702 [http_error 403],https://doi.org/10.1002/adfm.201909702
10.1002/adfm.201909738,Advanced_Functional_Materials,2020,hybrid,http_error,https://onlinelibrary.wiley.com/doi/pdfdirect/10.1002/adfm.201909738 [http_error 403],https://doi.org/10.1002/adfm.201909738
10.1002/adfm.202002610,Advanced_Functional_Materials,2020,hybrid,http_error,https://onlinelibrary.wiley.com/doi/pdfdirect/10.1002/adfm.202002610 [http_error 403],https://doi.org/10.1002/adfm.202002610
10.1002/adfm.202002611,Advanced_Functional_Materials,2020,green,no_url,,https://figshare.com/articles/journal_contribution/Ultrasoft_Liquid_Metal_Elastomer_Foams_with_Positive_and_Negative_Piezopermittivity_for_Tactile_Sensing/27535497 | https://infoscience.epfl.ch/handle/20.500.14299/170245
10.1002/adfm.202002629,Advanced_Functional_Materials,2020,bronze,http_error,https://onlinelibrary.wiley.com/doi/pdfdirect/10.1002/adfm.202002629 [http_error 403],https://doi.org/10.1002/adfm.202002629
10.1002/adfm.202002630,Advanced_Functional_Materials,2020,hybrid,http_error,https://onlinelibrary.wiley.com/doi/pdfdirect/10.1002/adfm.202002630 [http_error 403],https://doi.org/10.1002/adfm.202002630
10.1002/adfm.202002664,Advanced_Functional_Materials,2020,hybrid,http_error,https://onlinelibrary.wiley.com/doi/pdfdirect/10.1002/adfm.202002664 [http_error 403],http://publica.fraunhofer.de/documents/N-593220.html | https://doi.org/10.1002/adfm.202002664
10.1002/adfm.202002868,Advanced_Functional_Materials,2020,green,no_url,,https://www.ncbi.nlm.nih.gov/pmc/articles/7928534
10.1002/adfm.202002913,Advanced_Functional_Materials,2020,bronze,http_error,https://onlinelibrary.wiley.com/doi/pdfdirect/10.1002/adfm.202002913 [http_error 403],https://doi.org/10.1002/adfm.202002913
10.1002/adfm.202001821,Advanced_Functional_Materials,2020,hybrid,http_error,https://onlinelibrary.wiley.com/doi/pdfdirect/10.1002/adfm.202001821 [http_error 403],https://doi.org/10.1002/adfm.202001821 | https://nottingham-repository.worktribe.com/output/4736810
10.1002/adfm.202001897,Advanced_Functional_Materials,2020,hybrid,http_error,https://onlinelibrary.wiley.com/doi/pdfdirect/10.1002/adfm.202001897 [http_error 403],http://hdl.handle.net/10261/345517 | https://doi.org/10.1002/adfm.202001897 | https://hdl.handle.net/10171/59675
10.1002/adfm.202001924,Advanced_Functional_Materials,2020,green,no_url,,https://hdl.handle.net/1721.1/140430
10.1002/adfm.202001952,Advanced_Functional_Materials,2020,hybrid,http_error,https://onlinelibrary.wiley.com/doi/pdfdirect/10.1002/adfm.202001952 [http_error 403],https://doi.org/10.1002/adfm.202001952
10.1002/adfm.202002122,Advanced_Functional_Materials,2020,hybrid,http_error,https://onlinelibrary.wiley.com/doi/pdfdirect/10.1002/adfm.202002122 [http_error 403],https://doi.org/10.1002/adfm.202002122 | https://research.vu.nl/en/publications/ac5e60ff-0fc2-4061-8e26-3767983fae23
10.1002/adfm.202002149,Advanced_Functional_Materials,2020,hybrid,http_error,https://onlinelibrary.wiley.com/doi/pdfdirect/10.1002/adfm.202002149 [http_error 403],http://hdl.handle.net/20.500.11850/417234 | https://doi.org/10.1002/adfm.202002149 | https://doi.org/10.3929/ethz-b-000417234
10.1002/adfm.202002964,Advanced_Functional_Materials,2020,green,no_url,,https://hdl.handle.net/11492/3511
10.1002/adfm.202003159,Advanced_Functional_Materials,2020,green,not_pdf,http://hdl.handle.net/11343/275950 [not_pdf],https://hdl.handle.net/11343/275950
10.1002/adfm.202003740,Advanced_Functional_Materials,2020,green,no_url,,https://www.ncbi.nlm.nih.gov/pmc/articles/7941201
10.1002/adfm.202003849,Advanced_Functional_Materials,2020,hybrid,http_error,https://onlinelibrary.wiley.com/doi/pdfdirect/10.1002/adfm.202003849 [http_error 403],http://hdl.handle.net/21.11116/0000-0007-2FEF-9 | https://doi.org/10.1002/adfm.202003849
10.1002/adfm.202004227,Advanced_Functional_Materials,2020,hybrid,http_error,https://onlinelibrary.wiley.com/doi/pdfdirect/10.1002/adfm.202004227 [http_error 403],https://doi.org/10.1002/adfm.202004227
10.1002/adfm.202004285,Advanced_Functional_Materials,2020,green,no_url,,https://www.ncbi.nlm.nih.gov/pmc/articles/7942018
10.1002/adfm.202004307,Advanced_Functional_Materials,2020,green,http_error,https://escholarship.org/content/qt6v48z8bz/qt6v48z8bz.pdf [http_error 403],https://escholarship.org/uc/item/6v48z8bz | https://www.ncbi.nlm.nih.gov/pmc/articles/7942842
10.1002/adfm.202004326,Advanced_Functional_Materials,2020,hybrid,http_error,https://onlinelibrary.wiley.com/doi/pdfdirect/10.1002/adfm.202004326 [http_error 403],http://hdl.handle.net/10316/91322 | http://hdl.handle.net/21.11116/0000-0007-4EB6-5 | https://doi.org/10.1002/adfm.202004326
10.1002/adfm.202004348,Advanced_Functional_Materials,2020,hybrid,http_error,https://onlinelibrary.wiley.com/doi/pdfdirect/10.1002/adfm.202004348 [http_error 403],https://doi.org/10.1002/adfm.202004348
10.1002/adfm.201909839,Advanced_Functional_Materials,2020,hybrid,http_error,https://onlinelibrary.wiley.com/doi/pdfdirect/10.1002/adfm.201909839 [http_error 403],https://doi.org/10.1002/adfm.201909839 | https://qmro.qmul.ac.uk/xmlui/handle/123456789/62939
10.1002/adfm.201909964,Advanced_Functional_Materials,2020,green,title_mismatch,https://arxiv.org/pdf/2009.06900 [title_mismatch],http://arxiv.org/abs/2009.06900 | https://orbit.dtu.dk/en/publications/841a294b-98d6-4f2b-96ed-3b7d21ff78fd
10.1002/adfm.201910079,Advanced_Functional_Materials,2020,hybrid,http_error,https://onlinelibrary.wiley.com/doi/pdfdirect/10.1002/adfm.201910079 [http_error 403],https://doi.org/10.1002/adfm.201910079 | https://doi.org/10.17863/cam.47776 | https://research.manchester.ac.uk/en/publications/b846ca31-3675-431b-82a7-0dce8d073a42 | https://www.repository.cam.ac.uk/handle/1810/300703
10.1002/adfm.201910108,Advanced_Functional_Materials,2020,bronze,http_error,https://onlinelibrary.wiley.com/doi/pdfdirect/10.1002/adfm.201910108 [http_error 403],https://doi.org/10.1002/adfm.201910108
10.1002/adfm.201910123,Advanced_Functional_Materials,2020,hybrid,http_error,https://onlinelibrary.wiley.com/doi/pdfdirect/10.1002/adfm.201910123 [http_error 403],https://doi.org/10.1002/adfm.201910123
10.1002/adfm.201910196,Advanced_Functional_Materials,2020,green,no_url,,https://zenodo.org/record/3991552
10.1002/adfm.202003381,Advanced_Functional_Materials,2020,hybrid,http_error,https://onlinelibrary.wiley.com/doi/pdfdirect/10.1002/adfm.202003381 [http_error 403],http://publica.fraunhofer.de/documents/N-618489.html | https://doi.org/10.1002/adfm.202003381
10.1002/adfm.202003512,Advanced_Functional_Materials,2020,hybrid,http_error,https://onlinelibrary.wiley.com/doi/pdfdirect/10.1002/adfm.202003512 [http_error 403],https://doi.org/10.1002/adfm.202003512
10.1002/adfm.202003518,Advanced_Functional_Materials,2020,hybrid,no_url,,https://doi.org/10.1002/adfm.202003518
10.1002/adfm.202003533,Advanced_Functional_Materials,2020,hybrid,http_error,https://onlinelibrary.wiley.com/doi/pdfdirect/10.1002/adfm.202003533 [http_error 403],https://doi.org/10.1002/adfm.202003533
10.1002/adfm.202003555,Advanced_Functional_Materials,2020,hybrid,http_error,https://onlinelibrary.wiley.com/doi/pdfdirect/10.1002/adfm.202003555 [http_error 403],https://doi.org/10.1002/adfm.202003555 | https://dspace.library.uu.nl/handle/1874/408993 | https://rdw.rowan.edu/engineering_facpub/102
10.1002/adfm.202003618,Advanced_Functional_Materials,2020,green,no_url,,https://figshare.com/articles/journal_contribution/1D_2D_nanomaterials_synergistic_compressible_and_response_rapidly_3D_graphene_aerogel_for_piezoresistive_sensor/20698018
10.1002/adfm.202003717,Advanced_Functional_Materials,2020,green,no_url,,https://www.ncbi.nlm.nih.gov/pmc/articles/7591105
10.1002/adfm.202001444,Advanced_Functional_Materials,2020,hybrid,http_error,https://onlinelibrary.wiley.com/doi/pdfdirect/10.1002/adfm.202001444 [http_error 403],https://doi.org/10.1002/adfm.202001444 | https://orbit.dtu.dk/en/publications/6861d5f5-c081-4339-8bb9-03b71789c8b4
10.1002/adfm.202001648,Advanced_Functional_Materials,2020,green,no_url,,http://hdl.handle.net/1959.4/unsworks_67540
10.1002/adfm.202001692,Advanced_Functional_Materials,2020,green,http_error,https://escholarship.org/content/qt97g6b47p/qt97g6b47p.pdf [http_error 403] | https://www.osti.gov/servlets/purl/1634087 [http_error 403],https://escholarship.org/uc/item/97g6b47p | https://www.osti.gov/biblio/1616202
10.1002/adfm.202001703,Advanced_Functional_Materials,2020,hybrid,http_error,https://onlinelibrary.wiley.com/doi/pdfdirect/10.1002/adfm.202001703 [http_error 403],https://doi.org/10.1002/adfm.202001703
10.1002/adfm.202001764,Advanced_Functional_Materials,2020,hybrid,http_error,https://onlinelibrary.wiley.com/doi/pdfdirect/10.1002/adfm.202001764 [http_error 403],https://doi.org/10.1002/adfm.202001764 | https://hdl.handle.net/2031/9e16cf50-1aa1-4065-a68d-4c9f2d157e13 | https://nbn-resolving.org/urn:nbn:de:bvb:29-opus4-152437
10.1002/adfm.202000378,Advanced_Functional_Materials,2020,hybrid,http_error,https://onlinelibrary.wiley.com/doi/pdfdirect/10.1002/adfm.202000378 [http_error 403] | https://hdl.handle.net/21.11116/0000-0006-8BA5-3 [http_error 403],http://nbn-resolving.de/urn:nbn:de:bsz:289-oparu-44063-3 | https://doi.org/10.1002/adfm.202000378 | https://doi.org/10.18725/oparu-43987 | https://hdl.handle.net/21.11116/0000-0005-EB91-E | https://research.wur.nl/en/publications/ultrathin-polydopamine-films-with-phospholipid-nanodiscs-containi
10.1002/adfm.202000409,Advanced_Functional_Materials,2020,hybrid,http_error,https://onlinelibrary.wiley.com/doi/pdfdirect/10.1002/adfm.202000409 [http_error 403],https://doi.org/10.1002/adfm.202000409
10.1002/adfm.202000479,Advanced_Functional_Materials,2020,hybrid,http_error,https://onlinelibrary.wiley.com/doi/pdfdirect/10.1002/adfm.202000479 [http_error 403] | https://research.aalto.fi/files/43461792/adfm.202000479.pdf [http_error 403],http://hdl.handle.net/10138/317977 | https://doi.org/10.1002/adfm.202000479 | https://research.aalto.fi/en/publications/4de48d7f-d912-4eeb-95fe-04d563785995
10.1002/adfm.202000484,Advanced_Functional_Materials,2020,hybrid,http_error,https://onlinelibrary.wiley.com/doi/pdfdirect/10.1002/adfm.202000484 [http_error 403],https://doi.org/10.1002/adfm.202000484 | https://doi.org/10.5445/ir/1000117766 | https://publikationen.bibliothek.kit.edu/1000117766
10.1002/adfm.202005311,Advanced_Functional_Materials,2020,hybrid,http_error,https://onlinelibrary.wiley.com/doi/pdfdirect/10.1002/adfm.202005311 [http_error 403],https://doi.org/10.1002/adfm.202005311 | https://zenodo.org/record/4607371
10.1002/adfm.202005407,Advanced_Functional_Materials,2020,green,not_pdf,https://zenodo.org/record/4018475 [not_pdf],https://zenodo.org/record/4018475
10.1002/adfm.202006254,Advanced_Functional_Materials,2021,green,no_url,,https://digitalcommons.uri.edu/che_facpubs/256
10.1002/adfm.202005499,Advanced_Functional_Materials,2020,bronze,http_error,https://onlinelibrary.wiley.com/doi/pdfdirect/10.1002/adfm.202005499 [http_error 403],https://doi.org/10.1002/adfm.202005499 | https://hdl.handle.net/1721.1/140654 | https://hdl.handle.net/1721.1/140654.2
10.1002/adfm.202005669,Advanced_Functional_Materials,2020,green,no_url,,https://figshare.com/articles/journal_contribution/Lewis_Acid_Base_Interactions_between_Polysulfides_and_Boehmite_Enables_Stable_Room-Temperature_Sodium_Sulfur_Batteries/20633634 | https://research.monash.edu/en/publications/a716c0bc-8fa0-408c-a5ed-fd2404dc69c7
10.1002/adfm.202005727,Advanced_Functional_Materials,2020,green,no_url,,http://hdl.handle.net/10072/399647
10.1002/adfm.202005792,Advanced_Functional_Materials,2020,hybrid,http_error,https://onlinelibrary.wiley.com/doi/pdfdirect/10.1002/adfm.202005792 [http_error 403],https://doi.org/10.1002/adfm.202005792 | https://pure.qub.ac.uk/en/publications/b17b44ce-03d9-4b51-890d-77710620dd56 | https://pure.ulster.ac.uk/en/publications/0b8d7763-d120-4135-9931-54db7e52a4c8
10.1002/adfm.202005861,Advanced_Functional_Materials,2020,bronze,http_error,https://onlinelibrary.wiley.com/doi/pdfdirect/10.1002/adfm.202005861 [http_error 403] | https://hdl.handle.net/2027.42/163913 [http_error 403],https://doi.org/10.1002/adfm.202005861 | https://hdl.handle.net/2027.42/163913
10.1002/adfm.202005959,Advanced_Functional_Materials,2020,hybrid,http_error,https://onlinelibrary.wiley.com/doi/pdfdirect/10.1002/adfm.202005959 [http_error 403],https://doi.org/10.1002/adfm.202005959
10.1002/adfm.202007555,Advanced_Functional_Materials,2021,hybrid,http_error,https://onlinelibrary.wiley.com/doi/pdfdirect/10.1002/adfm.202007555 [http_error 403],https://doi.org/10.1002/adfm.202007555 | https://portal.findresearcher.sdu.dk/da/publications/063d6c11-cbf6-4189-92bd-47423f344742 | https://www.ncbi.nlm.nih.gov/pmc/articles/9536771
10.1002/adfm.202007743,Advanced_Functional_Materials,2020,hybrid,http_error,https://onlinelibrary.wiley.com/doi/pdfdirect/10.1002/adfm.202007743 [http_error 403],https://doi.org/10.1002/adfm.202007743
10.1002/adfm.202008569,Advanced_Functional_Materials,2020,bronze,http_error,https://onlinelibrary.wiley.com/doi/pdfdirect/10.1002/adfm.202008569 [http_error 403],https://doi.org/10.1002/adfm.202008569
10.1002/adfm.202008667,Advanced_Functional_Materials,2020,bronze,http_error,https://onlinelibrary.wiley.com/doi/pdfdirect/10.1002/adfm.202008667 [http_error 403],https://doi.org/10.1002/adfm.202008667
10.1002/adfm.202008712,Advanced_Functional_Materials,2020,bronze,http_error,https://onlinelibrary.wiley.com/doi/pdfdirect/10.1002/adfm.202008712 [http_error 403],https://doi.org/10.1002/adfm.202008712 | https://hdl.handle.net/1721.1/140655 | https://hdl.handle.net/1721.1/140655.2
10.1002/adfm.202008783,Advanced_Functional_Materials,2021,green,no_url,,https://figshare.com/articles/journal_contribution/High-performance_aqueous_Na_Zn_hybrid_ion_battery_boosted_by_water-in-gel_electrolyte/14131892
10.1002/adfm.202008851,Advanced_Functional_Materials,2021,green,no_url,,https://figshare.com/articles/journal_contribution/Significant_Enhancement_of_Thermoelectric_Figure_of_Merit_in_BiSbTe-Based_Composites_by_Incorporating_Carbon_Microfiber/20676702 | https://figshare.com/articles/journal_contribution/Significant_Enhancement_of_Thermoelectric_Figure_of_Merit_in_BiSbTe-Based_Composites_by_Incorporating_Carbon_Microfiber/27815403
10.1002/adfm.202008959,Advanced_Functional_Materials,2020,hybrid,http_error,https://onlinelibrary.wiley.com/doi/pdfdirect/10.1002/adfm.202008959 [http_error 403],http://urn.kb.se/resolve?urn=urn:nbn:se:hb:diva-24792 | http://urn.kb.se/resolve?urn=urn:nbn:se:liu:diva-172362 | https://doi.org/10.1002/adfm.202008959 | https://figshare.com/articles/journal_contribution/Fast_and_High-Strain_Electrochemically_Driven_Yarn_Actuators_in_Twisted_and_Coiled_Configurations/27814635
10.1002/adfm.202008989,Advanced_Functional_Materials,2020,hybrid,http_error,https://onlinelibrary.wiley.com/doi/pdfdirect/10.1002/adfm.202008989 [http_error 403],http://hdl.handle.net/10044/1/85905 | https://doi.org/10.1002/adfm.202008989
10.1002/adfm.202009039,Advanced_Functional_Materials,2021,green,no_url,,https://hal.science/hal-03154867
10.1002/adfm.202009103,Advanced_Functional_Materials,2021,green,http_error,https://escholarship.org/content/qt32r2g50w/qt32r2g50w.pdf [http_error 403],https://escholarship.org/uc/item/32r2g50w
10.1002/adfm.202009475,Advanced_Functional_Materials,2021,bronze,http_error,https://onlinelibrary.wiley.com/doi/pdfdirect/10.1002/adfm.202009475 [http_error 403],https://doi.org/10.1002/adfm.202009475
10.1002/adfm.202009611,Advanced_Functional_Materials,2021,hybrid,http_error,https://onlinelibrary.wiley.com/doi/pdfdirect/10.1002/adfm.202009611 [http_error 403],https://doi.org/10.1002/adfm.202009611 | https://doi.org/10.5445/ir/1000130387 | https://publikationen.bibliothek.kit.edu/1000130387
10.1002/adfm.202009619,Advanced_Functional_Materials,2021,green,no_url,,http://hdl.handle.net/10773/34213
10.1002/adfm.202009630,Advanced_Functional_Materials,2021,green,no_url,,https://hdl.handle.net/1721.1/140223
10.1002/adfm.202009692,Advanced_Functional_Materials,2021,bronze,http_error,https://onlinelibrary.wiley.com/doi/pdfdirect/10.1002/adfm.202009692 [http_error 403],https://doi.org/10.1002/adfm.202009692
10.1002/adfm.202009732,Advanced_Functional_Materials,2021,hybrid,no_url,,https://doi.org/10.1002/adfm.202009732
10.1002/adfm.202010047,Advanced_Functional_Materials,2021,green,title_mismatch,https://www.osti.gov/servlets/purl/1779583 [title_mismatch],https://www.osti.gov/biblio/1784445
10.1002/adfm.202010144,Advanced_Functional_Materials,2021,bronze,http_error,https://onlinelibrary.wiley.com/doi/pdfdirect/10.1002/adfm.202010144 [http_error 403],https://doi.org/10.1002/adfm.202010144
10.1002/adfm.202010246,Advanced_Functional_Materials,2021,green,no_url,,https://www.ncbi.nlm.nih.gov/pmc/articles/8297588
10.1002/adfm.202010422,Advanced_Functional_Materials,2021,bronze,http_error,https://onlinelibrary.wiley.com/doi/pdfdirect/10.1002/adfm.202010422 [http_error 403],https://doi.org/10.1002/adfm.202010422
10.1002/adfm.202010623,Advanced_Functional_Materials,2021,green,no_url,,https://hdl.handle.net/1721.1/140297
10.1002/adfm.202010633,Advanced_Functional_Materials,2021,green,no_url,,https://figshare.com/articles/journal_contribution/Non-Platinum_Group_Metal_Electrocatalysts_toward_Efficient_Hydrogen_Oxidation_Reaction/27802584
10.1002/adfm.202006998,Advanced_Functional_Materials,2020,bronze,http_error,https://onlinelibrary.wiley.com/doi/pdfdirect/10.1002/adfm.202006998 [http_error 403],http://purl.org/au-research/grants/arc/FL170100014 | https://doi.org/10.1002/adfm.202006998
10.1002/adfm.202101578,Advanced_Functional_Materials,2021,hybrid,no_url,,https://doi.org/10.1002/adfm.202101578
10.1002/adfm.202101724,Advanced_Functional_Materials,2021,green,no_url,,https://zenodo.org/record/5348055
10.1002/adfm.202011176,Advanced_Functional_Materials,2021,hybrid,no_url,,https://doi.org/10.1002/adfm.202011176
10.1002/adfm.202011210,Advanced_Functional_Materials,2021,hybrid,http_error,https://onlinelibrary.wiley.com/doi/pdfdirect/10.1002/adfm.202011210 [http_error 403],https://doi.org/10.1002/adfm.202011210
10.1002/adfm.202100015,Advanced_Functional_Materials,2021,hybrid,http_error,https://onlinelibrary.wiley.com/doi/pdfdirect/10.1002/adfm.202100015 [http_error 403],https://doi.org/10.1002/adfm.202100015 | https://www.ncbi.nlm.nih.gov/pmc/articles/8889894
10.1002/adfm.202102047,Advanced_Functional_Materials,2021,hybrid,http_error,https://onlinelibrary.wiley.com/doi/pdfdirect/10.1002/adfm.202102047 [http_error 403],http://hdl.handle.net/10084/145118 | https://doi.org/10.1002/adfm.202102047
10.1002/adfm.202102420,Advanced_Functional_Materials,2021,hybrid,http_error,https://onlinelibrary.wiley.com/doi/pdfdirect/10.1002/adfm.202102420 [http_error 403],https://doi.org/10.1002/adfm.202102420
10.1002/adfm.202004612,Advanced_Functional_Materials,2020,hybrid,http_error,https://onlinelibrary.wiley.com/doi/pdfdirect/10.1002/adfm.202004612 [http_error 403],https://doi.org/10.1002/adfm.202004612 | https://nbn-resolving.org/urn:nbn:de:bvb:29-opus4-151448
10.1002/adfm.202004615,Advanced_Functional_Materials,2020,bronze,http_error,https://onlinelibrary.wiley.com/doi/pdfdirect/10.1002/adfm.202004615 [http_error 403],http://infoscience.epfl.ch/record/279462 | https://doi.org/10.1002/adfm.202004615 | https://www.ncbi.nlm.nih.gov/pmc/articles/7435547
10.1002/adfm.202004707,Advanced_Functional_Materials,2020,hybrid,http_error,https://onlinelibrary.wiley.com/doi/pdfdirect/10.1002/adfm.202004707 [http_error 403],https://doi.org/10.1002/adfm.202004707 | https://opus.bibliothek.uni-wuerzburg.de/frontdoor/index/index/docId/22564 | https://push-zb.helmholtz-muenchen.de/frontdoor.php?source_opus=60849 | https://push-zb.helmholtz-munich.de/frontdoor.php?source_opus=60849
10.1002/adfm.202004766,Advanced_Functional_Materials,2020,hybrid,not_pdf,https://onlinelibrary.wiley.com/doi/pdfdirect/10.1002/adfm.202004766 [http_error 403] | https://ddd.uab.cat/record/233987 [not_pdf],http://ddd.uab.cat/record/233987 | http://hdl.handle.net/10261/226885 | http://urn.kb.se/resolve?urn=urn:nbn:se:liu:diva-168770 | https://ddd.uab.cat/record/233987 | https://doi.org/10.1002/adfm.202004766
10.1002/adfm.202004891,Advanced_Functional_Materials,2020,bronze,http_error,https://onlinelibrary.wiley.com/doi/pdfdirect/10.1002/adfm.202004891 [http_error 403],https://doi.org/10.1002/adfm.202004891
10.1002/adfm.202006711,Advanced_Functional_Materials,2020,green,no_url,,http://infoscience.epfl.ch/record/281024
10.1002/adfm.202006739,Advanced_Functional_Materials,2020,bronze,http_error,https://onlinelibrary.wiley.com/doi/pdfdirect/10.1002/adfm.202006739 [http_error 403],https://doi.org/10.1002/adfm.202006739
10.1002/adfm.202006753,Advanced_Functional_Materials,2020,bronze,http_error,https://onlinelibrary.wiley.com/doi/pdfdirect/10.1002/adfm.202006753 [http_error 403],http://hdl.handle.net/1959.3/458945 | https://doi.org/10.1002/adfm.202006753 | https://doi.org/10.25916/sut.26297971.v1 | https://figshare.com/articles/journal_contribution/Direct_Assembly_of_Vertically_Oriented_Gold_Nanorod_Arrays/26297971
10.1002/adfm.202006771,Advanced_Functional_Materials,2020,green,no_url,,https://doi.org/10.1002/adfm.202006771
10.1002/adfm.202006796,Advanced_Functional_Materials,2020,green,no_url,,https://www.ncbi.nlm.nih.gov/pmc/articles/9007546
10.1002/adfm.202006853,Advanced_Functional_Materials,2020,bronze,http_error,https://onlinelibrary.wiley.com/doi/pdfdirect/10.1002/adfm.202006853 [http_error 403],https://doi.org/10.1002/adfm.202006853
10.1002/adfm.202102713,Advanced_Functional_Materials,2021,hybrid,not_pdf,https://onlinelibrary.wiley.com/doi/pdfdirect/10.1002/adfm.202102713 [http_error 403] | https://opus4.kobv.de/opus4-fau/files/18814/ADFM_ADFM202102713.pdf [not_pdf],https://doi.org/10.1002/adfm.202102713 | https://opus4.kobv.de/opus4-fau/files/18814/ADFM_ADFM202102713.pdf
10.1002/adfm.202102911,Advanced_Functional_Materials,2021,hybrid,no_url,,https://cris.maastrichtuniversity.nl/en/publications/235c04e6-0236-43e4-b055-d28e9aa697b1 | https://doi.org/10.1002/adfm.202102911 | https://research.tue.nl/files/188375861/adfm.202102911.pdf | https://research.tue.nl/nl/publications/7aae7ac5-61e3-4f49-b06a-ee03b76b9cd6
10.1002/adfm.202102915,Advanced_Functional_Materials,2021,green,no_url,,https://hal.science/hal-03806815
10.1002/adfm.202104539,Advanced_Functional_Materials,2021,bronze,http_error,https://onlinelibrary.wiley.com/doi/pdfdirect/10.1002/adfm.202104539 [http_error 403],https://doi.org/10.1002/adfm.202104539
10.1002/adfm.202104652,Advanced_Functional_Materials,2021,hybrid,not_pdf,https://onlinelibrary.wiley.com/doi/pdfdirect/10.1002/adfm.202104652 [http_error 403] | http://hdl.handle.net/10044/1/91328 [not_pdf],http://hdl.handle.net/10044/1/91328 | https://doi.org/10.1002/adfm.202104652 | https://doi.org/10.5445/ir/1000137057 | https://publikationen.bibliothek.kit.edu/1000137057
10.1002/adfm.202104864,Advanced_Functional_Materials,2021,green,no_url,,http://hdl.handle.net/10072/406492
10.1002/adfm.202104868,Advanced_Functional_Materials,2021,hybrid,http_error,https://onlinelibrary.wiley.com/doi/pdfdirect/10.1002/adfm.202104868 [http_error 403] | https://infoscience.epfl.ch/record/287359/files/adfm.202104868.pdf [http_error 429],https://doi.org/10.1002/adfm.202104868 | https://infoscience.epfl.ch/handle/20.500.14299/180059
10.1002/adfm.202104887,Advanced_Functional_Materials,2021,bronze,http_error,https://onlinelibrary.wiley.com/doi/pdfdirect/10.1002/adfm.202104887 [http_error 403] | https://hdl.handle.net/2027.42/171044 [http_error 403],https://doi.org/10.1002/adfm.202104887 | https://hdl.handle.net/2027.42/171044
10.1002/adfm.202103171,Advanced_Functional_Materials,2021,green,title_mismatch,https://upcommons.upc.edu/bitstream/2117/363429/1/CLAUDIO%20CAZORLA.pdf [title_mismatch],http://hdl.handle.net/2117/363429
10.1002/adfm.202103290,Advanced_Functional_Materials,2021,green,http_error,http://ira.lib.polyu.edu.hk/bitstream/10397/100053/1/Kim_Tuning_Electrochemical_Properties.pdf [http_error],http://hdl.handle.net/10397/100053
10.1002/adfm.202103295,Advanced_Functional_Materials,2021,hybrid,http_error,https://onlinelibrary.wiley.com/doi/pdfdirect/10.1002/adfm.202103295 [http_error 403],https://doi.org/10.1002/adfm.202103295
10.1002/adfm.202103601,Advanced_Functional_Materials,2021,hybrid,http_error,https://onlinelibrary.wiley.com/doi/pdfdirect/10.1002/adfm.202103601 [http_error 403],https://doi.org/10.1002/adfm.202103601 | https://hal.science/hal-05317226v1/document
10.1002/adfm.202007826,Advanced_Functional_Materials,2020,bronze,http_error,https://onlinelibrary.wiley.com/doi/pdfdirect/10.1002/adfm.202007826?download=true [http_error 403],https://doi.org/10.1002/adfm.202007826
10.1002/adfm.202007840,Advanced_Functional_Materials,2020,green,no_url,,http://infoscience.epfl.ch/record/286634
10.1002/adfm.202008088,Advanced_Functional_Materials,2021,hybrid,http_error,https://onlinelibrary.wiley.com/doi/pdfdirect/10.1002/adfm.202008088 [http_error 403],http://hdl.handle.net/2434/823920 | https://doi.org/10.1002/adfm.202008088
10.1002/adfm.202100773,Advanced_Functional_Materials,2021,bronze,http_error,https://onlinelibrary.wiley.com/doi/pdfdirect/10.1002/adfm.202100773 [http_error 403],https://doi.org/10.1002/adfm.202100773
10.1002/adfm.202100881,Advanced_Functional_Materials,2021,bronze,http_error,https://onlinelibrary.wiley.com/doi/pdfdirect/10.1002/adfm.202100881 [http_error 403],https://doi.org/10.1002/adfm.202100881 | https://figshare.com/articles/journal_contribution/Next_Generation_Cell_Culture_Tools_Featuring_Micro-_and_Nanotopographies_for_Biological_Screening/20624301 | https://infoscience.epfl.ch/handle/20.500.14299/177969 | https://research.monash.edu/files/369694036/336646626_oa.pdf
10.1002/adfm.202101081,Advanced_Functional_Materials,2021,hybrid,not_pdf,https://onlinelibrary.wiley.com/doi/pdfdirect/10.1002/adfm.202101081 [http_error 403] | https://www.db-thueringen.de/servlets/MCRFileNodeServlet/dbt_derivate_00055885/1616-3028_31_2021_24_2101081.pdf [not_pdf],https://doi.org/10.1002/adfm.202101081 | https://www.db-thueringen.de/receive/dbt_mods_00051688
10.1002/adfm.202101090,Advanced_Functional_Materials,2021,hybrid,no_url,,https://doi.org/10.1002/adfm.202101090
10.1002/adfm.202101195,Advanced_Functional_Materials,2021,bronze,http_error,https://onlinelibrary.wiley.com/doi/pdfdirect/10.1002/adfm.202101195 [http_error 403],https://doi.org/10.1002/adfm.202101195 | https://www.ncbi.nlm.nih.gov/pmc/articles/8206748
10.1002/adfm.202101239,Advanced_Functional_Materials,2021,green,no_url,,http://hdl.handle.net/10072/403339
10.1002/adfm.202104061,Advanced_Functional_Materials,2021,hybrid,http_error,https://onlinelibrary.wiley.com/doi/pdfdirect/10.1002/adfm.202104061 [http_error 403],https://doi.org/10.1002/adfm.202104061 | https://www.helmholtz-berlin.de/pubbin/oai_publication?VT=1ID=104590
10.1002/adfm.202104148,Advanced_Functional_Materials,2021,hybrid,http_error,https://onlinelibrary.wiley.com/doi/pdfdirect/10.1002/adfm.202104148 [http_error 403],http://hdl.handle.net/11311/1187723 | https://doi.org/10.1002/adfm.202104148
10.1002/adfm.202104281,Advanced_Functional_Materials,2021,green,no_url,,https://figshare.com/articles/journal_contribution/Tuning_the_Electrolyte_Solvation_Structure_to_Suppress_Cathode_Dissolution_Water_Reactivity_and_Zn_Dendrite_Growth_in_Zinc-Ion_Batteries/27810843
10.1002/adfm.202104300,Advanced_Functional_Materials,2021,hybrid,http_error,https://onlinelibrary.wiley.com/doi/pdfdirect/10.1002/adfm.202104300 [http_error 403],https://doi.org/10.1002/adfm.202104300
10.1002/adfm.202105043,Advanced_Functional_Materials,2021,bronze,http_error,https://onlinelibrary.wiley.com/doi/pdfdirect/10.1002/adfm.202105043 [http_error 403],https://doi.org/10.1002/adfm.202105043
10.1002/adfm.202105054,Advanced_Functional_Materials,2021,hybrid,not_pdf,https://onlinelibrary.wiley.com/doi/pdfdirect/10.1002/adfm.202105054 [http_error 403] | https://opus4.kobv.de/opus4-fau/files/18768/ADFM_ADFM202105054.pdf [not_pdf],https://doi.org/10.1002/adfm.202105054 | https://opus4.kobv.de/opus4-fau/files/18768/ADFM_ADFM202105054.pdf
10.1002/adfm.202105203,Advanced_Functional_Materials,2021,hybrid,http_error,https://onlinelibrary.wiley.com/doi/pdfdirect/10.1002/adfm.202105203 [http_error 403],https://doi.org/10.1002/adfm.202105203 | https://research.wur.nl/en/publications/divalent-ion-selectivity-in-capacitive-deionization-with-vanadium | https://www.scopus.com/pages/publications/85110775501
10.1002/adfm.202105717,Advanced_Functional_Materials,2021,bronze,http_error,https://onlinelibrary.wiley.com/doi/pdfdirect/10.1002/adfm.202105717 [http_error 403],https://doi.org/10.1002/adfm.202105717
10.1002/adfm.202105734,Advanced_Functional_Materials,2021,hybrid,http_error,https://onlinelibrary.wiley.com/doi/pdfdirect/10.1002/adfm.202105734 [http_error 403],https://doi.org/10.1002/adfm.202105734 | https://research.rug.nl/en/publications/e82edd7c-8730-4325-9360-a0531b6252d9
10.1002/adfm.202105807,Advanced_Functional_Materials,2021,hybrid,http_error,https://onlinelibrary.wiley.com/doi/pdfdirect/10.1002/adfm.202105807 [http_error 403],https://doi.org/10.1002/adfm.202105807 | https://onlinelibrary.wiley.com/doi/10.1002/adfm.202105807
10.1002/adfm.202008172,Advanced_Functional_Materials,2020,hybrid,http_error,https://onlinelibrary.wiley.com/doi/pdfdirect/10.1002/adfm.202008172 [http_error 403],https://doi.org/10.1002/adfm.202008172
10.1002/adfm.202008259,Advanced_Functional_Materials,2020,green,http_error,https://escholarship.org/content/qt4434q2hn/qt4434q2hn.pdf [http_error 403],https://escholarship.org/uc/item/4434q2hn
10.1002/adfm.202100258,Advanced_Functional_Materials,2021,hybrid,http_error,https://onlinelibrary.wiley.com/doi/pdfdirect/10.1002/adfm.202100258 [http_error 403],https://doi.org/10.1002/adfm.202100258 | https://doi.org/10.18154/rwth-2021-05432 | https://publications.rwth-aachen.de/record/820115
10.1002/adfm.202100438,Advanced_Functional_Materials,2021,bronze,http_error,https://onlinelibrary.wiley.com/doi/pdfdirect/10.1002/adfm.202100438 [http_error 403],https://doi.org/10.1002/adfm.202100438 | https://nottingham-repository.worktribe.com/output/5407789
10.1002/adfm.202010638,Advanced_Functional_Materials,2021,green,http_error,https://researchportal.bath.ac.uk/files/217901518/Zupanc_ic_AFM_MS.Revised_Manuscript.pdf [http_error 403],https://researchportal.bath.ac.uk/en/publications/ae87d056-dd9c-42d0-91b7-198fe2e3d069
10.1002/adfm.202010747,Advanced_Functional_Materials,2021,hybrid,http_error,https://europepmc.org/articles/PMC8436951/pdf/render [http_error 403],http://europepmc.org/pmc/articles/PMC8436951 | https://doi.org/10.1002/adfm.202010747 | https://www.ncbi.nlm.nih.gov/pmc/articles/8436951
10.1002/adfm.202010784,Advanced_Functional_Materials,2021,green,no_url,,https://www.ncbi.nlm.nih.gov/pmc/articles/8115200
10.1002/adma.19970090516,Advanced_Materials,1997,bronze,http_error,https://onlinelibrary.wiley.com/doi/pdfdirect/10.1002/adma.19970090516 [http_error 403],https://doi.org/10.1002/adma.19970090516
10.1002/adma.19940060103,Advanced_Materials,1994,green,no_url,,https://figshare.com/articles/journal_contribution/Template-directed_nucleation_and_growth_of_inorganic_materials/22930400
10.1002/adma.200305832,Advanced_Materials,2004,green,no_url,,https://www.openaccessrepository.it/record/74528
10.1002/adma.200306660,Advanced_Materials,2004,bronze,http_error,https://onlinelibrary.wiley.com/doi/pdfdirect/10.1002/adma.200306660 [http_error 403],https://doi.org/10.1002/adma.200306660
10.1002/adma.19960081019,Advanced_Materials,1996,bronze,http_error,https://onlinelibrary.wiley.com/doi/pdfdirect/10.1002/adma.19960081019 [http_error 403],https://doi.org/10.1002/adma.19960081019
10.1002/adma.200400268,Advanced_Materials,2004,bronze,http_error,https://onlinelibrary.wiley.com/doi/pdfdirect/10.1002/adma.200400268 [http_error 403],https://doi.org/10.1002/adma.200400268
10.1002/adma.19960080703,Advanced_Materials,1996,green,no_url,,http://resolver.tudelft.nl/uuid:e533ffd5-0d3e-4c20-a28c-d67431b8cff4
10.1002/adma.200400573,Advanced_Materials,2004,bronze,http_error,https://onlinelibrary.wiley.com/doi/pdfdirect/10.1002/adma.200400573 [http_error 403],https://doi.org/10.1002/adma.200400573
10.1002/adma.200305086,Advanced_Materials,2003,bronze,http_error,https://onlinelibrary.wiley.com/doi/pdfdirect/10.1002/adma.200305086 [http_error 403],https://doi.org/10.1002/adma.200305086
10.1002/adma.200401049,Advanced_Materials,2005,bronze,http_error,https://onlinelibrary.wiley.com/doi/pdfdirect/10.1002/adma.200401049 [http_error 403],https://doi.org/10.1002/adma.200401049
10.1002/adma.200400628,Advanced_Materials,2005,bronze,http_error,https://onlinelibrary.wiley.com/doi/pdfdirect/10.1002/adma.200400628 [http_error 403],http://hdl.handle.net/11380/455015 | https://doi.org/10.1002/adma.200400628 | https://www.openaccessrepository.it/record/74530
10.1002/adma.200400690,Advanced_Materials,2005,bronze,http_error,https://onlinelibrary.wiley.com/doi/pdfdirect/10.1002/adma.200400690 [http_error 403],https://doi.org/10.1002/adma.200400690
10.1002/adma.200401860,Advanced_Materials,2005,green,no_url,,https://dspace.lboro.ac.uk/2134/17763
10.1002/adma.200500009,Advanced_Materials,2005,bronze,http_error,https://onlinelibrary.wiley.com/doi/pdfdirect/10.1002/adma.200500009 [http_error 403],https://doi.org/10.1002/adma.200500009
10.1002/adma.200500437,Advanced_Materials,2005,bronze,http_error,https://onlinelibrary.wiley.com/doi/pdfdirect/10.1002/adma.200500437 [http_error 403],https://doi.org/10.1002/adma.200500437
10.1002/adma.200390043,Advanced_Materials,2003,bronze,http_error,https://onlinelibrary.wiley.com/doi/pdfdirect/10.1002/adma.200390043 [http_error 403],https://doi.org/10.1002/adma.200390043 | https://ibn.idsi.md/vizualizare_articol/183788
10.1002/adma.200390094,Advanced_Materials,2003,bronze,http_error,https://onlinelibrary.wiley.com/doi/pdfdirect/10.1002/adma.200390094 [http_error 403],https://doi.org/10.1002/adma.200390094
10.1002/adma.200501841,Advanced_Materials,2006,bronze,http_error,https://onlinelibrary.wiley.com/doi/pdfdirect/10.1002/adma.200501841 [http_error 403],https://doi.org/10.1002/adma.200501841
10.1002/adma.200501973,Advanced_Materials,2006,green,no_url,,https://doi.org/10.5445/ir/1000010959
10.1002/adma.200502566,Advanced_Materials,2006,green,no_url,,http://hdl.handle.net/2117/117878
10.1002/adma.200502568,Advanced_Materials,2006,bronze,http_error,https://onlinelibrary.wiley.com/doi/pdfdirect/10.1002/adma.200502568 [http_error 403],https://doi.org/10.1002/adma.200502568 | https://research.utwente.nl/en/publications/dca05381-2baf-4c2b-9e40-59f04e8457a5
10.1002/adma.200502690,Advanced_Materials,2006,bronze,http_error,https://onlinelibrary.wiley.com/doi/pdfdirect/10.1002/adma.200502690 [http_error 403],https://doi.org/10.1002/adma.200502690
10.1002/adma.200502732,Advanced_Materials,2006,green,no_url,,https://dspace.library.uu.nl/handle/1874/20264
10.1002/adma.200600362,Advanced_Materials,2006,bronze,http_error,https://onlinelibrary.wiley.com/doi/pdfdirect/10.1002/adma.200600362 [http_error 403],https://doi.org/10.1002/adma.200600362
10.1002/adma.200600465,Advanced_Materials,2006,green,no_url,,http://hdl.handle.net/11380/963094
10.1002/adma.200401527,Advanced_Materials,2005,bronze,http_error,https://onlinelibrary.wiley.com/doi/pdfdirect/10.1002/adma.200401527 [http_error 403],https://doi.org/10.1002/adma.200401527
10.1002/adma.200401581,Advanced_Materials,2005,green,no_url,,http://knowledge.uchicago.edu/record/9084 | https://doi.org/10.6082/1be5s-nnp43 | https://doi.org/10.6082/f7mem-pjg67
10.1002/adma.200401648,Advanced_Materials,2005,green,no_url,,https://figshare.com/articles/journal_contribution/Highly_conducting_carbon_nanotube_polyethyleneimine_composite_fibers/20920954
10.1002/adma.200602130,Advanced_Materials,2007,green,no_url,,https://digitalcommons.uri.edu/che_facpubs/482
10.1002/adma.200601759,Advanced_Materials,2007,bronze,http_error,https://onlinelibrary.wiley.com/doi/pdfdirect/10.1002/adma.200601759 [http_error 403],https://doi.org/10.1002/adma.200601759
10.1002/adma.200601867,Advanced_Materials,2007,bronze,http_error,https://onlinelibrary.wiley.com/doi/pdfdirect/10.1002/adma.200601867 [http_error 403],https://doi.org/10.1002/adma.200601867
10.1002/adma.200601905,Advanced_Materials,2007,bronze,http_error,https://onlinelibrary.wiley.com/doi/pdfdirect/10.1002/adma.200601905 [http_error 403] | https://hdl.handle.net/2027.42/56080 [http_error 403],https://doi.org/10.1002/adma.200601905 | https://hdl.handle.net/2027.42/56080
10.1002/adma.200602487,Advanced_Materials,2007,green,no_url,,https://www.ncbi.nlm.nih.gov/pmc/articles/2677821
10.1002/adma.200602706,Advanced_Materials,2007,bronze,http_error,https://onlinelibrary.wiley.com/doi/pdfdirect/10.1002/adma.200602706 [http_error 403] | https://hdl.handle.net/2027.42/56017 [http_error 403],https://doi.org/10.1002/adma.200602706 | https://hdl.handle.net/2027.42/56017
10.1002/adma.200602770,Advanced_Materials,2007,green,no_url,,http://doi.org/10.1002/adma.200602770
10.1002/adma.200501674,Advanced_Materials,2005,green,no_url,,https://doi.org/10.5445/ir/1000010958
10.1002/adma.200501726,Advanced_Materials,2006,green,no_url,,https://www.ncbi.nlm.nih.gov/pmc/articles/3088882
10.1002/adma.200701221,Advanced_Materials,2007,bronze,http_error,https://onlinelibrary.wiley.com/doi/pdfdirect/10.1002/adma.200701221 [http_error 403],https://doi.org/10.1002/adma.200701221
10.1002/adma.200701297,Advanced_Materials,2008,green,no_url,,https://figshare.com/articles/journal_contribution/Galvanic_replacement_reaction_on_metal_films_A_one-step_approach_to_create_nanoporous_surfaces_for_catalysis/27409200
10.1002/adma.200701125,Advanced_Materials,2008,bronze,http_error,https://onlinelibrary.wiley.com/doi/pdfdirect/10.1002/adma.200701125 [http_error 403],https://doi.org/10.1002/adma.200701125
10.1002/adma.200600797,Advanced_Materials,2006,green,http_error,https://hdl.handle.net/2027.42/55795 [http_error 403],https://hdl.handle.net/2027.42/55795
10.1002/adma.200600882,Advanced_Materials,2007,bronze,http_error,https://onlinelibrary.wiley.com/doi/pdfdirect/10.1002/adma.200600882 [http_error 403] | https://hdl.handle.net/2027.42/55959 [http_error 403],https://doi.org/10.1002/adma.200600882 | https://hdl.handle.net/2027.42/55959
10.1002/adma.200600113,Advanced_Materials,2006,bronze,http_error,https://onlinelibrary.wiley.com/doi/pdfdirect/10.1002/adma.200600113 [http_error 403] | https://hdl.handle.net/2027.42/55897 [http_error 403],https://doi.org/10.1002/adma.200600113 | https://hdl.handle.net/2027.42/55897
10.1002/adma.200600303,Advanced_Materials,2006,bronze,http_error,https://onlinelibrary.wiley.com/doi/pdfdirect/10.1002/adma.200600303 [http_error 403],https://doi.org/10.1002/adma.200600303
10.1002/adma.200701408,Advanced_Materials,2008,hybrid,http_error,https://onlinelibrary.wiley.com/doi/pdfdirect/10.1002/adma.200701408 [http_error 403],https://doi.org/10.1002/adma.200701408
10.1002/adma.200701537,Advanced_Materials,2008,bronze,http_error,https://onlinelibrary.wiley.com/doi/pdfdirect/10.1002/adma.200701537 [http_error 403],https://doi.org/10.1002/adma.200701537
10.1002/adma.200701572,Advanced_Materials,2007,bronze,http_error,https://onlinelibrary.wiley.com/doi/pdfdirect/10.1002/adma.200701572 [http_error 403] | https://hdl.handle.net/2027.42/57531 [http_error 403],https://doi.org/10.1002/adma.200701572 | https://hdl.handle.net/2027.42/57531
10.1002/adma.200701601,Advanced_Materials,2008,green,http_error,https://hdl.handle.net/2027.42/58079 [http_error 403],https://hdl.handle.net/2027.42/58079
10.1002/adma.200701685,Advanced_Materials,2008,green,no_url,,http://hdl.handle.net/11858/00-001M-0000-0010-FE59-E
10.1002/adma.200701752,Advanced_Materials,2008,bronze,http_error,https://onlinelibrary.wiley.com/doi/pdfdirect/10.1002/adma.200701752 [http_error 403],https://doi.org/10.1002/adma.200701752
10.1002/adma.200701767,Advanced_Materials,2008,bronze,http_error,https://onlinelibrary.wiley.com/doi/pdfdirect/10.1002/adma.200701767 [http_error 403],https://doi.org/10.1002/adma.200701767
10.1002/adma.200701828,Advanced_Materials,2008,bronze,http_error,https://onlinelibrary.wiley.com/doi/pdfdirect/10.1002/adma.200701828 [http_error 403],https://doi.org/10.1002/adma.200701828
10.1002/adma.200701972,Advanced_Materials,2007,bronze,http_error,https://onlinelibrary.wiley.com/doi/pdfdirect/10.1002/adma.200701972 [http_error 403],https://doi.org/10.1002/adma.200701972 | https://www.ncbi.nlm.nih.gov/pmc/articles/2480527
10.1002/adma.200702663,Advanced_Materials,2008,green,no_url,,http://ir.ipe.ac.cn/handle/122111/2884
10.1002/adma.200702802,Advanced_Materials,2008,green,no_url,,http://infoscience.epfl.ch/record/160841
10.1002/adma.200703033,Advanced_Materials,2008,green,no_url,,https://www.openaccessrepository.it/record/74544
10.1002/adma.200703094,Advanced_Materials,2008,green,no_url,,https://stars.library.ucf.edu/facultybib2000/1219 | https://stars.library.ucf.edu/scopus2000/10046
10.1002/adma.200700169,Advanced_Materials,2007,green,no_url,,https://scholarworks.umass.edu/chem_faculty_pubs/796
10.1002/adma.200800138,Advanced_Materials,2008,bronze,http_error,https://onlinelibrary.wiley.com/doi/pdfdirect/10.1002/adma.200800138 [http_error 403],https://doi.org/10.1002/adma.200800138
10.1002/adma.200800255,Advanced_Materials,2008,green,no_url,,https://www.ncbi.nlm.nih.gov/pmc/articles/2519003
10.1002/adma.200800323,Advanced_Materials,2008,green,no_url,,http://hdl.handle.net/11858/00-001M-0000-0010-FE93-A
10.1002/adma.200700594,Advanced_Materials,2007,green,no_url,,http://hdl.handle.net/11380/421209
10.1002/adma.200801088,Advanced_Materials,2008,bronze,http_error,https://onlinelibrary.wiley.com/doi/pdfdirect/10.1002/adma.200801088 [http_error 403],https://doi.org/10.1002/adma.200801088
10.1002/adma.200801204,Advanced_Materials,2008,green,no_url,,http://infoscience.epfl.ch/record/154172
10.1002/adma.200801283,Advanced_Materials,2009,bronze,http_error,https://onlinelibrary.wiley.com/doi/pdfdirect/10.1002/adma.200801283 [http_error 403],https://doi.org/10.1002/adma.200801283
10.1002/adma.200802008,Advanced_Materials,2008,bronze,http_error,https://onlinelibrary.wiley.com/doi/pdfdirect/10.1002/adma.200802008 [http_error 403],https://doi.org/10.1002/adma.200802008
10.1002/adma.200802114,Advanced_Materials,2009,bronze,http_error,https://onlinelibrary.wiley.com/doi/pdfdirect/10.1002/adma.200802114 [http_error 403],https://doi.org/10.1002/adma.200802114
10.1002/adma.200803786,Advanced_Materials,2009,green,no_url,,https://www.ncbi.nlm.nih.gov/pmc/articles/2808638
10.1002/adma.200902360,Advanced_Materials,2009,green,no_url,,https://www.ncbi.nlm.nih.gov/pmc/articles/4337822
10.1002/adma.200902418,Advanced_Materials,2009,green,no_url,,https://ir.ymlib.yonsei.ac.kr/handle/22282913/100614
10.1002/adma.200904168,Advanced_Materials,2010,green,no_url,,https://figshare.com/articles/journal_contribution/An_efficient_organic-dye-sensitized_solar_cell_with_in_situ_polymerized_poly_3_4-ethylenedioxythiophene_as_a_hole-transporting_material/24346654
10.1002/adma.200902827,Advanced_Materials,2009,green,http_error,https://hdl.handle.net/2027.42/69160 [http_error 403],https://hdl.handle.net/2027.42/69160
10.1002/adma.200903054,Advanced_Materials,2009,green,no_url,,https://www.ncbi.nlm.nih.gov/pmc/articles/3790900
10.1002/adma.200903151,Advanced_Materials,2010,green,no_url,,http://infoscience.epfl.ch/record/209550
10.1002/adma.201001525,Advanced_Materials,2010,green,not_pdf,http://hdl.handle.net/1721.1/79375 [not_pdf],http://hdl.handle.net/1721.1/79375 | https://www.ncbi.nlm.nih.gov/pmc/articles/3030257
10.1002/adma.201001761,Advanced_Materials,2010,bronze,http_error,https://onlinelibrary.wiley.com/doi/pdfdirect/10.1002/adma.201001761 [http_error 403] | https://hdl.handle.net/2027.42/78504 [http_error 403],https://doi.org/10.1002/adma.201001761 | https://hdl.handle.net/2027.42/78504
10.1002/adma.201001922,Advanced_Materials,2010,green,http_error,http://oatao.univ-toulouse.fr/9379/1/Shaijumon_9379.pdf [http_error],http://oatao.univ-toulouse.fr/9379/1/Shaijumon_9379.pdf
10.1002/adma.200801752,Advanced_Materials,2008,green,http_error,https://research.rug.nl/files/10408956/2009AdvMaterSzendrei.pdf [http_error 403],https://research.rug.nl/en/publications/fbe7d34f-e3f6-4ee7-a48b-595b7e74b810 | https://research.rug.nl/files/10408956/2009AdvMaterSzendrei.pdf
10.1002/adma.201002526,Advanced_Materials,2010,bronze,http_error,https://onlinelibrary.wiley.com/doi/pdfdirect/10.1002/adma.201002526 [http_error 403],https://doi.org/10.1002/adma.201002526
10.1002/adma.200803258,Advanced_Materials,2009,green,http_error,https://hdl.handle.net/2027.42/63530 [http_error 403],https://hdl.handle.net/2027.42/63530
10.1002/adma.200803504,Advanced_Materials,2009,green,no_url,,https://www.ncbi.nlm.nih.gov/pmc/articles/2731433
10.1002/adma.200903625,Advanced_Materials,2010,green,no_url,,https://www.ncbi.nlm.nih.gov/pmc/articles/2923400
10.1002/adma.201101580,Advanced_Materials,2011,bronze,http_error,https://onlinelibrary.wiley.com/doi/pdfdirect/10.1002/adma.201101580 [http_error 403],https://doi.org/10.1002/adma.201101580
10.1002/adma.201101724,Advanced_Materials,2011,green,no_url,,http://urn.kb.se/resolve?urn=urn:nbn:se:liu:diva-72170
10.1002/adma.201101782,Advanced_Materials,2011,green,no_url,,http://nrs.harvard.edu/urn-3:HUL.InstRepos:33419434
10.1002/adma.201004660,Advanced_Materials,2011,bronze,http_error,https://onlinelibrary.wiley.com/doi/pdfdirect/10.1002/adma.201004660 [http_error 403],https://doi.org/10.1002/adma.201004660
10.1002/adma.201100151,Advanced_Materials,2011,green,no_url,,https://figshare.com/articles/journal_contribution/Diamond_in_tellurite_glass_A_new_medium_for_quantum_information/27446988
10.1002/adma.201000611,Advanced_Materials,2010,gold,no_url,,https://ibn.idsi.md/vizualizare_articol/183787
10.1002/adma.201102306,Advanced_Materials,2011,bronze,http_error,https://onlinelibrary.wiley.com/doi/pdfdirect/10.1002/adma.201102306 [http_error 403],http://urn.kb.se/resolve?urn=urn:nbn:se:liu:diva-72027 | https://doi.org/10.1002/adma.201102306
10.1002/adma.201102421,Advanced_Materials,2011,green,not_pdf,https://www.osti.gov/biblio/1511333 [not_pdf],https://www.osti.gov/biblio/1511333
10.1002/adma.201102430,Advanced_Materials,2011,green,no_url,,http://infoscience.epfl.ch/record/220799
10.1002/adma.201102584,Advanced_Materials,2011,green,no_url,,http://hdl.handle.net/2262/66473 | https://figshare.com/articles/journal_contribution/Large-scale_exfoliation_of_inorganic_layered_compounds_in_aqueous_surfactant_solutions/27785673
10.1002/adma.201102036,Advanced_Materials,2011,green,not_pdf,http://hdl.handle.net/10016/24475 [not_pdf],http://hdl.handle.net/10016/24475
10.1002/adma.201103396,Advanced_Materials,2012,bronze,http_error,https://onlinelibrary.wiley.com/doi/pdfdirect/10.1002/adma.201103396 [http_error 403],https://doi.org/10.1002/adma.201103396
10.1002/adma.201104475,Advanced_Materials,2012,green,no_url,,https://hdl.handle.net/1721.1/127222 | https://www.ncbi.nlm.nih.gov/pmc/articles/3870474
10.1002/adma.201104497,Advanced_Materials,2012,bronze,http_error,https://onlinelibrary.wiley.com/doi/pdfdirect/10.1002/adma.201104497 [http_error 403],http://infoscience.epfl.ch/record/177026 | https://doi.org/10.1002/adma.201104497 | https://figshare.com/articles/journal_contribution/High_efficiency_quantum_dot_heterojunction_solar_cell_using_anatase_001_TiO2_nanosheets/24346633 | https://infoscience.epfl.ch/handle/20.500.14299/80288 | https://zenodo.org/record/3408912
10.1002/adma.201104769,Advanced_Materials,2012,bronze,http_error,https://onlinelibrary.wiley.com/doi/pdfdirect/10.1002/adma.201104769 [http_error 403],https://doi.org/10.1002/adma.201104769
10.1002/adma.201200220,Advanced_Materials,2012,bronze,http_error,https://onlinelibrary.wiley.com/doi/pdfdirect/10.1002/adma.201200220 [http_error 403],https://doi.org/10.1002/adma.201200220
10.1002/adma.201200291,Advanced_Materials,2012,bronze,http_error,https://onlinelibrary.wiley.com/doi/pdfdirect/10.1002/adma.201200291 [http_error 403],https://doi.org/10.1002/adma.201200291
10.1002/adma.201200296,Advanced_Materials,2012,bronze,http_error,https://onlinelibrary.wiley.com/doi/pdfdirect/10.1002/adma.201200296 [http_error 403],https://doi.org/10.1002/adma.201200296
10.1002/adma.201103758,Advanced_Materials,2012,bronze,http_error,https://onlinelibrary.wiley.com/doi/pdfdirect/10.1002/adma.201103758 [http_error 403],https://doi.org/10.1002/adma.201103758
10.1002/adma.201103932,Advanced_Materials,2012,bronze,http_error,https://onlinelibrary.wiley.com/doi/pdfdirect/10.1002/adma.201103932 [http_error 403],http://nrs.harvard.edu/urn-3:HUL.InstRepos:11859326 | https://doi.org/10.1002/adma.201103932
10.1002/adma.201201193,Advanced_Materials,2012,green,no_url,,https://durham-repository.worktribe.com/output/5280031
10.1002/adma.201201372,Advanced_Materials,2013,green,no_url,,http://infoscience.epfl.ch/record/186473
10.1002/adma.201201378,Advanced_Materials,2012,bronze,http_error,https://onlinelibrary.wiley.com/doi/pdfdirect/10.1002/adma.201201378 [http_error 403] | https://hdl.handle.net/2027.42/93507 [http_error 403],https://doi.org/10.1002/adma.201201378 | https://hdl.handle.net/2027.42/93507 | https://www.ncbi.nlm.nih.gov/pmc/articles/3429716
10.1002/adma.201101065,Advanced_Materials,2011,green,no_url,,http://infoscience.epfl.ch/record/171093 | https://infoscience.epfl.ch/handle/20.500.14299/73722
10.1002/adma.201101258,Advanced_Materials,2011,bronze,http_error,https://onlinelibrary.wiley.com/doi/pdfdirect/10.1002/adma.201101258 [http_error 403],https://doi.org/10.1002/adma.201101258 | https://hdl.handle.net/1721.1/134518 | https://www.ncbi.nlm.nih.gov/pmc/articles/4157732
10.1002/adma.201201453,Advanced_Materials,2012,bronze,http_error,https://onlinelibrary.wiley.com/doi/pdfdirect/10.1002/adma.201201453 [http_error 403],https://doi.org/10.1002/adma.201201453
10.1002/adma.201201579,Advanced_Materials,2012,bronze,http_error,https://onlinelibrary.wiley.com/doi/pdfdirect/10.1002/adma.201201579 [http_error 403],http://202.201.7.4:8080/handle/262010/75019 | https://doi.org/10.1002/adma.201201579
10.1002/adma.201201820,Advanced_Materials,2012,green,no_url,,https://www.ncbi.nlm.nih.gov/pmc/articles/3710289
10.1002/adma.201202484,Advanced_Materials,2012,bronze,http_error,https://onlinelibrary.wiley.com/doi/pdfdirect/10.1002/adma.201202484 [http_error 403],https://doi.org/10.1002/adma.201202484
10.1002/adma.201202553,Advanced_Materials,2013,bronze,http_error,https://onlinelibrary.wiley.com/doi/pdfdirect/10.1002/adma.201202553 [http_error 403],https://doi.org/10.1002/adma.201202553
10.1002/adma.201203824,Advanced_Materials,2012,bronze,http_error,https://onlinelibrary.wiley.com/doi/pdfdirect/10.1002/adma.201203824 [http_error 403],https://doi.org/10.1002/adma.201203824 | https://hdl.handle.net/1721.1/134517 | https://www.ncbi.nlm.nih.gov/pmc/articles/3905612
10.1002/adma.201204055,Advanced_Materials,2012,green,not_pdf,http://deepblue.lib.umich.edu/bitstream/2027.42/96689/2/adma_201204055_sm_suppl.pdf [not_pdf],http://hdl.handle.net/2027.42/96689
10.1002/adma.201204141,Advanced_Materials,2013,bronze,http_error,https://onlinelibrary.wiley.com/doi/pdfdirect/10.1002/adma.201204141 [http_error 403],https://doi.org/10.1002/adma.201204141 | https://www.ncbi.nlm.nih.gov/pmc/articles/3594812
10.1002/adma.201204237,Advanced_Materials,2013,bronze,http_error,https://onlinelibrary.wiley.com/doi/pdfdirect/10.1002/adma.201204237 [http_error 403],http://hdl.handle.net/2066/111416 | https://doi.org/10.1002/adma.201204237
10.1002/adma.201204383,Advanced_Materials,2013,green,no_url,,http://hdl.handle.net/10261/99677 | https://ddd.uab.cat/record/279303
10.1002/adma.201104159,Advanced_Materials,2012,bronze,http_error,https://onlinelibrary.wiley.com/doi/pdfdirect/10.1002/adma.201104159 [http_error 403],https://doi.org/10.1002/adma.201104159
10.1002/adma.201104440,Advanced_Materials,2012,bronze,http_error,https://onlinelibrary.wiley.com/doi/pdfdirect/10.1002/adma.201104440 [http_error 403],https://doi.org/10.1002/adma.201104440
10.1002/adma.201200060,Advanced_Materials,2012,bronze,http_error,https://onlinelibrary.wiley.com/doi/pdfdirect/10.1002/adma.201200060 [http_error 403],https://doi.org/10.1002/adma.201200060
10.1002/adma.201102890,Advanced_Materials,2011,green,no_url,,https://hal.science/hal-03100512
10.1002/adma.201204619,Advanced_Materials,2013,green,not_pdf,http://deepblue.lib.umich.edu/bitstream/2027.42/97443/1/adma_201204619_sm_suppl.pdf [not_pdf],http://hdl.handle.net/2027.42/97443
10.1002/adma.201204678,Advanced_Materials,2013,green,no_url,,https://www.ncbi.nlm.nih.gov/pmc/articles/3752341
10.1002/adma.201200867,Advanced_Materials,2012,bronze,http_error,https://onlinelibrary.wiley.com/doi/pdfdirect/10.1002/adma.201200867 [http_error 403],https://doi.org/10.1002/adma.201200867
10.1002/adma.201301016,Advanced_Materials,2013,bronze,http_error,https://onlinelibrary.wiley.com/doi/pdfdirect/10.1002/adma.201301016 [http_error 403],https://doi.org/10.1002/adma.201301016 | https://hdl.handle.net/1721.1/124515 | https://www.ncbi.nlm.nih.gov/pmc/articles/3954574
10.1002/adma.201300472,Advanced_Materials,2013,bronze,http_error,https://onlinelibrary.wiley.com/doi/pdfdirect/10.1002/adma.201300472 [http_error 403] | https://europepmc.org/articles/PMC3759703/pdf/render [http_error 403],http://europepmc.org/articles/PMC3759703 | https://doi.org/10.1002/adma.201300472 | https://www.ncbi.nlm.nih.gov/pmc/articles/3759703
10.1002/adma.201300572,Advanced_Materials,2013,green,no_url,,https://stars.library.ucf.edu/facultybib2010/4908 | https://stars.library.ucf.edu/scopus2010/7111
10.1002/adma.201300587,Advanced_Materials,2013,green,no_url,,http://infoscience.epfl.ch/record/188968 | https://infoscience.epfl.ch/handle/20.500.14299/95218
10.1002/adma.201300635,Advanced_Materials,2013,green,http_error,https://escholarship.org/content/qt8w67455m/qt8w67455m.pdf [http_error 403],http://www.escholarship.org/uc/item/8w67455m
10.1002/adma.201201987,Advanced_Materials,2012,green,no_url,,http://hdl.handle.net/10251/71601
10.1002/adma.201202024,Advanced_Materials,2012,green,no_url,,https://www.ncbi.nlm.nih.gov/pmc/articles/3789064
10.1002/adma.201202241,Advanced_Materials,2012,green,no_url,,https://research.monash.edu/en/publications/34d374f2-0d14-428a-81ab-153b9fc12145
10.1002/adma.201203370,Advanced_Materials,2012,green,no_url,,https://www.ncbi.nlm.nih.gov/pmc/articles/4227400
10.1002/adma.201203529,Advanced_Materials,2013,bronze,http_error,https://onlinelibrary.wiley.com/doi/pdfdirect/10.1002/adma.201203529 [http_error 403] | https://europepmc.org/articles/PMC3652040/pdf/render [http_error 403],http://europepmc.org/articles/PMC3652040 | http://nrs.harvard.edu/urn-3:HUL.InstRepos:10235986 | https://doi.org/10.1002/adma.201203529 | https://www.ncbi.nlm.nih.gov/pmc/articles/3652040
10.1002/adma.201203604,Advanced_Materials,2012,bronze,http_error,https://onlinelibrary.wiley.com/doi/pdfdirect/10.1002/adma.201203604 [http_error 403],https://doi.org/10.1002/adma.201203604
10.1002/adma.201304010,Advanced_Materials,2013,green,no_url,,http://ir.ipe.ac.cn/handle/122111/8182
10.1002/adma.201304079,Advanced_Materials,2013,bronze,http_error,https://onlinelibrary.wiley.com/doi/pdfdirect/10.1002/adma.201304079 [http_error 403] | https://hdl.handle.net/2027.42/174986 [http_error 403],https://doi.org/10.1002/adma.201304079 | https://hdl.handle.net/2027.42/174986
10.1002/adma.201301852,Advanced_Materials,2013,green,no_url,,http://infoscience.epfl.ch/record/209652
10.1002/adma.201302025,Advanced_Materials,2013,green,not_pdf,https://doi.org/10.17615/dfx8-wt29 [not_pdf],http://hdl.handle.net/1721.1/91600 | https://doi.org/10.17615/dfx8-wt29 | https://www.ncbi.nlm.nih.gov/pmc/articles/4040353
10.1002/adma.201302113,Advanced_Materials,2013,green,no_url,,http://infoscience.epfl.ch/record/199196 | https://infoscience.epfl.ch/handle/20.500.14299/103825
10.1002/adma.201302288,Advanced_Materials,2013,bronze,http_error,https://onlinelibrary.wiley.com/doi/pdfdirect/10.1002/adma.201302288 [http_error 403],https://doi.org/10.1002/adma.201302288
10.1002/adma.201304140,Advanced_Materials,2013,green,no_url,,http://hdl.handle.net/1721.1/101128 | https://www.ncbi.nlm.nih.gov/pmc/articles/4047984
10.1002/adma.201304370,Advanced_Materials,2013,green,no_url,,https://www.ncbi.nlm.nih.gov/pmc/articles/4000729
10.1002/adma.201304386,Advanced_Materials,2013,green,no_url,,http://hdl.handle.net/1721.1/101169 | https://www.ncbi.nlm.nih.gov/pmc/articles/4041402
10.1002/adma.201304419,Advanced_Materials,2014,green,no_url,,http://www.escholarship.org/uc/item/6nv7n9fp | https://escholarship.org/uc/item/6nv7n9fp
10.1002/adma.201304476,Advanced_Materials,2013,bronze,http_error,https://onlinelibrary.wiley.com/doi/pdfdirect/10.1002/adma.201304476 [http_error 403],https://doi.org/10.1002/adma.201304476
10.1002/adma.201400523,Advanced_Materials,2014,bronze,http_error,https://onlinelibrary.wiley.com/doi/pdfdirect/10.1002/adma.201400523 [http_error 403],https://doi.org/10.1002/adma.201400523 | https://www.ncbi.nlm.nih.gov/pmc/articles/4048813
10.1002/adma.201400562,Advanced_Materials,2014,green,no_url,,https://ir.ymlib.yonsei.ac.kr/handle/22282913/165103
10.1002/adma.201400713,Advanced_Materials,2014,green,no_url,,http://hdl.handle.net/10251/59973
10.1002/adma.201400753,Advanced_Materials,2014,green,no_url,,https://www.ncbi.nlm.nih.gov/pmc/articles/4351750
10.1002/adma.201304589,Advanced_Materials,2013,green,no_url,,https://www.ncbi.nlm.nih.gov/pmc/articles/3985122
10.1002/adma.201401986,Advanced_Materials,2014,green,no_url,,http://urn.kb.se/resolve?urn=urn:nbn:se:liu:diva-111452
10.1002/adma.201401515,Advanced_Materials,2014,green,no_url,,https://orcid.org/0000-0001-9185-3161
10.1002/adma.201402753,Advanced_Materials,2014,green,not_pdf,http://hdl.handle.net/11343/113736 [not_pdf],https://figshare.com/articles/journal_contribution/Super-soft_hydrogel_particles_with_tunable_elasticity_in_a_microfluidic_blood_capillary_model/27473115 | https://hdl.handle.net/11343/113736
10.1002/adma.201302345,Advanced_Materials,2013,bronze,http_error,https://onlinelibrary.wiley.com/doi/pdfdirect/10.1002/adma.201302345 [http_error 403],https://doi.org/10.1002/adma.201302345
10.1002/adma.201405179,Advanced_Materials,2015,green,no_url,,https://archive-ouverte.unige.ch/unige:48204
10.1002/adma.201405511,Advanced_Materials,2015,green,not_pdf,https://www.osti.gov/biblio/1558402 [not_pdf],https://hdl.handle.net/11511/31441 | https://orcid.org/0000-0001-8121-8017 | https://www.osti.gov/biblio/1558402
10.1002/adma.201401144,Advanced_Materials,2014,green,title_mismatch,https://arxiv.org/pdf/2104.05179 [title_mismatch],http://arxiv.org/abs/2104.05179
10.1002/adma.201401228,Advanced_Materials,2014,green,no_url,,http://hdl.handle.net/11858/00-001M-0000-0023-C88F-2
10.1002/adma.201401246,Advanced_Materials,2014,green,http_error,https://hdl.handle.net/2027.42/108683 [http_error 403],https://hdl.handle.net/2027.42/108683
10.1002/adma.201404787,Advanced_Materials,2015,hybrid,no_url,,https://doi.org/10.1002/adma.201404787
10.1002/adma.201405046,Advanced_Materials,2015,green,no_url,,https://researchportal.bath.ac.uk/en/publications/44675d69-6d00-449e-9ef9-8a88d01747e0
10.1002/adma.201405121,Advanced_Materials,2015,green,no_url,,http://ir.qibebt.ac.cn/handle/337004/6731
10.1002/adma.201500644,Advanced_Materials,2015,green,no_url,,https://figshare.com/articles/journal_contribution/Popping_of_graphite_oxide_application_in_preparing_metal_nanoparticle_catalysts/24369205
10.1002/adma.201305928,Advanced_Materials,2014,green,no_url,,https://www.ncbi.nlm.nih.gov/pmc/articles/4043913
10.1002/adma.201306055,Advanced_Materials,2014,hybrid,http_error,https://onlinelibrary.wiley.com/doi/pdfdirect/10.1002/adma.201306055 [http_error 403],https://doi.org/10.1002/adma.201306055 | https://www.ncbi.nlm.nih.gov/pmc/articles/4173129
10.1002/adma.201306091,Advanced_Materials,2014,green,http_error,https://hdl.handle.net/2027.42/108277 [http_error 403],https://hdl.handle.net/2027.42/108277
10.1002/adma.201306162,Advanced_Materials,2014,green,no_url,,http://nrs.harvard.edu/urn-3:HUL.InstRepos:14023478
10.1002/adma.201306287,Advanced_Materials,2014,hybrid,http_error,https://onlinelibrary.wiley.com/doi/pdfdirect/10.1002/adma.201306287 [http_error 403],https://doi.org/10.1002/adma.201306287 | https://www.ncbi.nlm.nih.gov/pmc/articles/4223989
10.1002/adma.201306314,Advanced_Materials,2014,green,http_error,https://escholarship.org/uc/item/4784m1zt [http_error 403],https://escholarship.org/uc/item/4784m1zt
10.1002/adma.201400154,Advanced_Materials,2014,green,no_url,,https://www.ncbi.nlm.nih.gov/pmc/articles/4122615
10.1002/adma.201400249,Advanced_Materials,2014,bronze,http_error,https://onlinelibrary.wiley.com/doi/pdfdirect/10.1002/adma.201400249 [http_error 403],https://doi.org/10.1002/adma.201400249
10.1002/adma.201501145,Advanced_Materials,2015,bronze,http_error,https://onlinelibrary.wiley.com/doi/pdfdirect/10.1002/adma.201501145 [http_error 403],https://doi.org/10.1002/adma.201501145
10.1002/adma.201501729,Advanced_Materials,2015,green,no_url,,https://www.ncbi.nlm.nih.gov/pmc/articles/4745120
10.1002/adma.201501983,Advanced_Materials,2015,bronze,http_error,https://onlinelibrary.wiley.com/doi/pdfdirect/10.1002/adma.201501983 [http_error 403],https://doi.org/10.1002/adma.201501983
10.1002/adma.201502047,Advanced_Materials,2015,hybrid,http_error,https://onlinelibrary.wiley.com/doi/pdfdirect/10.1002/adma.201502047 [http_error 403],https://doi.org/10.1002/adma.201502047
10.1002/adma.201502489,Advanced_Materials,2015,bronze,http_error,https://onlinelibrary.wiley.com/doi/pdfdirect/10.1002/adma.201502489 [http_error 403],https://doi.org/10.1002/adma.201502489 | https://www.ncbi.nlm.nih.gov/pmc/articles/4767621
10.1002/adma.201502536,Advanced_Materials,2015,green,no_url,,https://hal.science/hal-02107403
10.1002/adma.201502569,Advanced_Materials,2015,hybrid,http_error,https://onlinelibrary.wiley.com/doi/pdfdirect/10.1002/adma.201502569 [http_error 403],https://doi.org/10.1002/adma.201502569
10.1002/adma.201502593,Advanced_Materials,2015,green,no_url,,https://hal.science/hal-05337143
10.1002/adma.201502608,Advanced_Materials,2015,green,no_url,,http://infoscience.epfl.ch/record/217753
10.1002/adma.201502265,Advanced_Materials,2015,bronze,http_error,https://onlinelibrary.wiley.com/doi/pdfdirect/10.1002/adma.201502265 [http_error 403] | https://hdl.handle.net/2027.42/113115 [http_error 403],https://doi.org/10.1002/adma.201502265 | https://hdl.handle.net/2027.42/113115
10.1002/adma.201502361,Advanced_Materials,2015,green,no_url,,http://infoscience.epfl.ch/record/223834
10.1002/adma.201502454,Advanced_Materials,2015,green,no_url,,http://ir.ipe.ac.cn/handle/122111/20623
10.1002/adma.201403826,Advanced_Materials,2014,green,no_url,,https://www.scopus.com/pages/publications/84921534535
10.1002/adma.201403998,Advanced_Materials,2015,hybrid,http_error,https://onlinelibrary.wiley.com/doi/pdfdirect/10.1002/adma.201403998 [http_error 403],https://doi.org/10.1002/adma.201403998 | https://www.ncbi.nlm.nih.gov/pmc/articles/5093710
10.1002/adma.201404107,Advanced_Materials,2014,green,no_url,,http://handle.unsw.edu.au/1959.4/unsworks_36042 | http://hdl.handle.net/1959.4/unsworks_36042 | https://figshare.com/articles/journal_contribution/Hierarchical_porous_plasmonic_metamaterials_for_reproducible_ultrasensitive_surface-enhanced_Raman_spectroscopy/20826415
10.1002/adma.201403074,Advanced_Materials,2014,green,no_url,,https://www.ncbi.nlm.nih.gov/pmc/articles/4245075
10.1002/adma.201403631,Advanced_Materials,2014,green,no_url,,http://publica.fraunhofer.de/documents/N-332049.html
10.1002/adma.201403635,Advanced_Materials,2014,bronze,http_error,https://onlinelibrary.wiley.com/doi/pdfdirect/10.1002/adma.201403635 [http_error 403],https://dare.uva.nl/personal/pure/en/publications/watertriggered-luminescent-nanobombs-based-on-supracarbon-nanodots(3108fc35-54fc-4b01-b48e-de2d4dfe148c).html | https://doi.org/10.1002/adma.201403635 | https://handle.uba.uva.nl/personal/pure/en/publications/watertriggered-luminescent-nanobombs-based-on-supracarbon-nanodots(3108fc35-54fc-4b01-b48e-de2d4dfe148c).html
10.1002/adma.201502824,Advanced_Materials,2015,bronze,http_error,https://onlinelibrary.wiley.com/doi/pdfdirect/10.1002/adma.201502824 [http_error 403],https://doi.org/10.1002/adma.201502824
10.1002/adma.201503844,Advanced_Materials,2015,hybrid,http_error,https://onlinelibrary.wiley.com/doi/pdfdirect/10.1002/adma.201503844 [http_error 403],https://doi.org/10.1002/adma.201503844 | https://www.ncbi.nlm.nih.gov/pmc/articles/4736458 | https://www.repository.cam.ac.uk/handle/1810/252425
10.1002/adma.201504866,Advanced_Materials,2015,green,no_url,,https://www.ncbi.nlm.nih.gov/pmc/articles/4777316
10.1002/adma.201505025,Advanced_Materials,2016,green,no_url,,http://resolver.tudelft.nl/uuid:bf089629-15df-4a2b-8291-6d8b79d4412b
10.1002/adma.201504144,Advanced_Materials,2015,green,not_pdf,https://repository.kulib.kyoto-u.ac.jp/bitstreams/432b893b-c244-47bb-a8ed-5780fb9f6e1c/download [not_pdf],https://repository.kulib.kyoto-u.ac.jp/bitstreams/432b893b-c244-47bb-a8ed-5780fb9f6e1c/download
10.1002/adma.201504160,Advanced_Materials,2016,bronze,http_error,https://onlinelibrary.wiley.com/doi/pdfdirect/10.1002/adma.201504160 [http_error 403],https://doi.org/10.1002/adma.201504160
10.1002/adma.201505161,Advanced_Materials,2015,bronze,http_error,https://onlinelibrary.wiley.com/doi/pdfdirect/10.1002/adma.201505161 [http_error 403],https://doi.org/10.1002/adma.201505161
10.1002/adma.201505183,Advanced_Materials,2016,green,no_url,,https://figshare.com/articles/journal_contribution/Highly_Conductive_and_Thermally_Stable_Ion_Gels_with_Tunable_Anisotropy_and_Modulus/20890261
10.1002/adma.201505205,Advanced_Materials,2016,green,no_url,,https://figshare.com/articles/journal_contribution/Dielectric_engineering_of_a_boron_nitride_hafnium_oxide_heterostructure_for_high-performance_2D_field_effect_transistors/20758483
10.1002/adma.201505255,Advanced_Materials,2016,green,no_url,,http://infoscience.epfl.ch/record/218070
10.1002/adma.201505304,Advanced_Materials,2016,green,http_error,https://hdl.handle.net/21.11116/0000-0001-405A-2 [http_error 403],http://hdl.handle.net/11858/00-001M-0000-002A-35FF-7 | https://hdl.handle.net/11858/00-001M-0000-002A-35FF-7
10.1002/adma.201505337,Advanced_Materials,2016,hybrid,http_error,https://onlinelibrary.wiley.com/doi/pdfdirect/10.1002/adma.201505337 [http_error 403],http://hdl.handle.net/10044/1/28834 | https://doi.org/10.1002/adma.201505337 | https://www.ncbi.nlm.nih.gov/pmc/articles/4862025
10.1002/adma.201505364,Advanced_Materials,2016,green,no_url,,http://urn.kb.se/resolve?urn=urn:nbn:se:liu:diva-129660
10.1002/adma.201505417,Advanced_Materials,2016,bronze,http_error,https://onlinelibrary.wiley.com/doi/pdfdirect/10.1002/adma.201505417 [http_error 403] | https://eprints.lancs.ac.uk/id/eprint/80104/1/Hardy_et_al_2015_submitted_accepted_pure.pdf [http_error],https://doi.org/10.1002/adma.201505417 | https://eprints.lancs.ac.uk/id/eprint/80104/1/Hardy_et_al_2015_submitted_accepted_pure.pdf
10.1002/adma.201505480,Advanced_Materials,2016,green,no_url,,http://infoscience.epfl.ch/record/219392 | https://infoscience.epfl.ch/handle/20.500.14299/127400
10.1002/adma.201501329,Advanced_Materials,2015,green,no_url,,https://www.ncbi.nlm.nih.gov/pmc/articles/4496277
10.1002/adma.201501517,Advanced_Materials,2015,bronze,http_error,https://onlinelibrary.wiley.com/doi/pdfdirect/10.1002/adma.201501517 [http_error 403],https://doi.org/10.1002/adma.201501517
10.1002/adma.201501690,Advanced_Materials,2015,green,no_url,,https://mdr.nims.go.jp/pid/806d0ec6-5b95-4072-9b83-e7b2253e6626
10.1002/adma.201506462,Advanced_Materials,2016,green,not_pdf,https://ddd.uab.cat/record/195659 [not_pdf],https://ddd.uab.cat/record/195659 | https://nottingham-repository.worktribe.com/output/1125985
10.1002/adma.201600027,Advanced_Materials,2016,green,no_url,,https://www.ncbi.nlm.nih.gov/pmc/articles/5687504
10.1002/adma.201600062,Advanced_Materials,2016,bronze,http_error,https://onlinelibrary.wiley.com/doi/pdfdirect/10.1002/adma.201600062 [http_error 403],https://doi.org/10.1002/adma.201600062
10.1002/adma.201600064,Advanced_Materials,2016,hybrid,http_error,https://onlinelibrary.wiley.com/doi/pdfdirect/10.1002/adma.201600064 [http_error 403],http://urn.kb.se/resolve?urn=urn:nbn:se:liu:diva-129165 | https://doi.org/10.1002/adma.201600064 | https://scholarbank.nus.edu.sg/handle/10635/179574 | https://www.repository.cam.ac.uk/handle/1810/253777
10.1002/adma.201601105,Advanced_Materials,2016,green,not_pdf,https://www.repository.cam.ac.uk/handle/1810/263963 [not_pdf],https://doi.org/10.17863/cam.9338 | https://www.repository.cam.ac.uk/handle/1810/263963
10.1002/adma.201503124,Advanced_Materials,2015,green,no_url,,http://infoscience.epfl.ch/record/216602 | https://infoscience.epfl.ch/handle/20.500.14299/124042
10.1002/adma.201503252,Advanced_Materials,2015,hybrid,http_error,https://onlinelibrary.wiley.com/doi/pdfdirect/10.1002/adma.201503252 [http_error 403],https://doi.org/10.1002/adma.201503252
10.1002/adma.201600658,Advanced_Materials,2016,green,no_url,,https://www.ncbi.nlm.nih.gov/pmc/articles/5680542
10.1002/adma.201600659,Advanced_Materials,2016,green,no_url,,https://doi.org/10.17863/cam.12471
10.1002/adma.201601196,Advanced_Materials,2016,bronze,http_error,https://onlinelibrary.wiley.com/doi/pdfdirect/10.1002/adma.201601196 [http_error 403],https://doi.org/10.1002/adma.201601196
10.1002/adma.201601357,Advanced_Materials,2016,green,no_url,,https://zenodo.org/record/3446521
10.1002/adma.201601418,Advanced_Materials,2016,bronze,http_error,https://onlinelibrary.wiley.com/doi/pdfdirect/10.1002/adma.201601418 [http_error 403],http://infoscience.epfl.ch/record/223222 | https://doi.org/10.1002/adma.201601418
10.1002/adma.201602969,Advanced_Materials,2017,bronze,http_error,https://onlinelibrary.wiley.com/doi/pdfdirect/10.1002/adma.201602969 [http_error 403],https://doi.org/10.1002/adma.201602969
10.1002/adma.201603016,Advanced_Materials,2016,green,no_url,,https://zenodo.org/record/3492342
10.1002/adma.201504370,Advanced_Materials,2015,bronze,http_error,https://onlinelibrary.wiley.com/doi/pdfdirect/10.1002/adma.201504370 [http_error 403],https://doi.org/10.1002/adma.201504370
10.1002/adma.201504525,Advanced_Materials,2015,green,no_url,,http://hdl.handle.net/10161/13490
10.1002/adma.201504557,Advanced_Materials,2015,green,http_error,https://hull-repository.worktribe.com/output/412696 [http_error 403],https://hull-repository.worktribe.com/output/412696
10.1002/adma.201603995,Advanced_Materials,2016,green,http_error,http://ira.lib.polyu.edu.hk/bitstream/10397/100418/1/Lau_Solution-Processed_Mos2_Trihalide.pdf [http_error],http://hdl.handle.net/10397/100418
10.1002/adma.201604056,Advanced_Materials,2016,green,no_url,,http://hdl.handle.net/10234/173139
10.1002/adma.201604433,Advanced_Materials,2016,green,no_url,,https://www.ncbi.nlm.nih.gov/pmc/articles/5369648
10.1002/adma.201505521,Advanced_Materials,2016,hybrid,http_error,https://onlinelibrary.wiley.com/doi/pdfdirect/10.1002/adma.201505521 [http_error 403],http://hdl.handle.net/10261/132572 | https://doi.org/10.1002/adma.201505521
10.1002/adma.201603560,Advanced_Materials,2016,bronze,not_pdf,https://onlinelibrary.wiley.com/doi/pdfdirect/10.1002/adma.201603560 [http_error 403] | http://hdl.handle.net/10362/114524 [not_pdf],http://hdl.handle.net/10362/114524 | http://hdl.handle.net/10400.21/6848 | http://onlinelibrary.wiley.com/doi/10.1002/adma.201603560/full | https://doi.org/10.1002/adma.201603560
10.1002/adma.201603732,Advanced_Materials,2016,green,http_error,https://hdl.handle.net/21.11116/0000-0001-40D8-3 [http_error 403],http://hdl.handle.net/11858/00-001M-0000-002C-E1CA-2 | https://hdl.handle.net/11858/00-001M-0000-002C-E1CA-2
10.1002/adma.201603964,Advanced_Materials,2016,bronze,http_error,https://onlinelibrary.wiley.com/doi/pdfdirect/10.1002/adma.201603964 [http_error 403],https://doi.org/10.1002/adma.201603964 | https://stars.library.ucf.edu/scopus2015/2540
10.1002/adma.201603339,Advanced_Materials,2016,bronze,http_error,https://onlinelibrary.wiley.com/doi/pdfdirect/10.1002/adma.201603339 [http_error 403],https://doi.org/10.1002/adma.201603339
10.1002/adma.201603368,Advanced_Materials,2016,bronze,http_error,https://onlinelibrary.wiley.com/doi/pdfdirect/10.1002/adma.201603368 [http_error 403],https://doi.org/10.1002/adma.201603368
10.1002/adma.201603386,Advanced_Materials,2016,hybrid,http_error,https://onlinelibrary.wiley.com/doi/pdfdirect/10.1002/adma.201603386 [http_error 403],https://doi.org/10.1002/adma.201603386 | https://doi.org/10.17863/cam.6187 | https://www.ncbi.nlm.nih.gov/pmc/articles/5495155
10.1002/adma.201603390,Advanced_Materials,2016,green,no_url,,http://hdl.handle.net/20.500.11850/121251 | https://doi.org/10.3929/ethz-c-000121251
10.1002/adma.201604491,Advanced_Materials,2016,green,no_url,,http://tud.qucosa.de/id/qucosa%3A30977
10.1002/adma.201604637,Advanced_Materials,2017,green,no_url,,https://zenodo.org/record/3446533
10.1002/adma.201604652,Advanced_Materials,2016,bronze,http_error,https://onlinelibrary.wiley.com/doi/pdfdirect/10.1002/adma.201604652 [http_error 403],https://cris.maastrichtuniversity.nl/en/publications/237a95b8-e731-4de7-90d0-d7a276a49832 | https://doi.org/10.1002/adma.201604652 | https://research.tue.nl/en/publications/57835fd3-e045-4996-bcda-1146d1eff03b | https://research.tue.nl/nl/publications/57835fd3-e045-4996-bcda-1146d1eff03b
10.1002/adma.201604695,Advanced_Materials,2017,green,no_url,,http://infoscience.epfl.ch/record/227653
10.1002/adma.201604778,Advanced_Materials,2016,green,http_error,https://hdl.handle.net/2027.42/136318 [http_error 403],https://hdl.handle.net/2027.42/136318
10.1002/adma.201604795,Advanced_Materials,2016,green,no_url,,http://ir.ipe.ac.cn/handle/122111/21889
10.1002/adma.201506049,Advanced_Materials,2016,green,no_url,,http://infoscience.epfl.ch/record/219823
10.1002/adma.201601643,Advanced_Materials,2016,green,no_url,,http://ir.ipe.ac.cn/handle/122111/21478
10.1002/adma.201601755,Advanced_Materials,2016,green,no_url,,https://figshare.com/articles/journal_contribution/A_Cytocompatible_Robust_Hybrid_Conducting_Polymer_Hydrogel_for_Use_in_a_Magnesium_Battery/20873686 | https://figshare.com/articles/journal_contribution/A_cytocompatible_robust_hybrid_conducting_polymer_hydrogel_for_use_in_a_magnesium_battery/27791013
10.1002/adma.201606258,Advanced_Materials,2017,green,no_url,,http://infoscience.epfl.ch/record/228727
10.1002/adma.201605587,Advanced_Materials,2017,bronze,http_error,https://onlinelibrary.wiley.com/doi/pdfdirect/10.1002/adma.201605587 [http_error 403],https://doi.org/10.1002/adma.201605587
10.1002/adma.201605694,Advanced_Materials,2017,green,http_error,https://ro.uow.edu.au/aiimpapers/2425 [http_error 202],https://ro.uow.edu.au/aiimpapers/2425
10.1002/adma.201605745,Advanced_Materials,2017,green,no_url,,https://hal.science/hal-01505016
10.1002/adma.201605750,Advanced_Materials,2017,green,no_url,,https://www.ncbi.nlm.nih.gov/pmc/articles/7032659
10.1002/adma.201605760,Advanced_Materials,2017,green,no_url,,https://hal.science/hal-05015327 | https://repozitorij.ung.si/IzpisGradiva.php?id=2921 | https://univoak.eu/islandora/object/islandora%3A59542
10.1002/adma.201602393,Advanced_Materials,2016,hybrid,http_error,https://onlinelibrary.wiley.com/doi/pdfdirect/10.1002/adma.201602393 [http_error 403],https://doi.org/10.1002/adma.201602393 | https://doi.org/10.17863/cam.41745 | https://www.repository.cam.ac.uk/handle/1810/294640 | https://www.scopus.com/pages/publications/84978287616
10.1002/adma.201602763,Advanced_Materials,2016,bronze,http_error,https://onlinelibrary.wiley.com/doi/pdfdirect/10.1002/adma.201602763 [http_error 403],https://doi.org/10.1002/adma.201602763
10.1002/adma.201602785,Advanced_Materials,2016,bronze,http_error,https://onlinelibrary.wiley.com/doi/pdfdirect/10.1002/adma.201602785 [http_error 403],http://infoscience.epfl.ch/record/225147 | https://doi.org/10.1002/adma.201602785 | https://infoscience.epfl.ch/handle/20.500.14299/133743
10.1002/adma.201602867,Advanced_Materials,2016,green,http_error,https://hdl.handle.net/11858/00-001M-0000-002B-318C-3 [http_error 403],https://hdl.handle.net/11858/00-001M-0000-002B-2E1C-4
10.1002/adma.201606806,Advanced_Materials,2017,green,no_url,,http://infoscience.epfl.ch/record/228661
10.1002/adma.201606852,Advanced_Materials,2017,green,no_url,,https://www.ncbi.nlm.nih.gov/pmc/articles/5424878
10.1002/adma.201607039,Advanced_Materials,2017,hybrid,http_error,https://onlinelibrary.wiley.com/doi/pdfdirect/10.1002/adma.201607039 [http_error 403],https://doi.org/10.1002/adma.201607039
10.1002/adma.201700448,Advanced_Materials,2017,green,no_url,,http://ir.rcees.ac.cn/handle/311016/39233
10.1002/adma.201700463,Advanced_Materials,2017,green,no_url,,https://doi.org/10.17863/cam.9499
10.1002/adma.201700527,Advanced_Materials,2017,bronze,http_error,https://onlinelibrary.wiley.com/doi/pdfdirect/10.1002/adma.201700527 [http_error 403] | https://hdl.handle.net/2027.42/138254 [http_error 403],https://doi.org/10.1002/adma.201700527 | https://hdl.handle.net/2027.42/138254
10.1002/adma.201700550,Advanced_Materials,2017,green,no_url,,http://ir.ipe.ac.cn/handle/122111/23193
10.1002/adma.201700819,Advanced_Materials,2017,bronze,http_error,https://onlinelibrary.wiley.com/doi/pdfdirect/10.1002/adma.201700819 [http_error 403],https://dare.uva.nl/personal/pure/en/publications/switching-colloidal-superstructures-by-critical-casimir-forces(8b815240-ab67-4b03-ae3b-0ffda4bbc038).html | https://doi.org/10.1002/adma.201700819 | https://hdl.handle.net/11245.1/8b815240-ab67-4b03-ae3b-0ffda4bbc038
10.1002/adma.201702176,Advanced_Materials,2017,hybrid,http_error,https://onlinelibrary.wiley.com/doi/pdfdirect/10.1002/adma.201702176 [http_error 403],http://hdl.handle.net/10044/1/75943 | https://doi.org/10.1002/adma.201702176 | https://orcid.org/0000-0002-7675-0065
10.1002/adma.201702308,Advanced_Materials,2017,green,no_url,,https://ir.ymlib.yonsei.ac.kr/handle/22282913/165113
10.1002/adma.201702469,Advanced_Materials,2017,bronze,http_error,https://onlinelibrary.wiley.com/doi/pdfdirect/10.1002/adma.201702469 [http_error 403],http://hdl.handle.net/11577/3261101 | https://doi.org/10.1002/adma.201702469 | https://univoak.eu/islandora/object/islandora%3A64266 | https://zenodo.org/record/3446515
10.1002/adma.201702576,Advanced_Materials,2017,green,no_url,,https://www.ncbi.nlm.nih.gov/pmc/articles/5798879
10.1002/adma.201702678,Advanced_Materials,2017,green,no_url,,http://hdl.handle.net/2262/89698
10.1002/adma.201701331,Advanced_Materials,2017,bronze,http_error,https://onlinelibrary.wiley.com/doi/pdfdirect/10.1002/adma.201701331 [http_error 403],https://doi.org/10.1002/adma.201701331
10.1002/adma.201701352,Advanced_Materials,2017,green,http_error,https://onlinelibrary.wiley.com/doi/pdfdirect/10.1002/adma.201701352 [http_error 403],https://repozytorium.uw.edu.pl//handle/item/112351
10.1002/adma.201701553,Advanced_Materials,2017,green,not_pdf,http://hdl.handle.net/11343/233382 [not_pdf],http://gateway.webofknowledge.com/gateway/Gateway.cgi?GWVersion=2&SrcApp=PARTNER_APP&SrcAuth=LinksAMR&KeyUT=WOS:000411379000012&DestLinkType=FullRecord&DestApp=ALL_WOS&UsrCustomerID=d4d813f4571fa7d6246bdc0dfeca3a1c
10.1002/adma.201701554,Advanced_Materials,2017,green,no_url,,https://research.wur.nl/en/publications/3d-printing-by-multiphase-siliconewater-capillary-inks
10.1002/adma.201701589,Advanced_Materials,2017,green,no_url,,https://zenodo.org/record/3446559
10.1002/adma.201604996,Advanced_Materials,2016,bronze,http_error,https://onlinelibrary.wiley.com/doi/pdfdirect/10.1002/adma.201604996 [http_error 403],https://doi.org/10.1002/adma.201604996 | https://research.tue.nl/en/publications/689c8791-6899-46e0-a750-74203dfac9e0 | https://research.tue.nl/nl/publications/689c8791-6899-46e0-a750-74203dfac9e0
10.1002/adma.201605048,Advanced_Materials,2017,bronze,http_error,https://onlinelibrary.wiley.com/doi/pdfdirect/10.1002/adma.201605048 [http_error 403] | https://digital.csic.es/bitstream/10261/346514/1/Advanced%20Materials%20-%202017%20-%20Murillo%20-%20Electromechanical%20Nanogenerator%20Cell%20Interaction%20Modulates%20Cell%20Activity.pdf [http_error],http://hdl.handle.net/10261/346514 | https://doi.org/10.1002/adma.201605048
10.1002/adma.201605165,Advanced_Materials,2017,green,http_error,http://ira.lib.polyu.edu.hk/bitstream/10397/100402/1/Hao_Addressable_Color-Tunable_Piezophotonic.pdf [http_error],http://hdl.handle.net/10397/100402
10.1002/adma.201605177,Advanced_Materials,2017,green,not_pdf,http://deepblue.lib.umich.edu/bitstream/2027.42/137336/3/adma201605177.pdf [not_pdf],http://hdl.handle.net/2027.42/137336
10.1002/adma.201605254,Advanced_Materials,2017,green,no_url,,https://tud.qucosa.de/id/qucosa%3A31024
10.1002/adma.201703657,Advanced_Materials,2017,green,title_mismatch,https://www.osti.gov/servlets/purl/1466320 [title_mismatch],https://www.osti.gov/biblio/1412569
10.1002/adma.201703670,Advanced_Materials,2017,hybrid,http_error,https://onlinelibrary.wiley.com/doi/pdfdirect/10.1002/adma.201703670 [http_error 403],https://doi.org/10.1002/adma.201703670
10.1002/adma.201704050,Advanced_Materials,2018,hybrid,http_error,https://onlinelibrary.wiley.com/doi/pdfdirect/10.1002/adma.201704050 [http_error 403] | https://research.aalto.fi/files/34714149/CHEM_Toivonen_et_al_Anomalous_Diffusion_Assisted_2018_Advanced_Materials.pdf [http_error 403],https://doi.org/10.1002/adma.201704050 | https://doi.org/10.17863/cam.30181 | https://research.aalto.fi/en/publications/f429eb3f-15a8-4aee-b461-9f78b83add03 | https://www.repository.cam.ac.uk/handle/1810/282817
10.1002/adma.201606555,Advanced_Materials,2017,green,no_url,,http://infoscience.epfl.ch/record/230183 | http://infoscience.epfl.ch/record/232461
10.1002/adma.201606576,Advanced_Materials,2017,green,no_url,,http://hdl.handle.net/2117/116672 | https://hdl.handle.net/2117/116672
10.1002/adma.201702829,Advanced_Materials,2017,green,no_url,,https://research.manchester.ac.uk/en/publications/ad2919fb-0f8c-42c1-b638-9392c260c304
10.1002/adma.201702875,Advanced_Materials,2017,bronze,http_error,https://onlinelibrary.wiley.com/doi/pdfdirect/10.1002/adma.201702875 [http_error 403],https://doi.org/10.1002/adma.201702875
10.1002/adma.201703028,Advanced_Materials,2017,green,no_url,,https://figshare.com/articles/journal_contribution/An_All-Integrated_Anode_via_Interlinked_Chemical_Bonding_between_Double-Shelled-Yolk-Structured_Silicon_and_Binder_for_Lithium-Ion_Batteries/27783591
10.1002/adma.201705034,Advanced_Materials,2017,green,no_url,,https://www.ncbi.nlm.nih.gov/pmc/articles/5847371
10.1002/adma.201705275,Advanced_Materials,2018,green,http_error,http://oatao.univ-toulouse.fr/19427/1/19427-rat.pdf [http_error],http://oatao.univ-toulouse.fr/19427/1/19427-rat.pdf
10.1002/adma.201705393,Advanced_Materials,2018,green,no_url,,https://doi.org/10.17863/cam.20200
10.1002/adma.201705452,Advanced_Materials,2017,hybrid,http_error,https://onlinelibrary.wiley.com/doi/pdfdirect/10.1002/adma.201705452 [http_error 403],https://doi.org/10.1002/adma.201705452 | https://doi.org/10.17169/refubium-23818 | https://refubium.fu-berlin.de/handle/fub188/20515
10.1002/adma.201705789,Advanced_Materials,2018,green,no_url,,https://ddd.uab.cat/record/282563
10.1002/adma.201701064,Advanced_Materials,2017,green,no_url,,https://dspace.library.uu.nl/handle/1874/465286
10.1002/adma.201701171,Advanced_Materials,2017,bronze,http_error,https://onlinelibrary.wiley.com/doi/pdfdirect/10.1002/adma.201701171 [http_error 403] | http://hdl.handle.net/11858/00-001M-0000-002D-5F20-6 [http_error 403],https://doi.org/10.1002/adma.201701171 | https://hdl.handle.net/11858/00-001M-0000-002D-5F20-6
10.1002/adma.201701218,Advanced_Materials,2017,green,no_url,,https://www.ncbi.nlm.nih.gov/pmc/articles/5509487
10.1002/adma.201701240,Advanced_Materials,2017,bronze,http_error,https://onlinelibrary.wiley.com/doi/pdfdirect/10.1002/adma.201701240 [http_error 403],https://doi.org/10.1002/adma.201701240
10.1002/adma.201706785,Advanced_Materials,2018,bronze,http_error,https://onlinelibrary.wiley.com/doi/pdfdirect/10.1002/adma.201706785 [http_error 403],http://hdl.handle.net/2434/912415 | https://doi.org/10.1002/adma.201706785 | https://www.ncbi.nlm.nih.gov/pmc/articles/6475500
10.1002/adma.201707143,Advanced_Materials,2018,green,no_url,,http://infoscience.epfl.ch/record/256598
10.1002/adma.201707234,Advanced_Materials,2018,bronze,http_error,https://onlinelibrary.wiley.com/doi/pdfdirect/10.1002/adma.201707234 [http_error 403],http://hdl.handle.net/10651/48877 | https://doi.org/10.1002/adma.201707234 | https://dspace.library.uu.nl/handle/1874/375415 | https://research.rug.nl/en/publications/00b6e729-68df-48c5-87c5-4e09b75fe4de | https://research.tue.nl/en/publications/0743ccb1-1442-47e2-8b52-63bc315c8e7c | https://research.tue.nl/nl/publications/0743ccb1-1442-47e2-8b52-63bc315c8e7c | https://research.wur.nl/en/publications/nanosheets-of-nonlayered-aluminum-metal-organic-frameworks-throug
10.1002/adma.201706287,Advanced_Materials,2018,bronze,http_error,https://onlinelibrary.wiley.com/doi/pdfdirect/10.1002/adma.201706287 [http_error 403],https://doi.org/10.1002/adma.201706287 | https://research-repository.uwa.edu.au/en/publications/797064c3-a825-449a-bff2-7923a0630cc4
10.1002/adma.201706329,Advanced_Materials,2018,green,no_url,,http://nrs.harvard.edu/urn-3:HUL.InstRepos:37235086
10.1002/adma.201706368,Advanced_Materials,2018,green,no_url,,https://birmingham.elsevierpure.com/en/publications/b95ae07e-40d7-4a5d-9b52-d2f765033a44 | https://zenodo.org/record/3356949
10.1002/adma.201706570,Advanced_Materials,2018,bronze,http_error,https://onlinelibrary.wiley.com/doi/pdfdirect/10.1002/adma.201706570 [http_error 403],https://doi.org/10.1002/adma.201706570
10.1002/adma.201706573,Advanced_Materials,2018,bronze,http_error,https://onlinelibrary.wiley.com/doi/pdfdirect/10.1002/adma.201706573 [http_error 403],https://doi.org/10.1002/adma.201706573
10.1002/adma.201706706,Advanced_Materials,2018,green,no_url,,https://www.ncbi.nlm.nih.gov/pmc/articles/6269221
10.1002/adma.201702005,Advanced_Materials,2017,green,no_url,,http://infoscience.epfl.ch/record/232248
10.1002/adma.201702119,Advanced_Materials,2017,green,no_url,,http://hdl.handle.net/10379/10439 | https://www.ncbi.nlm.nih.gov/pmc/articles/7391933
10.1002/adma.201702157,Advanced_Materials,2017,green,no_url,,http://infoscience.epfl.ch/record/231530
10.1002/adma.201707251,Advanced_Materials,2018,green,no_url,,http://infoscience.epfl.ch/record/260043 | https://zenodo.org/record/3492348
10.1002/adma.201707306,Advanced_Materials,2018,green,no_url,,https://www.ncbi.nlm.nih.gov/pmc/articles/6130203
10.1002/adma.201707433,Advanced_Materials,2018,bronze,http_error,https://onlinelibrary.wiley.com/doi/pdfdirect/10.1002/adma.201707433 [http_error 403],http://hdl.handle.net/10278/3742838 | https://doi.org/10.1002/adma.201707433
10.1002/adma.201707495,Advanced_Materials,2018,green,no_url,,https://www.ncbi.nlm.nih.gov/pmc/articles/6310159
10.1002/adma.201800001,Advanced_Materials,2018,green,no_url,,https://www.ncbi.nlm.nih.gov/pmc/articles/6286193
10.1002/adma.201800754,Advanced_Materials,2018,bronze,http_error,https://onlinelibrary.wiley.com/doi/pdfdirect/10.1002/adma.201800754 [http_error 403] | https://escholarship.org/content/qt9pw9h8xb/qt9pw9h8xb.pdf [http_error 403],https://doi.org/10.1002/adma.201800754 | https://escholarship.org/uc/item/9pw9h8xb
10.1002/adma.201801152,Advanced_Materials,2018,hybrid,http_error,https://onlinelibrary.wiley.com/doi/pdfdirect/10.1002/adma.201801152 [http_error 403],https://doi.org/10.1002/adma.201801152
10.1002/adma.201801171,Advanced_Materials,2018,green,not_pdf,http://hdl.handle.net/10072/381429 [not_pdf],http://hdl.handle.net/10072/381429
10.1002/adma.201801181,Advanced_Materials,2018,green,no_url,,https://univoak.eu/islandora/object/islandora%3A71165
10.1002/adma.201703225,Advanced_Materials,2017,green,no_url,,http://hdl.handle.net/11577/3261099 | https://univoak.eu/islandora/object/islandora%3A64330
10.1002/adma.201703399,Advanced_Materials,2017,green,no_url,,https://zenodo.org/record/1119083
10.1002/adma.201703622,Advanced_Materials,2018,green,not_pdf,http://hdl.handle.net/10138/326483 [not_pdf],http://hdl.handle.net/10138/326483
10.1002/adma.201803594,Advanced_Materials,2018,bronze,http_error,https://onlinelibrary.wiley.com/doi/pdfdirect/10.1002/adma.201803594 [http_error 403] | https://oatao.univ-toulouse.fr/24666/1/Xia_24666.pdf [http_error],https://doi.org/10.1002/adma.201803594 | https://oatao.univ-toulouse.fr/24666/1/Xia_24666.pdf
10.1002/adma.201803665,Advanced_Materials,2018,bronze,http_error,https://onlinelibrary.wiley.com/doi/pdfdirect/10.1002/adma.201803665 [http_error 403],http://hdl.handle.net/10278/3742837 | https://doi.org/10.1002/adma.201803665
10.1002/adma.201803703,Advanced_Materials,2018,hybrid,http_error,https://onlinelibrary.wiley.com/doi/pdfdirect/10.1002/adma.201803703 [http_error 403],https://doi.org/10.1002/adma.201803703 | https://research.rug.nl/en/publications/2be7e254-3197-4c18-8503-b1c73613ee18
10.1002/adma.201803730,Advanced_Materials,2018,green,no_url,,http://hdl.handle.net/10396/34293
10.1002/adma.201804033,Advanced_Materials,2018,hybrid,http_error,https://onlinelibrary.wiley.com/doi/pdfdirect/10.1002/adma.201804033 [http_error 403],http://hdl.handle.net/10044/1/63385 | https://doi.org/10.1002/adma.201804033
10.1002/adma.201804098,Advanced_Materials,2018,bronze,http_error,https://onlinelibrary.wiley.com/doi/pdfdirect/10.1002/adma.201804098 [http_error 403],https://doi.org/10.1002/adma.201804098 | https://hdl.handle.net/1721.1/140813
10.1002/adma.201801334,Advanced_Materials,2018,green,no_url,,http://ir.ipe.ac.cn/handle/122111/26687
10.1002/adma.201801357,Advanced_Materials,2018,hybrid,http_error,https://onlinelibrary.wiley.com/doi/pdfdirect/10.1002/adma.201801357 [http_error 403],https://doi.org/10.1002/adma.201801357
10.1002/adma.201801384,Advanced_Materials,2018,green,http_error,http://oatao.univ-toulouse.fr/21787/7/Ye_21787.pdf [http_error],http://oatao.univ-toulouse.fr/21787/7/Ye_21787.pdf | https://hal.science/hal-02049100
10.1002/adma.201801584,Advanced_Materials,2018,green,no_url,,https://www.ncbi.nlm.nih.gov/pmc/articles/6148372
10.1002/adma.201801612,Advanced_Materials,2018,green,no_url,,http://infoscience.epfl.ch/record/255900
10.1002/adma.201802516,Advanced_Materials,2018,bronze,http_error,https://onlinelibrary.wiley.com/doi/pdfdirect/10.1002/adma.201802516 [http_error 403],http://hdl.handle.net/11311/1060239 | https://doi.org/10.1002/adma.201802516 | https://zenodo.org/record/3492360
10.1002/adma.201802762,Advanced_Materials,2018,green,no_url,,https://www.ncbi.nlm.nih.gov/pmc/articles/6452898
10.1002/adma.201802813,Advanced_Materials,2018,green,no_url,,http://onlinelibrary.wiley.com/journal/10.1002/(ISSN)1521-4095
10.1002/adma.201802837,Advanced_Materials,2018,green,title_mismatch,https://arxiv.org/pdf/1807.02050 [title_mismatch],http://arxiv.org/abs/1807.02050
10.1002/adma.201802949,Advanced_Materials,2018,green,no_url,,https://tud.qucosa.de/id/qucosa%3A34564
10.1002/adma.201704754,Advanced_Materials,2017,bronze,http_error,https://onlinelibrary.wiley.com/doi/pdfdirect/10.1002/adma.201704754 [http_error 403] | https://escholarship.org/content/qt2z28d492/qt2z28d492.pdf [http_error 403] | https://www.osti.gov/servlets/purl/1465431 [http_error 403],https://doi.org/10.1002/adma.201704754 | https://escholarship.org/uc/item/2z28d492 | https://www.osti.gov/biblio/1465431
10.1002/adma.201704871,Advanced_Materials,2018,hybrid,http_error,https://onlinelibrary.wiley.com/doi/pdfdirect/10.1002/adma.201704871 [http_error 403],https://doi.org/10.1002/adma.201704871 | https://research.rug.nl/en/publications/29b58f77-5d6a-4983-ac5f-d003881ac8c5
10.1002/adma.201704878,Advanced_Materials,2017,green,no_url,,https://www.ncbi.nlm.nih.gov/pmc/articles/5942558
10.1002/adma.201704888,Advanced_Materials,2018,green,no_url,,http://ir.ipe.ac.cn/handle/122111/24072
10.1002/adma.201804434,Advanced_Materials,2019,green,not_pdf,http://hdl.handle.net/11343/222551 [not_pdf],http://gateway.webofknowledge.com/gateway/Gateway.cgi?GWVersion=2&SrcApp=PARTNER_APP&SrcAuth=LinksAMR&KeyUT=WOS:000468005400002&DestLinkType=FullRecord&DestApp=ALL_WOS&UsrCustomerID=d4d813f4571fa7d6246bdc0dfeca3a1c
10.1002/adma.201804653,Advanced_Materials,2018,bronze,http_error,https://onlinelibrary.wiley.com/doi/pdfdirect/10.1002/adma.201804653 [http_error 403],https://doi.org/10.1002/adma.201804653
10.1002/adma.201800129,Advanced_Materials,2018,bronze,http_error,https://onlinelibrary.wiley.com/doi/pdfdirect/10.1002/adma.201800129 [http_error 403],https://doi.org/10.1002/adma.201800129
10.1002/adma.201800327,Advanced_Materials,2018,green,no_url,,http://eprints.gla.ac.uk/206692/
10.1002/adma.201800364,Advanced_Materials,2018,green,no_url,,https://research.tue.nl/nl/publications/608e7154-9dad-426f-a099-90a9abad11a9
10.1002/adma.201800413,Advanced_Materials,2018,green,no_url,,https://zenodo.org/record/1302439
10.1002/adma.201800579,Advanced_Materials,2018,bronze,http_error,https://onlinelibrary.wiley.com/doi/pdfdirect/10.1002/adma.201800579 [http_error 403],https://doi.org/10.1002/adma.201800579
10.1002/adma.201704229,Advanced_Materials,2017,bronze,http_error,https://onlinelibrary.wiley.com/doi/pdfdirect/10.1002/adma.201704229 [http_error 403],https://doi.org/10.1002/adma.201704229
10.1002/adma.201704531,Advanced_Materials,2017,bronze,http_error,https://onlinelibrary.wiley.com/doi/pdfdirect/10.1002/adma.201704531 [http_error 403],https://doi.org/10.1002/adma.201704531
10.1002/adma.201805093,Advanced_Materials,2018,green,no_url,,https://univoak.eu/islandora/object/islandora%3A149500
10.1002/adma.201805188,Advanced_Materials,2018,bronze,http_error,https://onlinelibrary.wiley.com/doi/pdfdirect/10.1002/adma.201805188 [http_error 403] | https://dspace.mit.edu/bitstream/1721.1/140788.2/4/10.1002-adma.201805188.pdf [http_error 405],https://doi.org/10.1002/adma.201805188 | https://hdl.handle.net/1721.1/140788 | https://hdl.handle.net/1721.1/140788.2
10.1002/adma.201705998,Advanced_Materials,2018,bronze,http_error,https://onlinelibrary.wiley.com/doi/pdfdirect/10.1002/adma.201705998 [http_error 403],http://infoscience.epfl.ch/record/259257 | https://doi.org/10.1002/adma.201705998
10.1002/adma.201706032,Advanced_Materials,2018,green,not_pdf,http://hdl.handle.net/10138/327344 [not_pdf],http://hdl.handle.net/10138/327344
10.1002/adma.201805867,Advanced_Materials,2019,green,no_url,,https://figshare.com/articles/journal_contribution/High-Performance_Graphene-Fiber-Based_Neural_Recording_Microelectrodes/27783756
10.1002/adma.201806005,Advanced_Materials,2018,green,no_url,,https://tud.qucosa.de/id/qucosa%3A34563
10.1002/adma.201806024,Advanced_Materials,2018,green,no_url,,https://www.ncbi.nlm.nih.gov/pmc/articles/6634980
10.1002/adma.201806774,Advanced_Materials,2019,green,no_url,,https://www.ncbi.nlm.nih.gov/pmc/articles/7482105
10.1002/adma.201806937,Advanced_Materials,2019,hybrid,http_error,https://www.onlinelibrary.wiley.com/doi/pdfdirect/10.1002/adma.201806937 [http_error 403],https://doi.org/10.1002/adma.201806937 | https://research.utwente.nl/en/publications/c884a8f7-084f-4dbd-b605-f463d7c0a429 | https://research.wur.nl/en/publications/exceptional-water-desalination-performance-with-anion-selective-e | https://zenodo.org/record/2611905
10.1002/adma.201807212,Advanced_Materials,2019,green,not_pdf,http://hdl.handle.net/2117/336264 [not_pdf],http://hdl.handle.net/2117/336264 | https://zenodo.org/record/3609126
10.1002/adma.201803151,Advanced_Materials,2018,bronze,http_error,https://onlinelibrary.wiley.com/doi/pdfdirect/10.1002/adma.201803151 [http_error 403],https://doi.org/10.1002/adma.201803151
10.1002/adma.201803551,Advanced_Materials,2018,green,http_error,http://ira.lib.polyu.edu.hk/bitstream/10397/101551/1/Huang_Interface_Nanowire_Enhancing.pdf [http_error],http://hdl.handle.net/10397/101551
10.1002/adma.201801972,Advanced_Materials,2018,green,no_url,,http://ir.ipe.ac.cn/handle/122111/25652
10.1002/adma.201802155,Advanced_Materials,2018,green,no_url,,https://figshare.com/articles/journal_contribution/Multilayer_Lead-free_Ceramic_Capacitors_With_Ultrahigh_Energy_Density_And_Efficiency/27784260
10.1002/adma.201802306,Advanced_Materials,2018,bronze,http_error,https://onlinelibrary.wiley.com/doi/pdfdirect/10.1002/adma.201802306 [http_error 403],https://doi.org/10.1002/adma.201802306 | https://hdl.handle.net/1721.1/140810.2 | https://www.ncbi.nlm.nih.gov/pmc/articles/7189256
10.1002/adma.201900039,Advanced_Materials,2019,green,no_url,,https://hdl.handle.net/10550/73966
10.1002/adma.201900331,Advanced_Materials,2019,green,no_url,,https://hdl.handle.net/1721.1/140490
10.1002/adma.201900514,Advanced_Materials,2019,green,no_url,,https://kclpure.kcl.ac.uk/portal/en/publications/eb437ed3-6a2c-42ac-88d8-b7f59b669f24
10.1002/adma.201900545,Advanced_Materials,2019,green,not_pdf,http://hdl.handle.net/11343/223040 [not_pdf],https://figshare.com/articles/journal_contribution/SupraCells_Living_Mammalian_Cells_Protected_within_Functional_Modular_Nanoparticle-Based_Exoskeletons/27546768 | https://hdl.handle.net/11343/223040
10.1002/adma.201901745,Advanced_Materials,2019,hybrid,http_error,https://onlinelibrary.wiley.com/doi/pdfdirect/10.1002/adma.201901745 [http_error 403],https://doi.org/10.1002/adma.201901745
10.1002/adma.201901916,Advanced_Materials,2019,green,no_url,,https://hdl.handle.net/1721.1/140950
10.1002/adma.201902021,Advanced_Materials,2019,bronze,http_error,https://onlinelibrary.wiley.com/doi/pdfdirect/10.1002/adma.201902021 [http_error 403],https://doi.org/10.1002/adma.201902021 | https://hdl.handle.net/1721.1/140820 | https://www.ncbi.nlm.nih.gov/pmc/articles/6663568
10.1002/adma.201902177,Advanced_Materials,2020,hybrid,http_error,https://onlinelibrary.wiley.com/doi/pdfdirect/10.1002/adma.201902177 [http_error 403],https://doi.org/10.1002/adma.201902177 | https://epub.jku.at/doi/10.1002/adma.201902177
10.1002/adma.201902189,Advanced_Materials,2019,bronze,http_error,https://onlinelibrary.wiley.com/doi/pdfdirect/10.1002/adma.201902189 [http_error 403],https://doi.org/10.1002/adma.201902189
10.1002/adma.201902339,Advanced_Materials,2019,bronze,http_error,https://onlinelibrary.wiley.com/doi/pdfdirect/10.1002/adma.201902339 [http_error 403],https://doi.org/10.1002/adma.201902339
10.1002/adma.201903841,Advanced_Materials,2019,green,no_url,,http://hdl.handle.net/10072/393250 | https://rgu-repository.worktribe.com/output/2120440
10.1002/adma.201904243,Advanced_Materials,2019,green,no_url,,http://urn.kb.se/resolve?urn=urn:nbn:se:liu:diva-160419 | https://zenodo.org/record/3773284
10.1002/adma.201904327,Advanced_Materials,2019,hybrid,http_error,https://onlinelibrary.wiley.com/doi/pdfdirect/10.1002/adma.201904327 [http_error 403],https://doi.org/10.1002/adma.201904327
10.1002/adma.201904347,Advanced_Materials,2019,hybrid,http_error,https://onlinelibrary.wiley.com/doi/pdfdirect/10.1002/adma.201904347 [http_error 403],https://doi.org/10.1002/adma.201904347
10.1002/adma.201901345,Advanced_Materials,2019,bronze,http_error,https://onlinelibrary.wiley.com/doi/pdfdirect/10.1002/adma.201901345 [http_error 403],https://doi.org/10.1002/adma.201901345 | https://www.ncbi.nlm.nih.gov/pmc/articles/8063598
10.1002/adma.201901521,Advanced_Materials,2019,green,no_url,,http://ir.ipe.ac.cn/handle/122111/30740
10.1002/adma.201901570,Advanced_Materials,2019,bronze,http_error,https://onlinelibrary.wiley.com/doi/pdfdirect/10.1002/adma.201901570 [http_error 403],https://doi.org/10.1002/adma.201901570
10.1002/adma.201902492,Advanced_Materials,2019,green,title_mismatch,https://arxiv.org/pdf/1803.11490 [title_mismatch],http://arxiv.org/abs/1803.11490
10.1002/adma.201902493,Advanced_Materials,2019,green,no_url,,https://hdl.handle.net/1721.1/140594 | https://hdl.handle.net/1721.1/140594.2
10.1002/adma.201902725,Advanced_Materials,2019,green,no_url,,https://research.manchester.ac.uk/en/publications/91a58d7a-ae75-4538-8533-bf0e451ebdfc
10.1002/adma.201902928,Advanced_Materials,2019,green,http_error,https://escholarship.org/content/qt27s761xn/qt27s761xn.pdf?t=q2pelg [http_error 403],https://escholarship.org/uc/item/27s761xn
10.1002/adma.201902977,Advanced_Materials,2019,hybrid,http_error,https://onlinelibrary.wiley.com/doi/pdfdirect/10.1002/adma.201902977 [http_error 403],https://doi.org/10.1002/adma.201902977
10.1002/adma.201905740,Advanced_Materials,2019,green,no_url,,https://www.ncbi.nlm.nih.gov/pmc/articles/7014935
10.1002/adma.201905878,Advanced_Materials,2019,hybrid,http_error,https://onlinelibrary.wiley.com/doi/pdfdirect/10.1002/adma.201905878 [http_error 403],http://hdl.handle.net/2115/76636 | https://doi.org/10.1002/adma.201905878 | https://hdl.handle.net/2115/76636
10.1002/adma.201906051,Advanced_Materials,2019,green,no_url,,http://hdl.handle.net/10072/388596
10.1002/adma.201906176,Advanced_Materials,2020,bronze,http_error,https://onlinelibrary.wiley.com/doi/pdfdirect/10.1002/adma.201906176 [http_error 403],http://purl.org/au-research/grants/arc/FT130101337 | https://doi.org/10.1002/adma.201906176
10.1002/adma.201805460,Advanced_Materials,2018,green,no_url,,https://www.ncbi.nlm.nih.gov/pmc/articles/6402588
10.1002/adma.201805541,Advanced_Materials,2018,green,http_error,http://ira.lib.polyu.edu.hk/bitstream/10397/101540/1/Huang_Strongly_Coupled_Nickel%e2%80%93Cobalt.pdf [http_error],http://hdl.handle.net/10397/101540
10.1002/adma.201805752,Advanced_Materials,2018,green,no_url,,https://www.ncbi.nlm.nih.gov/pmc/articles/6823930
10.1002/adma.201807274,Advanced_Materials,2019,bronze,not_pdf,https://onlinelibrary.wiley.com/doi/pdfdirect/10.1002/adma.201807274 [http_error 403] | https://research.tue.nl/nl/publications/7bbbbcfa-0257-450f-9126-867acd5c7629 [not_pdf],https://doi.org/10.1002/adma.201807274 | https://research.tue.nl/en/publications/7bbbbcfa-0257-450f-9126-867acd5c7629 | https://research.tue.nl/nl/publications/7bbbbcfa-0257-450f-9126-867acd5c7629
10.1002/adma.201807285,Advanced_Materials,2019,green,no_url,,https://www.ncbi.nlm.nih.gov/pmc/articles/7616941
10.1002/adma.201807481,Advanced_Materials,2019,green,no_url,,https://www.ncbi.nlm.nih.gov/pmc/articles/6430416
10.1002/adma.201807712,Advanced_Materials,2019,green,no_url,,https://tud.qucosa.de/id/qucosa%3A34562
10.1002/adma.201906939,Advanced_Materials,2020,bronze,http_error,https://onlinelibrary.wiley.com/doi/pdfdirect/10.1002/adma.201906939 [http_error 403],https://doi.org/10.1002/adma.201906939 | https://figshare.com/articles/journal_contribution/Highly_Thermoconductive_Thermostable_and_Super-Flexible_Film_by_Engineering_1D_Rigid_Rod-Like_Aramid_Nanofiber_2D_Boron_Nitride_Nanosheets/20720821
10.1002/adma.201907005,Advanced_Materials,2019,bronze,http_error,https://onlinelibrary.wiley.com/doi/pdfdirect/10.1002/adma.201907005 [http_error 403],https://doi.org/10.1002/adma.201907005
10.1002/adma.201907014,Advanced_Materials,2020,hybrid,http_error,https://onlinelibrary.wiley.com/doi/pdfdirect/10.1002/adma.201907014 [http_error 403],https://doi.org/10.1002/adma.201907014
10.1002/adma.201907030,Advanced_Materials,2020,green,no_url,,https://www.ncbi.nlm.nih.gov/pmc/articles/7702719
10.1002/adma.201907112,Advanced_Materials,2020,green,http_error,http://ira.lib.polyu.edu.hk/bitstream/10397/100165/1/Huang_General_Strategy_Glassy.pdf [http_error],http://hdl.handle.net/10397/100165
10.1002/adma.201907214,Advanced_Materials,2020,bronze,http_error,https://onlinelibrary.wiley.com/doi/pdfdirect/10.1002/adma.201907214 [http_error 403],https://doi.org/10.1002/adma.201907214
10.1002/adma.201907244,Advanced_Materials,2020,hybrid,http_error,https://onlinelibrary.wiley.com/doi/pdfdirect/10.1002/adma.201907244 [http_error 403],https://doi.org/10.1002/adma.201907244
10.1002/adma.201907257,Advanced_Materials,2020,green,no_url,,http://ir.lzu.edu.cn/handle/262010/405496
10.1002/adma.201907336,Advanced_Materials,2020,green,not_pdf,http://hdl.handle.net/11343/275310 [not_pdf],https://hdl.handle.net/11343/275310
10.1002/adma.201907465,Advanced_Materials,2020,bronze,http_error,https://onlinelibrary.wiley.com/doi/pdfdirect/10.1002/adma.201907465 [http_error 403],https://doi.org/10.1002/adma.201907465 | https://hdl.handle.net/1721.1/140596
10.1002/adma.201907702,Advanced_Materials,2020,hybrid,http_error,https://onlinelibrary.wiley.com/doi/pdfdirect/10.1002/adma.201907702 [http_error 403],http://hdl.handle.net/21.11116/0000-0005-D64A-7 | https://doi.org/10.1002/adma.201907702
10.1002/adma.201907718,Advanced_Materials,2020,bronze,not_pdf,https://onlinelibrary.wiley.com/doi/pdfdirect/10.1002/adma.201907718 [http_error 403] | http://hdl.handle.net/10072/391954 [not_pdf],http://hdl.handle.net/10072/391954 | https://doi.org/10.1002/adma.201907718
10.1002/adma.201907757,Advanced_Materials,2020,green,no_url,,http://infoscience.epfl.ch/record/275561
10.1002/adma.201907786,Advanced_Materials,2020,hybrid,http_error,https://onlinelibrary.wiley.com/doi/pdfdirect/10.1002/adma.201907786 [http_error 403],https://doi.org/10.1002/adma.201907786 | https://research.tue.nl/en/publications/bb16ac6f-6c47-43b9-8e0b-853dc44431ff | https://research.tue.nl/nl/publications/bb16ac6f-6c47-43b9-8e0b-853dc44431ff
10.1002/adma.201904524,Advanced_Materials,2019,bronze,http_error,https://onlinelibrary.wiley.com/doi/pdfdirect/10.1002/adma.201904524 [http_error 403],https://doi.org/10.1002/adma.201904524
10.1002/adma.201904548,Advanced_Materials,2019,bronze,http_error,https://onlinelibrary.wiley.com/doi/pdfdirect/10.1002/adma.201904548 [http_error 403],https://doi.org/10.1002/adma.201904548
10.1002/adma.201904702,Advanced_Materials,2019,hybrid,http_error,https://onlinelibrary.wiley.com/doi/pdfdirect/10.1002/adma.201904702 [http_error 403],https://doi.org/10.1002/adma.201904702
10.1002/adma.201904720,Advanced_Materials,2019,bronze,http_error,https://onlinelibrary.wiley.com/doi/pdfdirect/10.1002/adma.201904720 [http_error 403],https://doi.org/10.1002/adma.201904720 | https://hdl.handle.net/1721.1/140812.2 | https://www.ncbi.nlm.nih.gov/pmc/articles/6824953
10.1002/adma.201904989,Advanced_Materials,2019,green,http_error,http://ira.lib.polyu.edu.hk/bitstream/10397/104411/1/Li_Flexible_Honeycombed_Nanoporous.pdf [http_error],http://hdl.handle.net/10397/104411
10.1002/adma.201908087,Advanced_Materials,2020,hybrid,http_error,https://onlinelibrary.wiley.com/doi/pdfdirect/10.1002/adma.201908087 [http_error 403],http://hdl.handle.net/21.11116/0000-0005-995E-6 | https://doi.org/10.1002/adma.201908087
10.1002/adma.201908140,Advanced_Materials,2020,hybrid,http_error,https://onlinelibrary.wiley.com/doi/pdfdirect/10.1002/adma.201908140 [http_error 403],http://hdl.handle.net/11567/997909 | http://hdl.handle.net/21.11116/0000-0005-A280-2 | https://doi.org/10.1002/adma.201908140
10.1002/adma.201900699,Advanced_Materials,2019,bronze,http_error,https://onlinelibrary.wiley.com/doi/pdfdirect/10.1002/adma.201900699 [http_error 403],https://doi.org/10.1002/adma.201900699
10.1002/adma.201900702,Advanced_Materials,2019,bronze,robots_disallowed,https://onlinelibrary.wiley.com/doi/pdfdirect/10.1002/adma.201900702 [http_error 403] | https://eprints.lib.hokudai.ac.jp/repo/huscap/all/78650/Adv.%20Mater.%2031(25)%201900702.pdf [robots_disallowed],https://doi.org/10.1002/adma.201900702 | https://hal.science/hal-02393171 | https://hdl.handle.net/2115/78650
10.1002/adma.201900826,Advanced_Materials,2019,green,no_url,,http://hdl.handle.net/10072/387311
10.1002/adma.201900989,Advanced_Materials,2019,bronze,http_error,https://onlinelibrary.wiley.com/doi/pdfdirect/10.1002/adma.201900989 [http_error 403],https://doi.org/10.1002/adma.201900989
10.1002/adma.202001330,Advanced_Materials,2020,hybrid,not_pdf,https://onlinelibrary.wiley.com/doi/pdfdirect/10.1002/adma.202001330 [http_error 403] | https://opus4.kobv.de/opus4-fau/files/15302/ADMA_ADMA202001330.pdf [not_pdf],https://doi.org/10.1002/adma.202001330 | https://opus4.kobv.de/opus4-fau/files/15302/ADMA_ADMA202001330.pdf
10.1002/adma.202002235,Advanced_Materials,2020,hybrid,http_error,https://onlinelibrary.wiley.com/doi/pdfdirect/10.1002/adma.202002235 [http_error 403],https://doi.org/10.1002/adma.202002235 | https://hdl.handle.net/10356/161099
10.1002/adma.202002332,Advanced_Materials,2020,hybrid,http_error,https://onlinelibrary.wiley.com/doi/pdfdirect/10.1002/adma.202002332 [http_error 403],http://nbn-resolving.de/urn:nbn:de:bsz:289-oparu-39228-9 | https://doi.org/10.1002/adma.202002332 | https://doi.org/10.18725/oparu-39152
10.1002/adma.202002361,Advanced_Materials,2020,bronze,http_error,https://onlinelibrary.wiley.com/doi/pdfdirect/10.1002/adma.202002361 [http_error 403],https://doi.org/10.1002/adma.202002361 | https://www.ncbi.nlm.nih.gov/pmc/articles/7300536 | https://www.ncbi.nlm.nih.gov/pmc/articles/8095100
10.1002/adma.202002392,Advanced_Materials,2020,bronze,http_error,https://onlinelibrary.wiley.com/doi/pdfdirect/10.1002/adma.202002392 [http_error 403],https://doi.org/10.1002/adma.202002392 | https://research.utwente.nl/en/publications/1f641376-91ab-4712-8612-9cf1a96deeba
10.1002/adma.202003801,Advanced_Materials,2020,green,no_url,,https://infoscience.epfl.ch/handle/20.500.14299/178750
10.1002/adma.202002619,Advanced_Materials,2020,hybrid,http_error,https://onlinelibrary.wiley.com/doi/pdfdirect/10.1002/adma.202002619 [http_error 403],https://doi.org/10.1002/adma.202002619 | https://hdl.handle.net/2031/1985ee16-f560-4c9e-83e1-c202f58009ec
10.1002/adma.202002632,Advanced_Materials,2020,green,no_url,,http://infoscience.epfl.ch/record/286204
10.1002/adma.202002824,Advanced_Materials,2020,hybrid,http_error,https://onlinelibrary.wiley.com/doi/pdfdirect/10.1002/adma.202002824 [http_error 403],http://urn.kb.se/resolve?urn=urn:nbn:se:miun:diva-39664 | https://doi.org/10.1002/adma.202002824
10.1002/adma.201903173,Advanced_Materials,2019,bronze,http_error,https://onlinelibrary.wiley.com/doi/pdfdirect/10.1002/adma.201903173 [http_error 403],https://doi.org/10.1002/adma.201903173
10.1002/adma.201903195,Advanced_Materials,2019,bronze,http_error,https://onlinelibrary.wiley.com/doi/pdfdirect/10.1002/adma.201903195 [http_error 403],https://doi.org/10.1002/adma.201903195 | https://hdl.handle.net/1721.1/128131
10.1002/adma.201903391,Advanced_Materials,2019,hybrid,http_error,https://onlinelibrary.wiley.com/doi/pdfdirect/10.1002/adma.201903391 [http_error 403],https://doi.org/10.1002/adma.201903391 | https://publications.rwth-aachen.de/record/781097
10.1002/adma.201903404,Advanced_Materials,2019,bronze,http_error,https://onlinelibrary.wiley.com/doi/pdfdirect/10.1002/adma.201903404 [http_error 403],https://doi.org/10.1002/adma.201903404
10.1002/adma.201903577,Advanced_Materials,2019,green,no_url,,http://hdl.handle.net/2117/177024 | https://hdl.handle.net/2117/177024
10.1002/adma.201903717,Advanced_Materials,2019,hybrid,http_error,https://onlinelibrary.wiley.com/doi/pdfdirect/10.1002/adma.201903717 [http_error 403],https://doi.org/10.1002/adma.201903717
10.1002/adma.202001534,Advanced_Materials,2020,hybrid,http_error,https://onlinelibrary.wiley.com/doi/pdfdirect/10.1002/adma.202001534 [http_error 403],https://doi.org/10.1002/adma.202001534
10.1002/adma.202001699,Advanced_Materials,2020,hybrid,http_error,https://onlinelibrary.wiley.com/doi/pdfdirect/10.1002/adma.202001699 [http_error 403],https://doi.org/10.1002/adma.202001699 | https://research.utwente.nl/en/publications/4447bf59-d829-47f7-9943-df22bd71c2f7
10.1002/adma.202001862,Advanced_Materials,2020,green,no_url,,https://www.ncbi.nlm.nih.gov/pmc/articles/7386557
10.1002/adma.202002034,Advanced_Materials,2020,bronze,http_error,https://onlinelibrary.wiley.com/doi/pdfdirect/10.1002/adma.202002034 [http_error 403],https://doi.org/10.1002/adma.202002034
10.1002/adma.202003225,Advanced_Materials,2020,green,no_url,,https://www.ncbi.nlm.nih.gov/pmc/articles/9119193
10.1002/adma.202003252,Advanced_Materials,2020,hybrid,http_error,https://onlinelibrary.wiley.com/doi/pdfdirect/10.1002/adma.202003252 [http_error 403],https://doi.org/10.1002/adma.202003252 | https://monarch.qucosa.de/id/qucosa%3A79953
10.1002/adma.202003596,Advanced_Materials,2020,hybrid,robots_disallowed,https://onlinelibrary.wiley.com/doi/pdfdirect/10.1002/adma.202003596 [http_error 403] | https://opus.bibliothek.uni-wuerzburg.de/files/21785/ADMA_ADMA202003596.pdf [robots_disallowed],http://nbn-resolving.org/urn:nbn:de:bvb:703-epub-5293-9 | https://doi.org/10.1002/adma.202003596 | https://nbn-resolving.org/urn:nbn:de:bvb:20-opus-217850
10.1002/adma.201905099,Advanced_Materials,2019,bronze,http_error,https://onlinelibrary.wiley.com/doi/pdfdirect/10.1002/adma.201905099 [http_error 403] | https://hdl.handle.net/2027.42/152740 [http_error 403],https://doi.org/10.1002/adma.201905099 | https://hdl.handle.net/2027.42/152740
10.1002/adma.201905135,Advanced_Materials,2019,green,no_url,,https://www.ncbi.nlm.nih.gov/pmc/articles/6928421
10.1002/adma.201905247,Advanced_Materials,2019,hybrid,http_error,https://onlinelibrary.wiley.com/doi/pdfdirect/10.1002/adma.201905247 [http_error 403],https://doi.org/10.1002/adma.201905247 | https://doi.org/10.17863/cam.45923 | https://www.repository.cam.ac.uk/handle/1810/298868
10.1002/adma.201905361,Advanced_Materials,2019,hybrid,http_error,https://onlinelibrary.wiley.com/doi/pdfdirect/10.1002/adma.201905361 [http_error 403],https://doi.org/10.1002/adma.201905361
10.1002/adma.201905569,Advanced_Materials,2019,bronze,http_error,https://onlinelibrary.wiley.com/doi/pdfdirect/10.1002/adma.201905569 [http_error 403],https://doi.org/10.1002/adma.201905569 | https://hdl.handle.net/1721.1/128132
10.1002/adma.201905681,Advanced_Materials,2019,hybrid,http_error,https://onlinelibrary.wiley.com/doi/pdfdirect/10.1002/adma.201905681 [http_error 403],https://doi.org/10.1002/adma.201905681
10.1002/adma.201906432,Advanced_Materials,2020,bronze,http_error,https://onlinelibrary.wiley.com/doi/pdfdirect/10.1002/adma.201906432 [http_error 403],https://doi.org/10.1002/adma.201906432
10.1002/adma.201906477,Advanced_Materials,2020,green,http_error,http://ira.lib.polyu.edu.hk/bitstream/10397/100145/1/Huang_Exploring_Bi2Te3_Nanoplates.pdf [http_error],http://hdl.handle.net/10397/100145
10.1002/adma.201906652,Advanced_Materials,2020,hybrid,http_error,https://onlinelibrary.wiley.com/doi/pdfdirect/10.1002/adma.201906652 [http_error 403],https://doi.org/10.1002/adma.201906652
10.1002/adma.202000865,Advanced_Materials,2020,green,no_url,,http://infoscience.epfl.ch/record/277189
10.1002/adma.202000919,Advanced_Materials,2020,bronze,http_error,https://onlinelibrary.wiley.com/doi/pdfdirect/10.1002/adma.202000919 [http_error 403],https://doi.org/10.1002/adma.202000919
10.1002/adma.202000004,Advanced_Materials,2020,hybrid,http_error,https://onlinelibrary.wiley.com/doi/pdfdirect/10.1002/adma.202000004 [http_error 403],https://doi.org/10.1002/adma.202000004
10.1002/adma.202005652,Advanced_Materials,2020,green,no_url,,http://hdl.handle.net/20.500.11850/453839 | https://doi.org/10.3929/ethz-b-000453839
10.1002/adma.202005838,Advanced_Materials,2020,green,title_mismatch,https://arxiv.org/pdf/2010.03601 [title_mismatch],http://arxiv.org/abs/2010.03601
10.1002/adma.202005973,Advanced_Materials,2020,hybrid,no_url,,http://nbn-resolving.de/urn:nbn:de:bsz:289-oparu-44556-4 | https://doi.org/10.1002/adma.202005973 | https://doi.org/10.18725/oparu-44480 | https://www.ncbi.nlm.nih.gov/pmc/articles/11468592
10.1002/adma.202006087,Advanced_Materials,2020,green,no_url,,https://hdl.handle.net/11492/3753
10.1002/adma.202006177,Advanced_Materials,2021,green,no_url,,https://figshare.com/articles/journal_contribution/Programmable_Phototaxis_of_Metal_Phenolic_Particle_Microswimmers/20674086
10.1002/adma.202006191,Advanced_Materials,2021,hybrid,http_error,https://onlinelibrary.wiley.com/doi/pdfdirect/10.1002/adma.202006191 [http_error 403],http://hdl.handle.net/20.500.11850/465802 | https://doi.org/10.1002/adma.202006191 | https://doi.org/10.3929/ethz-b-000465802 | https://www.ncbi.nlm.nih.gov/pmc/articles/7610459
10.1002/adma.202006301,Advanced_Materials,2021,hybrid,http_error,https://onlinelibrary.wiley.com/doi/pdfdirect/10.1002/adma.202006301 [http_error 403],https://doi.org/10.1002/adma.202006301 | https://www.ncbi.nlm.nih.gov/pmc/articles/11469258
10.1002/adma.202007262,Advanced_Materials,2021,bronze,http_error,https://onlinelibrary.wiley.com/doi/pdfdirect/10.1002/adma.202007262 [http_error 403],https://doi.org/10.1002/adma.202007262
10.1002/adma.202007267,Advanced_Materials,2021,hybrid,http_error,https://onlinelibrary.wiley.com/doi/pdfdirect/10.1002/adma.202007267 [http_error 403] | https://tuprints.ulb.tu-darmstadt.de/20148/1/ADMA_ADMA202007267.pdf [http_error 403],https://doi.org/10.1002/adma.202007267 | https://doi.org/10.26083/tuprints-00020148 | https://doi.org/10.5445/ir/1000130332 | https://publikationen.bibliothek.kit.edu/1000130332 | https://tuprints.ulb.tu-darmstadt.de/20148 | https://tuprints.ulb.tu-darmstadt.de/20148/1/ADMA_ADMA202007267.pdf | https://www.ncbi.nlm.nih.gov/pmc/articles/11468532
10.1002/adma.202007497,Advanced_Materials,2021,hybrid,http_error,https://onlinelibrary.wiley.com/doi/pdfdirect/10.1002/adma.202007497 [http_error 403],https://doi.org/10.1002/adma.202007497 | https://www.ncbi.nlm.nih.gov/pmc/articles/11469133
10.1002/adma.202007667,Advanced_Materials,2021,bronze,http_error,https://onlinelibrary.wiley.com/doi/pdfdirect/10.1002/adma.202007667 [http_error 403],https://doi.org/10.1002/adma.202007667 | https://hdl.handle.net/1721.1/140336.2 | https://www.ncbi.nlm.nih.gov/pmc/articles/8035323
10.1002/adma.202008361,Advanced_Materials,2021,hybrid,http_error,https://onlinelibrary.wiley.com/doi/pdfdirect/10.1002/adma.202008361 [http_error 403],http://urn.kb.se/resolve?urn=urn:nbn:se:liu:diva-178260 | https://doi.org/10.1002/adma.202008361 | https://www.ncbi.nlm.nih.gov/pmc/articles/11468983
10.1002/adma.202008487,Advanced_Materials,2021,green,http_error,http://ira.lib.polyu.edu.hk/bitstream/10397/103582/1/Zhang_Multi-Functional_Cross-Linking.pdf [http_error],http://hdl.handle.net/10397/103582
10.1002/adma.202008523,Advanced_Materials,2021,hybrid,not_pdf,https://onlinelibrary.wiley.com/doi/pdfdirect/10.1002/adma.202008523 [http_error 403] | https://repository.kulib.kyoto-u.ac.jp/bitstreams/318c1703-8e19-4086-930f-3fa661944958/download [not_pdf],http://hdl.handle.net/2433/293465 | https://doi.org/10.1002/adma.202008523 | https://hdl.handle.net/11250/2824001 | https://repository.kulib.kyoto-u.ac.jp/bitstreams/318c1703-8e19-4086-930f-3fa661944958/download | https://www.ncbi.nlm.nih.gov/pmc/articles/11468028
10.1002/adma.202008605,Advanced_Materials,2021,hybrid,http_error,https://onlinelibrary.wiley.com/doi/pdfdirect/10.1002/adma.202008605 [http_error 403] | https://hdl.handle.net/2027.42/168316 [http_error 403],http://hdl.handle.net/20.500.11850/491527 | https://doi.org/10.1002/adma.202008605 | https://doi.org/10.3929/ethz-b-000491527 | https://hdl.handle.net/2027.42/168316 | https://www.ncbi.nlm.nih.gov/pmc/articles/7612660
10.1002/adma.202008618,Advanced_Materials,2021,bronze,http_error,https://onlinelibrary.wiley.com/doi/pdfdirect/10.1002/adma.202008618 [http_error 403],https://doi.org/10.1002/adma.202008618 | https://hdl.handle.net/1721.1/140405
10.1002/adma.202008683,Advanced_Materials,2021,hybrid,not_pdf,https://onlinelibrary.wiley.com/doi/pdfdirect/10.1002/adma.202008683 [http_error 403] | https://bib-pubdb1.desy.de/record/458203 [not_pdf] | https://www.dora.lib4ri.ch/psi/item/psi%3A37656/datastream/PDF/view [not_pdf],https://bib-pubdb1.desy.de/search?p=id:%22PUBDB-2021-02188%22 | https://doi.org/10.1002/adma.202008683 | https://impulse.mlz-garching.de/search?p=id:%22FZJ-2021-02090%22 | https://publications.rwth-aachen.de/record/818757 | https://www.dora.lib4ri.ch/psi/item/psi%3A37656/datastream/PDF/view | https://www.ncbi.nlm.nih.gov/pmc/articles/11468943
10.1002/adma.202008723,Advanced_Materials,2021,green,no_url,,https://hdl.handle.net/1721.1/140282
10.1002/adma.202008788,Advanced_Materials,2021,hybrid,not_pdf,https://onlinelibrary.wiley.com/doi/pdfdirect/10.1002/adma.202008788 [http_error 403] | http://hdl.handle.net/10344/10535 [not_pdf],http://hdl.handle.net/10344/10535 | http://hdl.handle.net/10810/70032 | https://doi.org/10.1002/adma.202008788 | https://figshare.com/articles/journal_contribution/A_self-powered_piezo-bioelectric_device_regulates_tendon_repair-associated_signaling_pathways_through_modulation_of_mechanosensitive_ion_channels/19825852 | https://qmro.qmul.ac.uk/xmlui/handle/123456789/74066 | https://www.ncbi.nlm.nih.gov/pmc/articles/11468587 | https://zenodo.org/record/7717087
10.1002/adma.202008809,Advanced_Materials,2021,green,no_url,,https://www.ncbi.nlm.nih.gov/pmc/articles/8363531
10.1002/adma.202008823,Advanced_Materials,2021,hybrid,not_pdf,https://onlinelibrary.wiley.com/doi/pdfdirect/10.1002/adma.202008823 [http_error 403] | https://refubium.fu-berlin.de/handle/fub188/31398 [not_pdf],https://doi.org/10.1002/adma.202008823 | https://doi.org/10.17169/refubium-31131 | https://mediatum.ub.tum.de/1616816 | https://refubium.fu-berlin.de/handle/fub188/31398 | https://www.helmholtz-berlin.de/pubbin/oai_publication?VT=1ID=103873 | https://www.ncbi.nlm.nih.gov/pmc/articles/11468827
10.1002/adma.202004477,Advanced_Materials,2020,green,no_url,,https://hdl.handle.net/1721.1/133238
10.1002/adma.202004555,Advanced_Materials,2020,green,http_error,https://pmc.ncbi.nlm.nih.gov/articles/PMC10865229/pdf/nihms-1944353.pdf [not_pdf] | https://europepmc.org/articles/PMC10865229/pdf/render [http_error 403],https://www.ncbi.nlm.nih.gov/pmc/articles/10865229
10.1002/adma.202004630,Advanced_Materials,2020,bronze,http_error,https://onlinelibrary.wiley.com/doi/pdfdirect/10.1002/adma.202004630 [http_error 403],https://doi.org/10.1002/adma.202004630 | https://research.tue.nl/files/174160736/publisher_version.pdf | https://research.tue.nl/nl/publications/defa3174-5077-4def-aff1-4915a5e71662 | https://research.utwente.nl/en/publications/8f96ede7-452a-413f-bf24-a2e51ee98e38
10.1016/j.bioactmat.2017.03.004,Bioactive_Materials,2017,gold,http_error,https://www.sciencedirect.com/science/article/pii/S2452199X17300233/pdf [http_error 403] | https://europepmc.org/articles/PMC5935043/pdf/render [http_error 403],http://europepmc.org/pmc/articles/PMC5935043 | https://doaj.org/article/ce4020b3428e40419b09c43d5cf229ed | https://doi.org/10.1016/j.bioactmat.2017.03.004 | https://www.ncbi.nlm.nih.gov/pmc/articles/5935043
10.1016/j.bioactmat.2017.04.004,Bioactive_Materials,2017,gold,http_error,https://www.sciencedirect.com/science/article/pii/S2452199X17300129/pdf [http_error 403] | https://europepmc.org/articles/PMC5935180/pdf/render [http_error 403],http://europepmc.org/pmc/articles/PMC5935180 | https://discovery.dundee.ac.uk/en/publications/fcd3a72f-763b-4398-b760-2381df3ccbb6 | https://doaj.org/article/220ec8d255c947409613679e3e2e9090 | https://doi.org/10.1016/j.bioactmat.2017.04.004 | https://www.ncbi.nlm.nih.gov/pmc/articles/5935180
10.1016/j.bioactmat.2017.05.001,Bioactive_Materials,2017,gold,http_error,https://www.sciencedirect.com/science/article/pii/S2452199X17300427/pdf [http_error 403] | https://europepmc.org/articles/PMC5935054/pdf/render [http_error 403],http://europepmc.org/pmc/articles/PMC5935054 | https://doaj.org/article/9e66d1a02abd4787bafaa9297a2e25bc | https://doi.org/10.1016/j.bioactmat.2017.05.001 | https://www.ncbi.nlm.nih.gov/pmc/articles/5935054
10.1016/j.bioactmat.2017.05.002,Bioactive_Materials,2017,gold,http_error,https://www.sciencedirect.com/science/article/pii/S2452199X17300142/pdf [http_error 403] | https://europepmc.org/articles/PMC5935175/pdf/render [http_error 403],http://europepmc.org/pmc/articles/PMC5935175 | https://doi.org/10.1016/j.bioactmat.2017.05.002 | https://www.ncbi.nlm.nih.gov/pmc/articles/5935175
10.1016/j.bioactmat.2017.05.003,Bioactive_Materials,2017,gold,http_error,https://www.sciencedirect.com/science/article/pii/S2452199X16300603/pdf [http_error 403] | https://opus4.kobv.de/opus4-fau/files/8631/2017%20Liverani%20-%20Incorporation%20of%20bioactive%20glass%20nanoparticles%20in%20electrospun%20PCLCS.pdf [not_pdf] | https://europepmc.org/articles/PMC5935662/pdf/render [http_error 403],http://europepmc.org/pmc/articles/PMC5935662 | https://doaj.org/article/5eae432cdd1c432e9775906517b5bf03 | https://doi.org/10.1016/j.bioactmat.2017.05.003 | https://opus4.kobv.de/opus4-fau/files/8631/2017%20Liverani%20-%20Incorporation%20of%20bioactive%20glass%20nanoparticles%20in%20electrospun%20PCLCS.pdf | https://www.ncbi.nlm.nih.gov/pmc/articles/5935662
10.1016/j.bioactmat.2017.09.003,Bioactive_Materials,2017,gold,http_error,https://ars.els-cdn.com/content/image/1-s2.0-S2452199X17300762-fx1_lrg.jpg [robots_disallowed] | https://europepmc.org/articles/PMC5935514/pdf/render [http_error 403],http://europepmc.org/pmc/articles/PMC5935514 | https://doi.org/10.1016/j.bioactmat.2017.09.003 | https://www.ncbi.nlm.nih.gov/pmc/articles/5935514
10.1016/j.bioactmat.2017.09.006,Bioactive_Materials,2017,gold,http_error,https://www.sciencedirect.com/science/article/pii/S2452199X17300816/pdf [http_error 403] | https://europepmc.org/articles/PMC5935766/pdf/render [http_error 403],http://europepmc.org/pmc/articles/PMC5935766 | https://doaj.org/article/00546ab86b3d43aca24650ac9f9297d9 | https://doi.org/10.1016/j.bioactmat.2017.09.006 | https://www.ncbi.nlm.nih.gov/pmc/articles/5935766
10.1016/j.bioactmat.2017.11.001,Bioactive_Materials,2017,gold,http_error,https://europepmc.org/articles/PMC5935786/pdf/render [http_error 403],http://europepmc.org/pmc/articles/PMC5935786 | https://doaj.org/article/37cf14efaeed45ba81126930468dc850 | https://doi.org/10.1016/j.bioactmat.2017.11.001 | https://www.ncbi.nlm.nih.gov/pmc/articles/5935786
10.1016/j.bioactmat.2017.11.004,Bioactive_Materials,2017,gold,http_error,https://www.sciencedirect.com/science/article/pii/S2452199X17301044/pdf [http_error 403] | https://europepmc.org/articles/PMC5935781/pdf/render [http_error 403],http://europepmc.org/pmc/articles/PMC5935781 | https://doaj.org/article/7a9082e451614b098dabd1766022482d | https://doi.org/10.1016/j.bioactmat.2017.11.004 | https://www.ncbi.nlm.nih.gov/pmc/articles/5935781
10.1016/j.bioactmat.2017.11.005,Bioactive_Materials,2017,gold,no_url,,https://doaj.org/article/ac7cf682290d40f389175370bb2a47cb | https://doi.org/10.1016/j.bioactmat.2017.11.005 | https://www.ncbi.nlm.nih.gov/pmc/articles/6035369
10.1016/j.bioactmat.2018.01.004,Bioactive_Materials,2018,gold,http_error,https://www.sciencedirect.com/science/article/pii/S2452199X17301470/pdf [http_error 403] | https://europepmc.org/articles/PMC5935767/pdf/render [http_error 403],http://europepmc.org/pmc/articles/PMC5935767 | https://doaj.org/article/8d2dd870f6b3496e9d1ecffcd7dbe373 | https://doi.org/10.1016/j.bioactmat.2018.01.004 | https://www.ncbi.nlm.nih.gov/pmc/articles/5935767
10.1016/j.bioactmat.2018.03.001,Bioactive_Materials,2018,gold,http_error,https://www.sciencedirect.com/science/article/pii/S2452199X17301159/pdf [http_error 403] | https://europepmc.org/articles/PMC5935779/pdf/render [http_error 403],http://europepmc.org/pmc/articles/PMC5935779 | https://doaj.org/article/8f03d839eba14516926aa0b19d95e31c | https://doi.org/10.1016/j.bioactmat.2018.03.001 | https://www.ncbi.nlm.nih.gov/pmc/articles/5935779
10.1016/j.bioactmat.2018.03.003,Bioactive_Materials,2018,gold,http_error,https://ars.els-cdn.com/content/image/1-s2.0-S2452199X17301135-fx1_lrg.jpg [robots_disallowed] | https://europepmc.org/articles/PMC5935788/pdf/render [http_error 403],http://europepmc.org/pmc/articles/PMC5935788 | https://doaj.org/article/d409572389c94f99bce5548272f2f736 | https://doi.org/10.1016/j.bioactmat.2018.03.003 | https://www.ncbi.nlm.nih.gov/pmc/articles/5935788
10.1016/j.bioactmat.2018.04.001,Bioactive_Materials,2018,gold,robots_disallowed,https://ars.els-cdn.com/content/image/1-s2.0-S2452199X17301536-fx1_lrg.jpg [robots_disallowed],https://doaj.org/article/b5418e38d887416b945f5c6e668eb5d2 | https://doi.org/10.1016/j.bioactmat.2018.04.001 | https://www.ncbi.nlm.nih.gov/pmc/articles/6026327
10.1016/j.bioactmat.2018.05.001,Bioactive_Materials,2018,gold,no_url,,https://doaj.org/article/21afc06e85d14bd0a00ed700bf00b18a | https://doi.org/10.1016/j.bioactmat.2018.05.001 | https://www.ncbi.nlm.nih.gov/pmc/articles/6026326
10.1016/j.bioactmat.2018.06.001,Bioactive_Materials,2018,gold,http_error,https://www.sciencedirect.com/science/article/pii/S2452199X17301184/pdf [http_error 403] | https://europepmc.org/articles/PMC6031222/pdf/render [http_error 403],http://europepmc.org/pmc/articles/PMC6031222 | https://doaj.org/article/c304d4c7da6e4699ab223026ada5a68a | https://doi.org/10.1016/j.bioactmat.2018.06.001 | https://www.ncbi.nlm.nih.gov/pmc/articles/6031222
10.1016/j.bioactmat.2018.08.003,Bioactive_Materials,2018,gold,http_error,https://www.sciencedirect.com/science/article/pii/S2452199X18300240/pdf [http_error 403] | https://europepmc.org/articles/PMC6351358/pdf/render [http_error 403],http://europepmc.org/pmc/articles/PMC6351358 | https://doi.org/10.1016/j.bioactmat.2018.08.003 | https://www.ncbi.nlm.nih.gov/pmc/articles/6351358
10.1016/j.bioactmat.2018.11.001,Bioactive_Materials,2018,gold,robots_disallowed,https://ars.els-cdn.com/content/image/1-s2.0-S2452199X18300616-fx1_lrg.jpg [robots_disallowed],http://hdl.handle.net/10072/391188 | https://doaj.org/article/4253a43ed0db40a7b4c4c2513ac2ac41 | https://doi.org/10.1016/j.bioactmat.2018.11.001 | https://www.ncbi.nlm.nih.gov/pmc/articles/6260435
10.1016/j.bioactmat.2018.12.001,Bioactive_Materials,2018,gold,http_error,https://www.sciencedirect.com/science/article/pii/S2452199X18300707/pdf [http_error 403] | https://europepmc.org/articles/PMC6290127/pdf/render [http_error 403],http://europepmc.org/pmc/articles/PMC6290127 | https://doi.org/10.1016/j.bioactmat.2018.12.001 | https://www.ncbi.nlm.nih.gov/pmc/articles/6290127
10.1016/j.bioactmat.2018.12.005,Bioactive_Materials,2018,gold,http_error,https://europepmc.org/articles/PMC6310743/pdf/render [http_error 403],http://europepmc.org/pmc/articles/PMC6310743 | https://doaj.org/article/226d7519bf4e430897da266885b1b288 | https://doi.org/10.1016/j.bioactmat.2018.12.005 | https://www.ncbi.nlm.nih.gov/pmc/articles/6310743
10.1016/j.bioactmat.2019.01.001,Bioactive_Materials,2019,gold,http_error,https://www.sciencedirect.com/science/article/pii/S2452199X19300040/pdf [http_error 403],https://doaj.org/article/ebe6a83b7de34186ae11eeffc1caa536 | https://doi.org/10.1016/j.bioactmat.2019.01.001 | https://www.ncbi.nlm.nih.gov/pmc/articles/6812134
10.1016/j.bioactmat.2019.02.001,Bioactive_Materials,2019,gold,http_error,https://www.sciencedirect.com/science/article/pii/S2452199X18300653/pdf [http_error 403] | https://europepmc.org/articles/PMC6400009/pdf/render [http_error 403],http://europepmc.org/pmc/articles/PMC6400009 | https://doi.org/10.1016/j.bioactmat.2019.02.001 | https://www.ncbi.nlm.nih.gov/pmc/articles/6400009
10.1016/j.bioactmat.2019.05.002,Bioactive_Materials,2019,gold,http_error,https://www.sciencedirect.com/science/article/pii/S2452199X19300350/pdf [http_error 403],https://doi.org/10.1016/j.bioactmat.2019.05.002 | https://www.ncbi.nlm.nih.gov/pmc/articles/6555879
10.1016/j.bioactmat.2019.07.002,Bioactive_Materials,2019,gold,http_error,https://www.sciencedirect.com/science/article/pii/S2452199X19300428/pdf [http_error 403],https://doi.org/10.1016/j.bioactmat.2019.07.002 | https://www.ncbi.nlm.nih.gov/pmc/articles/6693561
10.1016/j.bioactmat.2019.08.001,Bioactive_Materials,2019,gold,http_error,https://www.sciencedirect.com/science/article/pii/S2452199X19300441/pdf [http_error 403],https://doi.org/10.1016/j.bioactmat.2019.08.001 | https://www.ncbi.nlm.nih.gov/pmc/articles/6812408
10.1016/j.bioactmat.2019.10.002,Bioactive_Materials,2019,gold,no_url,,https://doi.org/10.1016/j.bioactmat.2019.10.002 | https://www.ncbi.nlm.nih.gov/pmc/articles/6833310
10.1016/j.bioactmat.2019.10.003,Bioactive_Materials,2019,gold,no_url,,https://doi.org/10.1016/j.bioactmat.2019.10.003 | https://www.ncbi.nlm.nih.gov/pmc/articles/6838346
10.1016/j.bioactmat.2019.10.004,Bioactive_Materials,2019,gold,no_url,,https://doi.org/10.1016/j.bioactmat.2019.10.004 | https://www.ncbi.nlm.nih.gov/pmc/articles/6833307
10.1016/j.bioactmat.2019.10.006,Bioactive_Materials,2019,gold,robots_disallowed,https://ars.els-cdn.com/content/image/1-s2.0-S2452199X19300520-fx1_lrg.jpg [robots_disallowed],https://doi.org/10.1016/j.bioactmat.2019.10.006 | https://www.ncbi.nlm.nih.gov/pmc/articles/6838358
10.1016/j.bioactmat.2019.12.001,Bioactive_Materials,2020,gold,http_error,https://www.sciencedirect.com/science/article/pii/S2452199X1930057X/pdf [http_error 403],https://doaj.org/article/5537c4de0c6a4ca5b7788f1e3f6dfa08 | https://doi.org/10.1016/j.bioactmat.2019.12.001 | https://www.ncbi.nlm.nih.gov/pmc/articles/6960486
10.1016/j.bioactmat.2019.12.006,Bioactive_Materials,2020,gold,http_error,https://www.sciencedirect.com/science/article/pii/S2452199X1930074X/pdf [http_error 403] | http://ira.lib.polyu.edu.hk/bitstream/10397/82133/1/Yang_From_surface_bulk-modification.pdf [http_error],http://hdl.handle.net/10397/82133 | https://doaj.org/article/8f581332a6e849c9b37d2f0b56044aac | https://doi.org/10.1016/j.bioactmat.2019.12.006 | https://www.ncbi.nlm.nih.gov/pmc/articles/6957870
10.1016/j.bioactmat.2019.12.007,Bioactive_Materials,2020,gold,http_error,https://www.sciencedirect.com/science/article/pii/S2452199X19300751/pdf [http_error 403],https://doaj.org/article/e5be818ede6048fbafc6de36db0d3683 | https://doi.org/10.1016/j.bioactmat.2019.12.007 | https://www.ncbi.nlm.nih.gov/pmc/articles/6965208
10.1016/j.bioactmat.2019.12.008,Bioactive_Materials,2020,gold,http_error,https://www.sciencedirect.com/science/article/pii/S2452199X19300763/pdf [http_error 403],https://doaj.org/article/43d5a102626e442c844e3a6c823f7060 | https://doi.org/10.1016/j.bioactmat.2019.12.008 | https://www.ncbi.nlm.nih.gov/pmc/articles/6956677
10.1016/j.bioactmat.2020.01.001,Bioactive_Materials,2020,gold,http_error,https://www.sciencedirect.com/science/article/pii/S2452199X20300013?via%3Dihub [http_error 403],https://doaj.org/article/3f8adadd7a374a70a0036b291a84c192 | https://doi.org/10.1016/j.bioactmat.2020.01.001 | https://www.ncbi.nlm.nih.gov/pmc/articles/6994265
10.1016/j.bioactmat.2020.01.002,Bioactive_Materials,2020,gold,http_error,https://www.sciencedirect.com/science/article/pii/S2452199X20300025?via%3Dihub [http_error 403],https://doaj.org/article/8f89d843658045eabd47dd685127d4a6 | https://doi.org/10.1016/j.bioactmat.2020.01.002 | https://www.ncbi.nlm.nih.gov/pmc/articles/6953596
10.1016/j.bioactmat.2020.02.001,Bioactive_Materials,2020,gold,http_error,https://www.sciencedirect.com/science/article/pii/S2452199X2030013X/pdf [http_error 403],https://doaj.org/article/94aa28e37ea24826bb5b04a6070dff6d | https://doi.org/10.1016/j.bioactmat.2020.02.001 | https://www.ncbi.nlm.nih.gov/pmc/articles/7016252
10.1016/j.bioactmat.2020.02.002,Bioactive_Materials,2020,gold,http_error,https://www.sciencedirect.com/science/article/pii/S2452199X20300141/pdf [http_error 403],https://doaj.org/article/eec1e3cbe9de48d3bad9bbeb758bebfe | https://doi.org/10.1016/j.bioactmat.2020.02.002 | https://www.ncbi.nlm.nih.gov/pmc/articles/7036737
10.1016/j.bioactmat.2020.02.005,Bioactive_Materials,2020,gold,http_error,https://www.sciencedirect.com/science/article/pii/S2452199X20300177/pdf [http_error 403],https://doaj.org/article/6594d69066324261b2540172f8741f86 | https://doi.org/10.1016/j.bioactmat.2020.02.005 | https://www.ncbi.nlm.nih.gov/pmc/articles/7037594
10.1016/j.bioactmat.2020.02.008,Bioactive_Materials,2020,gold,no_url,,https://doaj.org/article/4207c942d7594ccfaf102a4f83a89e1b | https://doi.org/10.1016/j.bioactmat.2020.02.008 | https://www.ncbi.nlm.nih.gov/pmc/articles/7078508
10.1016/j.bioactmat.2020.02.009,Bioactive_Materials,2020,gold,robots_disallowed,https://ars.els-cdn.com/content/image/1-s2.0-S2452199X20300219-fx1_lrg.jpg [robots_disallowed],https://doaj.org/article/63946f3c333f41a4b9067aea7fc37936 | https://doi.org/10.1016/j.bioactmat.2020.02.009 | https://www.ncbi.nlm.nih.gov/pmc/articles/7033527
10.1016/j.bioactmat.2020.02.015,Bioactive_Materials,2020,gold,http_error,https://www.sciencedirect.com/science/article/pii/S2452199X20300384/pdf [http_error 403],https://doaj.org/article/32793e4936704df2a58ae40fdec6baa7 | https://doi.org/10.1016/j.bioactmat.2020.02.015 | https://www.ncbi.nlm.nih.gov/pmc/articles/7063336
10.1016/j.bioactmat.2020.02.016,Bioactive_Materials,2020,gold,no_url,,https://doaj.org/article/aaa248c5eb954eda8ad2322efc18fc8c | https://doi.org/10.1016/j.bioactmat.2020.02.016 | https://www.ncbi.nlm.nih.gov/pmc/articles/7078288
10.1016/j.bioactmat.2020.03.011,Bioactive_Materials,2020,gold,http_error,https://www.sciencedirect.com/science/article/pii/S2452199X20300517/pdf [http_error 403],https://doaj.org/article/06c99fb681e849f3930a8729f0c56362 | https://doi.org/10.1016/j.bioactmat.2020.03.011 | https://www.ncbi.nlm.nih.gov/pmc/articles/7217922
10.1016/j.bioactmat.2016.09.005,Bioactive_Materials,2016,gold,http_error,https://www.sciencedirect.com/science/article/pii/S2452199X16300044/pdf [http_error 403] | https://europepmc.org/articles/PMC5883960/pdf/render [http_error 403],http://europepmc.org/pmc/articles/PMC5883960 | https://doaj.org/article/f0792600de4c4ed7a61d6b54afa03960 | https://doi.org/10.1016/j.bioactmat.2016.09.005 | https://www.ncbi.nlm.nih.gov/pmc/articles/5883960
10.1016/j.bioactmat.2016.10.001,Bioactive_Materials,2016,gold,http_error,https://www.sciencedirect.com/science/article/pii/S2452199X16300287/pdf [http_error 403] | https://europepmc.org/articles/PMC5883992/pdf/render [http_error 403],http://europepmc.org/pmc/articles/PMC5883992 | https://doaj.org/article/69dca02ac21044fd91624462fef18818 | https://doi.org/10.1016/j.bioactmat.2016.10.001 | https://researchrepository.rmit.edu.au/esploro/outputs/journalArticle/Titanium-niobium-pentoxide-composites-for-biomedical-applications/9921859955601341 | https://www.ncbi.nlm.nih.gov/pmc/articles/5883992
10.1016/j.bioactmat.2016.11.004,Bioactive_Materials,2016,gold,http_error,https://www.sciencedirect.com/science/article/pii/S2452199X16300378/pdf [http_error 403] | https://europepmc.org/articles/PMC5883956/pdf/render [http_error 403],http://europepmc.org/pmc/articles/PMC5883956 | https://doaj.org/article/3f6e7f9e75f242a18f9f43f8155dabb6 | https://doi.org/10.1016/j.bioactmat.2016.11.004 | https://www.ncbi.nlm.nih.gov/pmc/articles/5883956
10.1016/j.bioactmat.2016.12.001,Bioactive_Materials,2016,gold,http_error,https://ars.els-cdn.com/content/image/1-s2.0-S2452199X1630024X-fx1_lrg.jpg [robots_disallowed] | https://europepmc.org/articles/PMC5935011/pdf/render [http_error 403],http://europepmc.org/pmc/articles/PMC5935011 | http://resolver.tudelft.nl/uuid:760a68ec-7737-42c2-af54-596c1d5bf5bd | https://doaj.org/article/b7cdea20d11e4fbfb5eaa6b8db393ff0 | https://doi.org/10.1016/j.bioactmat.2016.12.001 | https://www.ncbi.nlm.nih.gov/pmc/articles/5935011
10.1016/j.bioactmat.2016.12.002,Bioactive_Materials,2016,gold,http_error,https://www.sciencedirect.com/science/article/pii/S2452199X16300020/pdf [http_error 403] | https://europepmc.org/articles/PMC5935012/pdf/render [http_error 403],http://europepmc.org/pmc/articles/PMC5935012 | https://doaj.org/article/6db3a0a5b9de4d0fa547491e15b46b4d | https://doi.org/10.1016/j.bioactmat.2016.12.002 | https://www.ncbi.nlm.nih.gov/pmc/articles/5935012
10.1016/j.bioactmat.2017.02.004,Bioactive_Materials,2017,gold,http_error,https://ars.els-cdn.com/content/image/1-s2.0-S2452199X17300014-fx1_lrg.jpg [robots_disallowed] | https://europepmc.org/articles/PMC5935041/pdf/render [http_error 403],http://europepmc.org/pmc/articles/PMC5935041 | https://doaj.org/article/563482115610428d8c8c2564da0dc10b | https://doi.org/10.1016/j.bioactmat.2017.02.004 | https://www.ncbi.nlm.nih.gov/pmc/articles/5935041
10.1002/adma.202101272,Advanced_Materials,2021,hybrid,no_url,,https://doi.org/10.1002/adma.202101272 | https://www.ncbi.nlm.nih.gov/pmc/articles/11469128
10.1002/adma.202101653,Advanced_Materials,2021,hybrid,http_error,https://onlinelibrary.wiley.com/doi/pdfdirect/10.1002/adma.202101653 [http_error 403],https://doi.org/10.1002/adma.202101653 | https://nbn-resolving.org/urn:nbn:de:bvb:29-opus4-171447 | https://www.ncbi.nlm.nih.gov/pmc/articles/11468680
10.1002/adma.202100314,Advanced_Materials,2021,green,no_url,,https://hdl.handle.net/1721.1/140337.2 | https://hdl.handle.net/1721.1/140337.3
10.1002/adma.202100421,Advanced_Materials,2021,hybrid,http_error,https://onlinelibrary.wiley.com/doi/pdfdirect/10.1002/adma.202100421 [http_error 403],http://hdl.handle.net/10754/669794 | https://doi.org/10.1002/adma.202100421 | https://research.manchester.ac.uk/en/publications/5bc6551f-ecc1-435a-accb-dfd4af0f7a63 | https://www.ncbi.nlm.nih.gov/pmc/articles/11468551
10.1002/adma.202101682,Advanced_Materials,2021,hybrid,not_pdf,https://onlinelibrary.wiley.com/doi/pdfdirect/10.1002/adma.202101682 [http_error 403] | https://refubium.fu-berlin.de/handle/fub188/31352 [not_pdf],https://doi.org/10.1002/adma.202101682 | https://doi.org/10.17169/refubium-31086 | https://refubium.fu-berlin.de/handle/fub188/31352
10.1002/adma.202101895,Advanced_Materials,2021,green,no_url,,http://hdl.handle.net/10773/35884
10.1002/adma.202102175,Advanced_Materials,2021,hybrid,no_url,,https://doi.org/10.1002/adma.202102175 | https://www.ncbi.nlm.nih.gov/pmc/articles/11469219
10.1002/adma.202102232,Advanced_Materials,2021,hybrid,http_error,https://onlinelibrary.wiley.com/doi/pdfdirect/10.1002/adma.202102232 [http_error 403],http://infoscience.epfl.ch/record/288684 | https://doi.org/10.1002/adma.202102232 | https://www.ncbi.nlm.nih.gov/pmc/articles/11468586
10.1002/adma.202102246,Advanced_Materials,2021,bronze,http_error,https://onlinelibrary.wiley.com/doi/pdfdirect/10.1002/adma.202102246 [http_error 403],https://doi.org/10.1002/adma.202102246 | https://research.tue.nl/en/publications/e6471f26-296b-40db-9128-d06f42a7bbf6 | https://research.tue.nl/nl/publications/e6471f26-296b-40db-9128-d06f42a7bbf6
10.1002/adma.202006647,Advanced_Materials,2020,bronze,http_error,https://onlinelibrary.wiley.com/doi/pdfdirect/10.1002/adma.202006647 [http_error 403],https://doi.org/10.1002/adma.202006647 | https://www.ncbi.nlm.nih.gov/pmc/articles/7883076
10.1002/adma.202006784,Advanced_Materials,2020,bronze,http_error,https://onlinelibrary.wiley.com/doi/pdfdirect/10.1002/adma.202006784 [http_error 403],https://doi.org/10.1002/adma.202006784
10.1002/adma.202006826,Advanced_Materials,2021,bronze,http_error,https://onlinelibrary.wiley.com/doi/pdfdirect/10.1002/adma.202006826 [http_error 403],https://doi.org/10.1002/adma.202006826 | https://hdl.handle.net/10550/79544 | https://hdl.handle.net/10550/79794
10.1002/adma.202004793,Advanced_Materials,2020,bronze,http_error,https://onlinelibrary.wiley.com/doi/pdfdirect/10.1002/adma.202004793 [http_error 403],https://doi.org/10.1002/adma.202004793
10.1002/adma.202004798,Advanced_Materials,2020,green,no_url,,https://figshare.com/articles/journal_contribution/A_Self-Healing_Amalgam_Interface_in_Metal_Batteries/20688316
10.1002/adma.202004971,Advanced_Materials,2020,bronze,http_error,https://onlinelibrary.wiley.com/doi/pdfdirect/10.1002/adma.202004971 [http_error 403],https://doi.org/10.1002/adma.202004971 | https://hdl.handle.net/1721.1/140518 | https://hdl.handle.net/1721.1/140518.2
10.1002/adma.202005133,Advanced_Materials,2021,green,no_url,,https://www.ncbi.nlm.nih.gov/pmc/articles/8275373
10.1002/adma.202005263,Advanced_Materials,2020,hybrid,http_error,https://onlinelibrary.wiley.com/doi/pdfdirect/10.1002/adma.202005263 [http_error 403],https://doi.org/10.1002/adma.202005263 | https://resolver.sub.uni-goettingen.de/purl?gro-2/83447 | https://www.ncbi.nlm.nih.gov/pmc/articles/11468950
10.1016/j.bioactmat.2020.09.021,Bioactive_Materials,2020,gold,no_url,,https://doaj.org/article/1d907f4b64564f22994b35491a38c130 | https://doi.org/10.1016/j.bioactmat.2020.09.021 | https://www.ncbi.nlm.nih.gov/pmc/articles/7560583
10.1016/j.bioactmat.2020.09.024,Bioactive_Materials,2020,gold,no_url,,https://doaj.org/article/a33a9676e57442b6a67ce69166cdf679 | https://doi.org/10.1016/j.bioactmat.2020.09.024 | https://www.ncbi.nlm.nih.gov/pmc/articles/7553892
10.1016/j.bioactmat.2020.09.029,Bioactive_Materials,2020,gold,no_url,,https://doaj.org/article/94264669f29f478aaebde01034ed47c6 | https://doi.org/10.1016/j.bioactmat.2020.09.029 | https://www.ncbi.nlm.nih.gov/pmc/articles/7567936
10.1016/j.bioactmat.2020.10.009,Bioactive_Materials,2020,gold,no_url,,https://doaj.org/article/7ef4840c346147efbe37702ef9e74dd3 | https://doi.org/10.1016/j.bioactmat.2020.10.009 | https://research.monash.edu/files/326975249/326969569_oa.pdf | https://www.ncbi.nlm.nih.gov/pmc/articles/7674163
10.1016/j.bioactmat.2020.10.015,Bioactive_Materials,2020,gold,no_url,,http://purl.org/au-research/grants/arc/IH150100024 | https://doaj.org/article/3edba90349a246b6877380ad39fc6188 | https://doi.org/10.1016/j.bioactmat.2020.10.015 | https://www.ncbi.nlm.nih.gov/pmc/articles/7658446
10.1016/j.bioactmat.2020.10.028,Bioactive_Materials,2020,gold,no_url,,https://doaj.org/article/67cf499bc2974c1994c3111090fc1143 | https://doi.org/10.1016/j.bioactmat.2020.10.028 | https://www.ncbi.nlm.nih.gov/pmc/articles/7701915
10.1016/j.bioactmat.2020.11.007,Bioactive_Materials,2020,gold,no_url,,https://doaj.org/article/6830cfbbcceb49999ba48c777fb9be6c | https://doi.org/10.1016/j.bioactmat.2020.11.007 | https://www.ncbi.nlm.nih.gov/pmc/articles/7691683
10.1016/j.bioactmat.2020.11.013,Bioactive_Materials,2020,gold,no_url,,https://doaj.org/article/f792571ab2814f099e994625bdc32d55 | https://doi.org/10.1016/j.bioactmat.2020.11.013 | https://www.ncbi.nlm.nih.gov/pmc/articles/7691127
10.1016/j.bioactmat.2020.11.020,Bioactive_Materials,2020,gold,no_url,,https://doaj.org/article/5891584eaa6d43b0b5f3ea4b7b802013 | https://doi.org/10.1016/j.bioactmat.2020.11.020 | https://hdl.handle.net/2031/db9829b9-ffca-40d6-a8a0-230f218cf784 | https://www.ncbi.nlm.nih.gov/pmc/articles/7708943
10.1016/j.bioactmat.2020.11.023,Bioactive_Materials,2020,gold,no_url,,https://doaj.org/article/fbf6f4c245f047cdae6eb0d3f1880c35 | https://doi.org/10.1016/j.bioactmat.2020.11.023 | https://www.ncbi.nlm.nih.gov/pmc/articles/7721664
10.1016/j.bioactmat.2020.11.025,Bioactive_Materials,2020,gold,http_error,https://europepmc.org/articles/PMC8484899/pdf/render [http_error 403],http://europepmc.org/pmc/articles/PMC8484899 | http://ruj.uj.edu.pl/bitstreams/99833382-dd4e-4298-afb4-c3f3802e4f2c/download | https://doaj.org/article/204247ae35df44a1a0ef4337f37e814f | https://doi.org/10.1016/j.bioactmat.2020.11.025 | https://www.ncbi.nlm.nih.gov/pmc/articles/8484899
10.1016/j.bioactmat.2020.11.026,Bioactive_Materials,2020,gold,no_url,,https://doaj.org/article/2a22ce30b8e74ef3948e60bc82d71344 | https://doi.org/10.1016/j.bioactmat.2020.11.026 | https://www.ncbi.nlm.nih.gov/pmc/articles/7718143
10.1016/j.bioactmat.2020.11.030,Bioactive_Materials,2020,gold,no_url,,https://doaj.org/article/e25743d80177424f91e71f735b91c47b | https://doi.org/10.1016/j.bioactmat.2020.11.030 | https://www.ncbi.nlm.nih.gov/pmc/articles/7732879
10.1016/j.bioactmat.2020.12.003,Bioactive_Materials,2020,gold,http_error,https://europepmc.org/articles/PMC7782557/pdf/render [http_error 403],http://europepmc.org/pmc/articles/PMC7782557 | https://doaj.org/article/e5069283c3f247afadc145525e3ffb97 | https://doi.org/10.1016/j.bioactmat.2020.12.003 | https://www.ncbi.nlm.nih.gov/pmc/articles/7782557
10.1016/j.bioactmat.2020.12.007,Bioactive_Materials,2020,gold,no_url,,https://cris.maastrichtuniversity.nl/en/publications/6a797d72-4d81-4650-acb5-2e460111543a | https://doaj.org/article/6dd4fc921b70401fa7a03781c63d1330 | https://doi.org/10.1016/j.bioactmat.2020.12.007 | https://www.ncbi.nlm.nih.gov/pmc/articles/7758280
10.1016/j.bioactmat.2020.12.013,Bioactive_Materials,2021,gold,http_error,https://europepmc.org/articles/PMC7807145/pdf/render [http_error 403],http://europepmc.org/pmc/articles/PMC7807145 | https://doaj.org/article/104b58ff18d44b4b933b9be7268a8874 | https://doi.org/10.1016/j.bioactmat.2020.12.013 | https://www.ncbi.nlm.nih.gov/pmc/articles/7807145
10.1016/j.bioactmat.2020.12.019,Bioactive_Materials,2021,gold,no_url,,https://doaj.org/article/f61b9d65587942aab55cd4d22399f341 | https://doi.org/10.1016/j.bioactmat.2020.12.019 | https://hdl.handle.net/11311/1275902 | https://www.ncbi.nlm.nih.gov/pmc/articles/8121618 | https://www.sciencedirect.com/science/article/pii/S2452199X20303418
10.1016/j.bioactmat.2021.01.006,Bioactive_Materials,2021,gold,http_error,https://europepmc.org/articles/PMC7829101/pdf/render [http_error 403],http://europepmc.org/pmc/articles/PMC7829101 | https://doaj.org/article/9bbd03b1a42a4118bb43e07dbf55ea76 | https://doi.org/10.1016/j.bioactmat.2021.01.006 | https://www.ncbi.nlm.nih.gov/pmc/articles/7829101
10.1016/j.bioactmat.2021.01.028,Bioactive_Materials,2021,gold,http_error,https://www.sciencedirect.com/science/article/pii/S2452199X21000402/pdf [http_error 403],https://doaj.org/article/6f74f2dc35ba45f39507a05cf0a16c28 | https://doi.org/10.1016/j.bioactmat.2021.01.028 | https://www.ncbi.nlm.nih.gov/pmc/articles/7868611
10.1016/j.bioactmat.2021.01.037,Bioactive_Materials,2021,gold,no_url,,https://doaj.org/article/ea984f9681484d8d821a2dbadfd2c2c9 | https://doi.org/10.1016/j.bioactmat.2021.01.037 | https://www.ncbi.nlm.nih.gov/pmc/articles/7881170
10.1016/j.bioactmat.2021.02.005,Bioactive_Materials,2021,gold,no_url,,https://doaj.org/article/89ca5f22030948889648bb2d33d57534 | https://doi.org/10.1016/j.bioactmat.2021.02.005 | https://www.ncbi.nlm.nih.gov/pmc/articles/7897935
10.1016/j.bioactmat.2021.11.036,Bioactive_Materials,2021,gold,no_url,,https://doaj.org/article/de2ad020f6564990896474ae19ff0e80 | https://doi.org/10.1016/j.bioactmat.2021.11.036 | https://www.ncbi.nlm.nih.gov/pmc/articles/8940763
10.1016/j.bioactmat.2021.12.021,Bioactive_Materials,2022,gold,no_url,,https://doi.org/10.1016/j.bioactmat.2021.12.021 | https://www.ncbi.nlm.nih.gov/pmc/articles/8965727
10.1016/j.bioactmat.2021.12.025,Bioactive_Materials,2021,gold,no_url,,https://doi.org/10.1016/j.bioactmat.2021.12.025 | https://hdl.handle.net/1822/75266 | https://www.ncbi.nlm.nih.gov/pmc/articles/8965853
10.1016/j.bioactmat.2021.12.030,Bioactive_Materials,2021,gold,no_url,,https://doi.org/10.1016/j.bioactmat.2021.12.030 | https://www.ncbi.nlm.nih.gov/pmc/articles/8965087
10.1016/j.bioactmat.2021.12.032,Bioactive_Materials,2021,gold,no_url,,https://doi.org/10.1016/j.bioactmat.2021.12.032 | https://www.ncbi.nlm.nih.gov/pmc/articles/8965852
10.1007/s40145-012-0023-z,Journal_of_Advanced_Ceramics,2012,gold,robots_disallowed,https://link.springer.com/content/pdf/10.1007/s40145-012-0023-z.pdf [robots_disallowed],https://doi.org/10.1007/s40145-012-0023-z
10.1007/s40145-012-0024-y,Journal_of_Advanced_Ceramics,2012,gold,robots_disallowed,https://link.springer.com/content/pdf/10.1007/s40145-012-0024-y.pdf [robots_disallowed],https://doi.org/10.1007/s40145-012-0024-y
10.1007/s40145-012-0028-7,Journal_of_Advanced_Ceramics,2012,gold,robots_disallowed,https://link.springer.com/content/pdf/10.1007/s40145-012-0028-7.pdf [robots_disallowed],https://doi.org/10.1007/s40145-012-0028-7
10.1007/s40145-012-0029-6,Journal_of_Advanced_Ceramics,2012,gold,robots_disallowed,https://link.springer.com/content/pdf/10.1007/s40145-012-0029-6.pdf [robots_disallowed],https://doi.org/10.1007/s40145-012-0029-6
10.1007/s40145-012-0030-0,Journal_of_Advanced_Ceramics,2012,gold,robots_disallowed,https://link.springer.com/content/pdf/10.1007/s40145-012-0030-0.pdf [robots_disallowed],https://doi.org/10.1007/s40145-012-0030-0
10.1007/s40145-012-0033-x,Journal_of_Advanced_Ceramics,2012,gold,robots_disallowed,https://link.springer.com/content/pdf/10.1007/s40145-012-0033-x.pdf [robots_disallowed],https://doi.org/10.1007/s40145-012-0033-x
10.1007/s40145-013-0035-3,Journal_of_Advanced_Ceramics,2013,gold,robots_disallowed,https://link.springer.com/content/pdf/10.1007/s40145-013-0035-3.pdf [robots_disallowed],https://doi.org/10.1007/s40145-013-0035-3
10.1007/s40145-013-0045-1,Journal_of_Advanced_Ceramics,2013,gold,robots_disallowed,https://link.springer.com/content/pdf/10.1007/s40145-013-0045-1.pdf [robots_disallowed],https://doi.org/10.1007/s40145-013-0045-1
10.1007/s40145-013-0049-x,Journal_of_Advanced_Ceramics,2013,gold,robots_disallowed,https://link.springer.com/content/pdf/10.1007/s40145-013-0049-x.pdf [robots_disallowed],https://doi.org/10.1007/s40145-013-0049-x
10.1007/s40145-013-0050-4,Journal_of_Advanced_Ceramics,2013,gold,robots_disallowed,https://link.springer.com/content/pdf/10.1007/s40145-013-0050-4.pdf [robots_disallowed],https://doi.org/10.1007/s40145-013-0050-4
10.1007/s40145-013-0051-3,Journal_of_Advanced_Ceramics,2013,gold,robots_disallowed,https://link.springer.com/content/pdf/10.1007/s40145-013-0051-3.pdf [robots_disallowed],https://doi.org/10.1007/s40145-013-0051-3
10.1007/s40145-013-0058-9,Journal_of_Advanced_Ceramics,2013,gold,robots_disallowed,https://link.springer.com/content/pdf/10.1007/s40145-013-0058-9.pdf [robots_disallowed],https://doi.org/10.1007/s40145-013-0058-9
10.1007/s40145-013-0059-8,Journal_of_Advanced_Ceramics,2013,gold,robots_disallowed,https://link.springer.com/content/pdf/10.1007/s40145-013-0059-8.pdf [robots_disallowed],https://doi.org/10.1007/s40145-013-0059-8
10.1007/s40145-013-0061-1,Journal_of_Advanced_Ceramics,2013,gold,robots_disallowed,https://link.springer.com/content/pdf/10.1007/s40145-013-0061-1.pdf [robots_disallowed],https://doi.org/10.1007/s40145-013-0061-1
10.1007/s40145-013-0063-z,Journal_of_Advanced_Ceramics,2013,gold,robots_disallowed,https://link.springer.com/content/pdf/10.1007/s40145-013-0063-z.pdf [robots_disallowed],https://doi.org/10.1007/s40145-013-0063-z
10.1007/s40145-013-0066-9,Journal_of_Advanced_Ceramics,2013,gold,robots_disallowed,https://link.springer.com/content/pdf/10.1007/s40145-013-0066-9.pdf [robots_disallowed],https://doi.org/10.1007/s40145-013-0066-9
10.1007/s40145-013-0069-6,Journal_of_Advanced_Ceramics,2013,gold,robots_disallowed,https://link.springer.com/content/pdf/10.1007/s40145-013-0069-6.pdf [robots_disallowed],https://doi.org/10.1007/s40145-013-0069-6
10.1007/s40145-013-0070-0,Journal_of_Advanced_Ceramics,2013,gold,robots_disallowed,https://link.springer.com/content/pdf/10.1007/s40145-013-0070-0.pdf [robots_disallowed],https://doi.org/10.1007/s40145-013-0070-0
10.1007/s40145-013-0072-y,Journal_of_Advanced_Ceramics,2013,gold,robots_disallowed,https://link.springer.com/content/pdf/10.1007/s40145-013-0072-y.pdf [robots_disallowed],https://doi.org/10.1007/s40145-013-0072-y | https://hdl.handle.net/11244/321443 | https://hdl.handle.net/20.500.14446/350434
10.1007/s40145-013-0077-6,Journal_of_Advanced_Ceramics,2013,gold,robots_disallowed,https://link.springer.com/content/pdf/10.1007/s40145-013-0077-6.pdf [robots_disallowed],https://doi.org/10.1007/s40145-013-0077-6
10.1007/s40145-013-0078-5,Journal_of_Advanced_Ceramics,2013,gold,robots_disallowed,https://link.springer.com/content/pdf/10.1007/s40145-013-0078-5.pdf [robots_disallowed],https://doi.org/10.1007/s40145-013-0078-5
10.1007/s40145-013-0083-8,Journal_of_Advanced_Ceramics,2013,gold,robots_disallowed,https://link.springer.com/content/pdf/10.1007/s40145-013-0083-8.pdf [robots_disallowed],https://doi.org/10.1007/s40145-013-0083-8
10.1007/s40145-014-0087-z,Journal_of_Advanced_Ceramics,2014,gold,robots_disallowed,https://link.springer.com/content/pdf/10.1007/s40145-014-0087-z.pdf [robots_disallowed],https://doi.org/10.1007/s40145-014-0087-z
10.1007/s40145-014-0090-4,Journal_of_Advanced_Ceramics,2014,gold,robots_disallowed,https://link.springer.com/content/pdf/10.1007/s40145-014-0090-4.pdf [robots_disallowed],https://doi.org/10.1007/s40145-014-0090-4
10.1007/s40145-014-0093-1,Journal_of_Advanced_Ceramics,2014,gold,robots_disallowed,https://link.springer.com/content/pdf/10.1007/s40145-014-0093-1.pdf [robots_disallowed],https://doi.org/10.1007/s40145-014-0093-1
10.1007/s40145-014-0094-0,Journal_of_Advanced_Ceramics,2014,gold,robots_disallowed,https://link.springer.com/content/pdf/10.1007/s40145-014-0094-0.pdf [robots_disallowed],https://doi.org/10.1007/s40145-014-0094-0
10.1007/s40145-014-0097-x,Journal_of_Advanced_Ceramics,2014,gold,robots_disallowed,https://link.springer.com/content/pdf/10.1007/s40145-014-0097-x.pdf [robots_disallowed],https://doi.org/10.1007/s40145-014-0097-x
10.1007/s40145-014-0098-9,Journal_of_Advanced_Ceramics,2014,gold,robots_disallowed,https://link.springer.com/content/pdf/10.1007/s40145-014-0098-9.pdf [robots_disallowed],https://doi.org/10.1007/s40145-014-0098-9
10.1007/s40145-014-0104-2,Journal_of_Advanced_Ceramics,2014,gold,robots_disallowed,https://link.springer.com/content/pdf/10.1007/s40145-014-0104-2.pdf [robots_disallowed],https://doi.org/10.1007/s40145-014-0104-2
10.1007/s40145-014-0106-0,Journal_of_Advanced_Ceramics,2014,gold,robots_disallowed,https://link.springer.com/content/pdf/10.1007/s40145-014-0106-0.pdf [robots_disallowed],https://doi.org/10.1007/s40145-014-0106-0
10.1007/s40145-014-0108-y,Journal_of_Advanced_Ceramics,2014,gold,robots_disallowed,https://link.springer.com/content/pdf/10.1007/s40145-014-0108-y.pdf [robots_disallowed],https://doi.org/10.1007/s40145-014-0108-y
10.1007/s40145-014-0109-x,Journal_of_Advanced_Ceramics,2014,gold,robots_disallowed,https://link.springer.com/content/pdf/10.1007/s40145-014-0109-x.pdf [robots_disallowed],http://hdl.handle.net/20.500.11937/4633 | https://doi.org/10.1007/s40145-014-0109-x
10.1007/s40145-014-0110-4,Journal_of_Advanced_Ceramics,2014,gold,no_url,,https://doi.org/10.1007/s40145-014-0110-4
10.1007/s40145-014-0111-3,Journal_of_Advanced_Ceramics,2014,gold,robots_disallowed,https://link.springer.com/content/pdf/10.1007/s40145-014-0111-3.pdf [robots_disallowed],https://doi.org/10.1007/s40145-014-0111-3
10.1007/s40145-014-0119-8,Journal_of_Advanced_Ceramics,2014,gold,robots_disallowed,https://link.springer.com/content/pdf/10.1007/s40145-014-0119-8.pdf [robots_disallowed],https://doi.org/10.1007/s40145-014-0119-8
10.1007/s40145-014-0120-2,Journal_of_Advanced_Ceramics,2014,gold,robots_disallowed,https://link.springer.com/content/pdf/10.1007/s40145-014-0120-2.pdf [robots_disallowed],https://doi.org/10.1007/s40145-014-0120-2
10.1016/j.bioactmat.2021.02.006,Bioactive_Materials,2021,gold,no_url,,https://doaj.org/article/6739be4cc7ef41c98f6a7699c90b3478 | https://doi.org/10.1016/j.bioactmat.2021.02.006 | https://www.ncbi.nlm.nih.gov/pmc/articles/7960791
10.1016/j.bioactmat.2021.02.019,Bioactive_Materials,2021,gold,no_url,,https://doaj.org/article/5138d62ff6f8423c8f9c74eaf2dd60aa | https://doi.org/10.1016/j.bioactmat.2021.02.019 | https://www.ncbi.nlm.nih.gov/pmc/articles/8039774
10.1016/j.bioactmat.2021.02.034,Bioactive_Materials,2021,gold,no_url,,https://doaj.org/article/4be6071e69ec4fe8b88113ecb15a3fc6 | https://doi.org/10.1016/j.bioactmat.2021.02.034 | https://www.ncbi.nlm.nih.gov/pmc/articles/7970013
10.1016/j.bioactmat.2021.03.009,Bioactive_Materials,2021,gold,http_error,https://www.sciencedirect.com/science/article/pii/S2452199X21001109/pdf [http_error 403],https://doaj.org/article/648cca0290674f43bf771b30ec90eddc | https://doi.org/10.1016/j.bioactmat.2021.03.009 | https://www.ncbi.nlm.nih.gov/pmc/articles/7988352
10.1016/j.bioactmat.2021.03.010,Bioactive_Materials,2021,gold,no_url,,https://doaj.org/article/767037934fdd4f5b8314b79f13321123 | https://doi.org/10.1016/j.bioactmat.2021.03.010 | https://www.ncbi.nlm.nih.gov/pmc/articles/7988351
10.1016/j.bioactmat.2021.03.013,Bioactive_Materials,2021,gold,no_url,,https://doaj.org/article/bd58d05191944f38800e0d7920cf4040 | https://doi.org/10.1016/j.bioactmat.2021.03.013 | https://www.ncbi.nlm.nih.gov/pmc/articles/8010633
10.1016/j.bioactmat.2021.03.022,Bioactive_Materials,2021,gold,http_error,https://www.sciencedirect.com/science/article/pii/S2452199X21001341/pdf [http_error 403],https://doaj.org/article/016e9427b9c44095b4b16e554ec8b137 | https://doi.org/10.1016/j.bioactmat.2021.03.022 | https://www.ncbi.nlm.nih.gov/pmc/articles/8022850
10.1016/j.bioactmat.2021.03.039,Bioactive_Materials,2021,gold,no_url,,https://doaj.org/article/f32c8d45eed94143b7f70fe553f1c5ae | https://doi.org/10.1016/j.bioactmat.2021.03.039 | https://www.ncbi.nlm.nih.gov/pmc/articles/8050801
10.1016/j.bioactmat.2021.04.007,Bioactive_Materials,2021,gold,no_url,,https://doaj.org/article/cbbc38fa6c53433ca56695eb5026dd46 | https://doi.org/10.1016/j.bioactmat.2021.04.007 | https://www.ncbi.nlm.nih.gov/pmc/articles/8079829
10.1016/j.bioactmat.2021.04.014,Bioactive_Materials,2021,gold,no_url,,https://doaj.org/article/13379d7cc6ba4972aec8442b29454048 | https://doi.org/10.1016/j.bioactmat.2021.04.014 | https://www.ncbi.nlm.nih.gov/pmc/articles/8089774
10.1016/j.bioactmat.2021.04.016,Bioactive_Materials,2021,gold,http_error,https://www.sciencedirect.com/science/article/pii/S2452199X21001857/pdf [http_error 403],https://doaj.org/article/13036e5b48974cc78dcc3df962d13ef5 | https://doi.org/10.1016/j.bioactmat.2021.04.016 | https://www.ncbi.nlm.nih.gov/pmc/articles/8090998
10.1016/j.bioactmat.2021.04.029,Bioactive_Materials,2021,gold,no_url,,https://doaj.org/article/0a5545f7e8ec457d946aa7ad9e3084db | https://doi.org/10.1016/j.bioactmat.2021.04.029 | https://www.ncbi.nlm.nih.gov/pmc/articles/8131740
10.1016/j.bioactmat.2021.04.036,Bioactive_Materials,2021,gold,no_url,,https://doaj.org/article/a3fbc54688414becbe29dc74bf647b4a | https://doi.org/10.1016/j.bioactmat.2021.04.036 | https://www.ncbi.nlm.nih.gov/pmc/articles/8379427
10.1016/j.bioactmat.2021.04.043,Bioactive_Materials,2021,gold,no_url,,https://doaj.org/article/2712abc798ec49e0b4ab6cca4ea4d013 | https://doi.org/10.1016/j.bioactmat.2021.04.043 | https://www.ncbi.nlm.nih.gov/pmc/articles/8164010
10.1016/j.bioactmat.2021.05.019,Bioactive_Materials,2021,gold,no_url,,https://doaj.org/article/dae2208f98084ce4b50cee503ab2f644 | https://doi.org/10.1016/j.bioactmat.2021.05.019 | https://www.ncbi.nlm.nih.gov/pmc/articles/8166762
10.1016/j.bioactmat.2021.05.025,Bioactive_Materials,2021,gold,no_url,,https://doaj.org/article/a9cd6889521c447698f7484c6a3ecc49 | https://doi.org/10.1016/j.bioactmat.2021.05.025 | https://www.ncbi.nlm.nih.gov/pmc/articles/8367833
10.1016/j.bioactmat.2021.05.037,Bioactive_Materials,2021,gold,no_url,,https://doaj.org/article/90b5d5cb70b0417caec76ba29c4b33c9 | https://doi.org/10.1016/j.bioactmat.2021.05.037 | https://www.ncbi.nlm.nih.gov/pmc/articles/8379477
10.1016/j.biomaterials.2006.07.034,Biomaterials,2011,green,not_pdf,https://repositorio.utad.pt/bitstreams/d0e8e58e-468c-4936-a5b3-1c93adf2a6c3/download [not_pdf],http://hdl.handle.net/10348/1466 | http://hdl.handle.net/10348/4585 | https://hdl.handle.net/1822/14134
10.1016/j.biomaterials.2006.11.026,Biomaterials,2006,green,no_url,,https://www.ncbi.nlm.nih.gov/pmc/articles/1941689
10.1002/adma.202102661,Advanced_Materials,2021,hybrid,http_error,https://onlinelibrary.wiley.com/doi/pdfdirect/10.1002/adma.202102661 [http_error 403],https://doi.org/10.1002/adma.202102661 | https://www.ncbi.nlm.nih.gov/pmc/articles/11468543
10.1002/adma.202102802,Advanced_Materials,2021,green,http_error,http://ira.lib.polyu.edu.hk/bitstream/10397/99229/1/Wang_Smoothing_Sodium_Metal.pdf [http_error],http://hdl.handle.net/10397/99229
10.1002/adma.202103056,Advanced_Materials,2021,bronze,http_error,https://onlinelibrary.wiley.com/doi/pdfdirect/10.1002/adma.202103056 [http_error 403],https://doi.org/10.1002/adma.202103056
10.1007/s40145-014-0121-1,Journal_of_Advanced_Ceramics,2014,gold,robots_disallowed,https://link.springer.com/content/pdf/10.1007/s40145-014-0121-1.pdf [robots_disallowed],https://doi.org/10.1007/s40145-014-0121-1
10.1007/s40145-014-0122-0,Journal_of_Advanced_Ceramics,2014,gold,robots_disallowed,https://link.springer.com/content/pdf/10.1007/s40145-014-0122-0.pdf [robots_disallowed],http://link.springer.com/article/10.1007%2Fs40145-014-0122-0 | https://doi.org/10.1007/s40145-014-0122-0
10.1007/s40145-014-0123-z,Journal_of_Advanced_Ceramics,2014,gold,robots_disallowed,https://link.springer.com/content/pdf/10.1007/s40145-014-0123-z.pdf [robots_disallowed],https://doi.org/10.1007/s40145-014-0123-z | https://publications.rwth-aachen.de/search?p=id:%22RWTH-2015-02133%22
10.1007/s40145-015-0127-3,Journal_of_Advanced_Ceramics,2015,gold,robots_disallowed,https://link.springer.com/content/pdf/10.1007/s40145-015-0127-3.pdf [robots_disallowed],https://doi.org/10.1007/s40145-015-0127-3
10.1007/s40145-015-0130-8,Journal_of_Advanced_Ceramics,2015,gold,robots_disallowed,https://link.springer.com/content/pdf/10.1007/s40145-015-0130-8.pdf [robots_disallowed],https://doi.org/10.1007/s40145-015-0130-8
10.1007/s40145-015-0131-7,Journal_of_Advanced_Ceramics,2015,gold,robots_disallowed,https://link.springer.com/content/pdf/10.1007/s40145-015-0131-7.pdf [robots_disallowed],https://doi.org/10.1007/s40145-015-0131-7
10.1007/s40145-015-0133-5,Journal_of_Advanced_Ceramics,2015,gold,robots_disallowed,https://link.springer.com/content/pdf/10.1007/s40145-015-0133-5.pdf [robots_disallowed],https://doi.org/10.1007/s40145-015-0133-5
10.1007/s40145-015-0137-1,Journal_of_Advanced_Ceramics,2015,gold,robots_disallowed,https://link.springer.com/content/pdf/10.1007/s40145-015-0137-1.pdf [robots_disallowed],https://doi.org/10.1007/s40145-015-0137-1
10.1007/s40145-015-0141-5,Journal_of_Advanced_Ceramics,2015,gold,robots_disallowed,https://link.springer.com/content/pdf/10.1007/s40145-015-0141-5.pdf [robots_disallowed],https://doi.org/10.1007/s40145-015-0141-5
10.1007/s40145-015-0143-3,Journal_of_Advanced_Ceramics,2015,gold,robots_disallowed,https://link.springer.com/content/pdf/10.1007/s40145-015-0143-3.pdf [robots_disallowed],https://doi.org/10.1007/s40145-015-0143-3
10.1007/s40145-015-0144-2,Journal_of_Advanced_Ceramics,2015,gold,robots_disallowed,https://link.springer.com/content/pdf/10.1007/s40145-015-0144-2.pdf [robots_disallowed],https://doi.org/10.1007/s40145-015-0144-2
10.1007/s40145-015-0145-1,Journal_of_Advanced_Ceramics,2015,gold,robots_disallowed,https://link.springer.com/content/pdf/10.1007/s40145-015-0145-1.pdf [robots_disallowed],https://doi.org/10.1007/s40145-015-0145-1 | https://link.springer.com/article/10.1007/s40145-015-0145-1. | https://repositorio.ufrn.br/handle/123456789/32022
10.1007/s40145-015-0146-0,Journal_of_Advanced_Ceramics,2015,gold,robots_disallowed,https://link.springer.com/content/pdf/10.1007/s40145-015-0146-0.pdf [robots_disallowed],https://doi.org/10.1007/s40145-015-0146-0
10.1007/s40145-015-0149-x,Journal_of_Advanced_Ceramics,2015,gold,robots_disallowed,https://link.springer.com/content/pdf/10.1007/s40145-015-0149-x.pdf [robots_disallowed],https://doi.org/10.1007/s40145-015-0149-x
10.1007/s40145-015-0152-2,Journal_of_Advanced_Ceramics,2015,gold,robots_disallowed,https://link.springer.com/content/pdf/10.1007/s40145-015-0152-2.pdf [robots_disallowed],https://doi.org/10.1007/s40145-015-0152-2
10.1007/s40145-015-0153-1,Journal_of_Advanced_Ceramics,2015,gold,robots_disallowed,https://link.springer.com/content/pdf/10.1007/s40145-015-0153-1.pdf [robots_disallowed],https://doi.org/10.1007/s40145-015-0153-1
10.1007/s40145-015-0156-y,Journal_of_Advanced_Ceramics,2015,gold,robots_disallowed,https://link.springer.com/content/pdf/10.1007/s40145-015-0156-y.pdf [robots_disallowed],https://doi.org/10.1007/s40145-015-0156-y
10.1007/s40145-015-0158-9,Journal_of_Advanced_Ceramics,2015,gold,robots_disallowed,https://link.springer.com/content/pdf/10.1007/s40145-015-0158-9.pdf [robots_disallowed],https://doi.org/10.1007/s40145-015-0158-9
10.1007/s40145-015-0161-1,Journal_of_Advanced_Ceramics,2015,gold,robots_disallowed,https://link.springer.com/content/pdf/10.1007/s40145-015-0161-1.pdf [robots_disallowed],http://hdl.handle.net/20.500.11937/11280 | https://doi.org/10.1007/s40145-015-0161-1
10.1007/s40145-015-0168-7,Journal_of_Advanced_Ceramics,2015,gold,robots_disallowed,https://link.springer.com/content/pdf/10.1007/s40145-015-0168-7.pdf [robots_disallowed],https://doi.org/10.1007/s40145-015-0168-7
10.1007/s40145-015-0170-0,Journal_of_Advanced_Ceramics,2016,gold,robots_disallowed,https://link.springer.com/content/pdf/10.1007/s40145-015-0170-0.pdf [robots_disallowed],https://doi.org/10.1007/s40145-015-0170-0 | https://www.openaccessrepository.it/record/81817
10.1007/s40145-015-0173-x,Journal_of_Advanced_Ceramics,2016,gold,robots_disallowed,https://link.springer.com/content/pdf/10.1007%2Fs40145-015-0173-x.pdf [robots_disallowed],https://doi.org/10.1007/s40145-015-0173-x
10.1007/s40145-015-0175-8,Journal_of_Advanced_Ceramics,2016,gold,robots_disallowed,https://link.springer.com/content/pdf/10.1007%2Fs40145-015-0175-8.pdf [robots_disallowed],http://ir.ipe.ac.cn/handle/122111/21157 | https://doi.org/10.1007/s40145-015-0175-8
10.1007/s40145-015-0176-7,Journal_of_Advanced_Ceramics,2016,gold,robots_disallowed,https://link.springer.com/content/pdf/10.1007%2Fs40145-015-0176-7.pdf [robots_disallowed],https://doi.org/10.1007/s40145-015-0176-7
10.1007/s40145-016-0180-6,Journal_of_Advanced_Ceramics,2016,gold,robots_disallowed,https://link.springer.com/content/pdf/10.1007%2Fs40145-016-0180-6.pdf [robots_disallowed],https://doi.org/10.1007/s40145-016-0180-6
10.1007/s40145-016-0195-z,Journal_of_Advanced_Ceramics,2016,gold,robots_disallowed,https://link.springer.com/content/pdf/10.1007%2Fs40145-016-0195-z.pdf [robots_disallowed],https://doi.org/10.1007/s40145-016-0195-z
10.1007/s40145-016-0199-8,Journal_of_Advanced_Ceramics,2016,gold,robots_disallowed,https://link.springer.com/content/pdf/10.1007/s40145-016-0199-8.pdf [robots_disallowed],https://doaj.org/article/db0b7d98943f458db65bd7c5a6d97b15 | https://doi.org/10.1007/s40145-016-0199-8
10.1007/s40145-016-0201-5,Journal_of_Advanced_Ceramics,2016,gold,robots_disallowed,https://link.springer.com/content/pdf/10.1007%2Fs40145-016-0201-5.pdf [robots_disallowed],https://doaj.org/article/31b1c4c772a34e83a2551f863c64a6ed | https://doi.org/10.1007/s40145-016-0201-5
10.1007/s40145-016-0203-3,Journal_of_Advanced_Ceramics,2016,gold,robots_disallowed,https://link.springer.com/content/pdf/10.1007/s40145-016-0203-3.pdf [robots_disallowed],https://doaj.org/article/858a9829948646e69662c2fa8b2fef37 | https://doi.org/10.1007/s40145-016-0203-3
10.1007/s40145-016-0204-2,Journal_of_Advanced_Ceramics,2016,gold,robots_disallowed,https://link.springer.com/content/pdf/10.1007/s40145-016-0204-2.pdf [robots_disallowed],https://doi.org/10.1007/s40145-016-0204-2
10.1007/s40145-016-0206-0,Journal_of_Advanced_Ceramics,2016,gold,robots_disallowed,https://link.springer.com/content/pdf/10.1007%2Fs40145-016-0206-0.pdf [robots_disallowed],https://doaj.org/article/19bbb02b3f8f44bf88161c4d1e335d97 | https://doi.org/10.1007/s40145-016-0206-0
10.1007/s40145-016-0207-z,Journal_of_Advanced_Ceramics,2016,gold,robots_disallowed,https://link.springer.com/content/pdf/10.1007%2Fs40145-016-0207-z.pdf [robots_disallowed],https://doaj.org/article/1ae87b822e124aabb28369c55db6aac8 | https://doi.org/10.1007/s40145-016-0207-z
10.1007/s40145-016-0208-y,Journal_of_Advanced_Ceramics,2016,gold,robots_disallowed,https://link.springer.com/content/pdf/10.1007/s40145-016-0208-y.pdf [robots_disallowed],https://doaj.org/article/076d3c322c6a4a48a6d81205d5418f00 | https://doi.org/10.1007/s40145-016-0208-y
10.1007/s40145-016-0212-2,Journal_of_Advanced_Ceramics,2017,gold,robots_disallowed,https://link.springer.com/content/pdf/10.1007/s40145-016-0212-2.pdf [robots_disallowed],https://doi.org/10.1007/s40145-016-0212-2
10.1007/s40145-016-0214-0,Journal_of_Advanced_Ceramics,2017,gold,robots_disallowed,https://link.springer.com/content/pdf/10.1007/s40145-016-0214-0.pdf [robots_disallowed],https://doaj.org/article/0d43c91c22034b0f9c566adfea928c28 | https://doi.org/10.1007/s40145-016-0214-0
10.1007/s40145-016-0215-z,Journal_of_Advanced_Ceramics,2017,gold,robots_disallowed,https://link.springer.com/content/pdf/10.1007/s40145-016-0215-z.pdf [robots_disallowed],http://hdl.handle.net/11424/93553 | https://doaj.org/article/e37ae22842e2464dbe930ac225cfeac1 | https://doi.org/10.1007/s40145-016-0215-z | https://openaccess.marmara.edu.tr/bitstreams/65ca7a21-590a-4c56-9828-6d14c59b6712/download
10.1007/s40145-016-0217-x,Journal_of_Advanced_Ceramics,2017,gold,robots_disallowed,https://link.springer.com/content/pdf/10.1007/s40145-016-0217-x.pdf [robots_disallowed],https://doi.org/10.1007/s40145-016-0217-x
10.1007/s40145-017-0218-4,Journal_of_Advanced_Ceramics,2017,gold,robots_disallowed,https://link.springer.com/content/pdf/10.1007/s40145-017-0218-4.pdf [robots_disallowed],https://doaj.org/article/7f990f9a093441d79dfae220ab941982 | https://doi.org/10.1007/s40145-017-0218-4
10.1007/s40145-017-0221-9,Journal_of_Advanced_Ceramics,2017,gold,robots_disallowed,https://link.springer.com/content/pdf/10.1007%2Fs40145-017-0221-9.pdf [robots_disallowed],https://doaj.org/article/89b96e1d92cc43bd81a2fe4f154530f3 | https://doi.org/10.1007/s40145-017-0221-9
10.1007/s40145-017-0223-7,Journal_of_Advanced_Ceramics,2017,gold,robots_disallowed,https://link.springer.com/content/pdf/10.1007%2Fs40145-017-0223-7.pdf [robots_disallowed],https://doaj.org/article/2eab6c15997a4306af433919678c2dd3 | https://doi.org/10.1007/s40145-017-0223-7
10.1007/s40145-017-0224-6,Journal_of_Advanced_Ceramics,2017,gold,robots_disallowed,https://link.springer.com/content/pdf/10.1007%2Fs40145-017-0224-6.pdf [robots_disallowed],https://doaj.org/article/2670d4debd74426292a4ce0e210f60cb | https://doi.org/10.1007/s40145-017-0224-6
10.1007/s40145-017-0225-5,Journal_of_Advanced_Ceramics,2017,gold,robots_disallowed,https://link.springer.com/content/pdf/10.1007%2Fs40145-017-0225-5.pdf [robots_disallowed],https://doaj.org/article/1f7f5c96217c49cf86527e09e67fbad2 | https://doi.org/10.1007/s40145-017-0225-5
10.1007/s40145-017-0226-4,Journal_of_Advanced_Ceramics,2017,gold,robots_disallowed,https://link.springer.com/content/pdf/10.1007%2Fs40145-017-0226-4.pdf [robots_disallowed],https://doaj.org/article/a20338fcfebc4e0085ff8e91f26307b5 | https://doi.org/10.1007/s40145-017-0226-4
10.1007/s40145-017-0231-7,Journal_of_Advanced_Ceramics,2017,gold,robots_disallowed,https://link.springer.com/content/pdf/10.1007%2Fs40145-017-0231-7.pdf [robots_disallowed],https://doaj.org/article/bb0429157cb740bf8f21a49abaf940ad | https://doi.org/10.1007/s40145-017-0231-7
10.1007/s40145-017-0232-6,Journal_of_Advanced_Ceramics,2017,gold,robots_disallowed,https://link.springer.com/content/pdf/10.1007%2Fs40145-017-0232-6.pdf [robots_disallowed],https://doaj.org/article/3507fa1aa3834cdc95b3c8410d6c9ccb | https://doi.org/10.1007/s40145-017-0232-6
10.1007/s40145-017-0239-z,Journal_of_Advanced_Ceramics,2017,gold,robots_disallowed,https://link.springer.com/content/pdf/10.1007/s40145-017-0239-z.pdf [robots_disallowed],https://doaj.org/article/f2dc2226042741f0bcd5871bcef26325 | https://doi.org/10.1007/s40145-017-0239-z
10.1007/s40145-017-0244-2,Journal_of_Advanced_Ceramics,2017,gold,robots_disallowed,https://link.springer.com/content/pdf/10.1007/s40145-017-0244-2.pdf [robots_disallowed],https://doaj.org/article/0a04ed934ea54deeab01fbc24487f069 | https://doi.org/10.1007/s40145-017-0244-2
10.1007/s40145-017-0245-1,Journal_of_Advanced_Ceramics,2017,gold,robots_disallowed,https://link.springer.com/content/pdf/10.1007/s40145-017-0245-1.pdf [robots_disallowed],https://doi.org/10.1007/s40145-017-0245-1
10.1007/s40145-017-0246-0,Journal_of_Advanced_Ceramics,2017,gold,robots_disallowed,https://link.springer.com/content/pdf/10.1007/s40145-017-0246-0.pdf [robots_disallowed],https://doi.org/10.1007/s40145-017-0246-0
10.1007/s40145-017-0247-z,Journal_of_Advanced_Ceramics,2017,gold,not_pdf,https://link.springer.com/content/pdf/10.1007/s40145-017-0247-z.pdf [robots_disallowed] | http://resolver.tudelft.nl/uuid:0ca06338-57c5-4ed9-8762-8f3c1c4df128 [not_pdf],http://resolver.tudelft.nl/uuid:0ca06338-57c5-4ed9-8762-8f3c1c4df128 | https://doaj.org/article/1cc72d26886e4662b6bcbe1db62848c7 | https://doi.org/10.1007/s40145-017-0247-z
10.1007/s40145-017-0248-y,Journal_of_Advanced_Ceramics,2017,gold,robots_disallowed,https://link.springer.com/content/pdf/10.1007/s40145-017-0248-y.pdf [robots_disallowed],https://doaj.org/article/868585dfa9184034a7bc052798698a55 | https://doi.org/10.1007/s40145-017-0248-y
10.1007/s40145-017-0253-1,Journal_of_Advanced_Ceramics,2017,gold,robots_disallowed,https://link.springer.com/content/pdf/10.1007/s40145-017-0253-1.pdf [robots_disallowed],https://doi.org/10.1007/s40145-017-0253-1
10.1007/s40145-017-0254-0,Journal_of_Advanced_Ceramics,2017,gold,robots_disallowed,https://link.springer.com/content/pdf/10.1007%2Fs40145-017-0254-0.pdf [robots_disallowed],https://doi.org/10.1007/s40145-017-0254-0
10.1007/s40145-017-0255-z,Journal_of_Advanced_Ceramics,2017,gold,robots_disallowed,https://link.springer.com/content/pdf/10.1007/s40145-017-0255-z.pdf [robots_disallowed],https://doi.org/10.1007/s40145-017-0255-z
10.1007/s40145-017-0256-y,Journal_of_Advanced_Ceramics,2018,gold,robots_disallowed,https://link.springer.com/content/pdf/10.1007/s40145-017-0256-y.pdf [robots_disallowed],https://doaj.org/article/4ab0ef7acca6458a9919fde62b1c2861 | https://doi.org/10.1007/s40145-017-0256-y
10.1007/s40145-018-0265-5,Journal_of_Advanced_Ceramics,2018,gold,robots_disallowed,https://link.springer.com/content/pdf/10.1007%2Fs40145-018-0265-5.pdf [robots_disallowed],https://doaj.org/article/278435acbfe545128aaff5d0f607083a | https://doi.org/10.1007/s40145-018-0265-5
10.1007/s40145-018-0267-3,Journal_of_Advanced_Ceramics,2018,gold,robots_disallowed,https://link.springer.com/content/pdf/10.1007/s40145-018-0267-3.pdf [robots_disallowed] | https://link.springer.com/content/pdf/10.1007%2Fs40145-018-0267-3.pdf [robots_disallowed],https://doaj.org/article/6800bd0c0f874fc6b3b31708f6077e7f | https://doi.org/10.1007/s40145-018-0267-3 | https://univ-tours.hal.science/hal-02017524
10.1007/s40145-018-0268-2,Journal_of_Advanced_Ceramics,2018,gold,robots_disallowed,https://link.springer.com/content/pdf/10.1007/s40145-018-0268-2.pdf [robots_disallowed],https://doaj.org/article/da75228a43124d0aa3253d10ede4736e | https://doi.org/10.1007/s40145-018-0268-2
10.1007/s40145-018-0269-1,Journal_of_Advanced_Ceramics,2018,gold,robots_disallowed,https://link.springer.com/content/pdf/10.1007/s40145-018-0269-1.pdf [robots_disallowed],https://doi.org/10.1007/s40145-018-0269-1
10.1007/s40145-018-0270-8,Journal_of_Advanced_Ceramics,2018,gold,robots_disallowed,https://link.springer.com/content/pdf/10.1007/s40145-018-0270-8.pdf [robots_disallowed],https://doi.org/10.1007/s40145-018-0270-8
10.1007/s40145-018-0272-6,Journal_of_Advanced_Ceramics,2018,gold,robots_disallowed,https://link.springer.com/content/pdf/10.1007/s40145-018-0272-6.pdf [robots_disallowed],https://doi.org/10.1007/s40145-018-0272-6
10.1007/s40145-018-0273-5,Journal_of_Advanced_Ceramics,2018,gold,robots_disallowed,https://link.springer.com/content/pdf/10.1007/s40145-018-0273-5.pdf [robots_disallowed],https://doaj.org/article/3f9ebdd36d8740c2afc7480cf00627a7 | https://doi.org/10.1007/s40145-018-0273-5
10.1007/s40145-018-0274-4,Journal_of_Advanced_Ceramics,2018,gold,robots_disallowed,https://link.springer.com/content/pdf/10.1007/s40145-018-0274-4.pdf [robots_disallowed],https://doaj.org/article/d958d3196245462f90c539dfc6441f32 | https://doi.org/10.1007/s40145-018-0274-4
10.1007/s40145-018-0275-3,Journal_of_Advanced_Ceramics,2018,gold,robots_disallowed,https://link.springer.com/content/pdf/10.1007/s40145-018-0275-3.pdf [robots_disallowed],https://doaj.org/article/e38ba4dc8dbf4730bfca58c21a46885c | https://doi.org/10.1007/s40145-018-0275-3
10.1007/s40145-018-0276-2,Journal_of_Advanced_Ceramics,2018,gold,robots_disallowed,https://link.springer.com/content/pdf/10.1007/s40145-018-0276-2.pdf [robots_disallowed],https://doaj.org/article/0744bf6f5aed45e698d8848f569d7d01 | https://doi.org/10.1007/s40145-018-0276-2
10.1007/s40145-018-0277-1,Journal_of_Advanced_Ceramics,2018,gold,robots_disallowed,https://link.springer.com/content/pdf/10.1007/s40145-018-0277-1.pdf [robots_disallowed],https://doaj.org/article/259a1a079ec5430fac1d7e3cdc93a698 | https://doi.org/10.1007/s40145-018-0277-1
10.1007/s40145-018-0278-0,Journal_of_Advanced_Ceramics,2018,gold,robots_disallowed,https://link.springer.com/content/pdf/10.1007/s40145-018-0278-0.pdf [robots_disallowed],https://doaj.org/article/4b814388dbb04decb4fba274a673487e | https://doi.org/10.1007/s40145-018-0278-0
10.1007/s40145-018-0280-6,Journal_of_Advanced_Ceramics,2018,gold,robots_disallowed,https://link.springer.com/content/pdf/10.1007/s40145-018-0280-6.pdf [robots_disallowed],https://doaj.org/article/316c4a47fef546ccaa323d1a806f3661 | https://doi.org/10.1007/s40145-018-0280-6
10.1007/s40145-018-0282-4,Journal_of_Advanced_Ceramics,2018,gold,robots_disallowed,https://link.springer.com/content/pdf/10.1007/s40145-018-0282-4.pdf [robots_disallowed],https://doaj.org/article/8e05913add65430d8180c9d5e64afb76 | https://doi.org/10.1007/s40145-018-0282-4
10.1007/s40145-018-0284-2,Journal_of_Advanced_Ceramics,2018,gold,robots_disallowed,https://link.springer.com/content/pdf/10.1007/s40145-018-0284-2.pdf [robots_disallowed],https://doi.org/10.1007/s40145-018-0284-2
10.1007/s40145-018-0286-0,Journal_of_Advanced_Ceramics,2018,gold,robots_disallowed,https://link.springer.com/content/pdf/10.1007/s40145-018-0286-0.pdf [robots_disallowed],https://doaj.org/article/2991c38433e24c2cb36b091ed445580b | https://doi.org/10.1007/s40145-018-0286-0
10.1007/s40145-018-0288-y,Journal_of_Advanced_Ceramics,2018,gold,robots_disallowed,https://link.springer.com/content/pdf/10.1007/s40145-018-0288-y.pdf [robots_disallowed],https://doaj.org/article/1820042c8d5d464caac62016ae8e99ce | https://doi.org/10.1007/s40145-018-0288-y
10.1007/s40145-018-0289-x,Journal_of_Advanced_Ceramics,2019,gold,robots_disallowed,https://link.springer.com/content/pdf/10.1007/s40145-018-0289-x.pdf [robots_disallowed],https://doaj.org/article/304055d0ff3d4502978fc2fba9debe97 | https://doi.org/10.1007/s40145-018-0289-x
10.1007/s40145-018-0290-4,Journal_of_Advanced_Ceramics,2019,gold,robots_disallowed,https://link.springer.com/content/pdf/10.1007/s40145-018-0290-4.pdf [robots_disallowed],https://doaj.org/article/57a9f3efd5ce4e90b053c429aec3101a | https://doi.org/10.1007/s40145-018-0290-4
10.1007/s40145-018-0291-3,Journal_of_Advanced_Ceramics,2019,gold,robots_disallowed,https://link.springer.com/content/pdf/10.1007/s40145-018-0291-3.pdf [robots_disallowed],https://doaj.org/article/9de4adbf6c614cf089fd652bdadf226d | https://doi.org/10.1007/s40145-018-0291-3
10.1016/j.bioactmat.2021.05.043,Bioactive_Materials,2021,gold,http_error,https://www.sciencedirect.com/science/article/pii/S2452199X21002632/pdf [http_error 403],https://doaj.org/article/23d6ccc370294a45a45c1456d81b0f96 | https://doi.org/10.1016/j.bioactmat.2021.05.043 | https://www.ncbi.nlm.nih.gov/pmc/articles/8377410
10.1016/j.bioactmat.2021.05.047,Bioactive_Materials,2021,gold,no_url,,https://doaj.org/article/5e5e30ce65ec484cbcb927a6f101a380 | https://doi.org/10.1016/j.bioactmat.2021.05.047 | https://www.ncbi.nlm.nih.gov/pmc/articles/8379480
10.1016/j.bioactmat.2021.05.048,Bioactive_Materials,2021,gold,no_url,,https://doaj.org/article/2701c9085ab64ef6824ebb12a58c1294 | https://doi.org/10.1016/j.bioactmat.2021.05.048 | https://www.ncbi.nlm.nih.gov/pmc/articles/8379481 | https://www.um.edu.mt/library/oar/handle/123456789/103794
10.1016/j.bioactmat.2021.06.016,Bioactive_Materials,2021,gold,http_error,https://europepmc.org/articles/PMC8429634/pdf/render [http_error 403],http://europepmc.org/pmc/articles/PMC8429634 | https://doaj.org/article/92bc45c501764a99b74a461149b32854 | https://doi.org/10.1016/j.bioactmat.2021.06.016 | https://www.ncbi.nlm.nih.gov/pmc/articles/8429634
10.1016/j.bioactmat.2021.06.018,Bioactive_Materials,2021,gold,http_error,https://europepmc.org/articles/PMC8424448/pdf/render [http_error 403],http://europepmc.org/pmc/articles/PMC8424448 | https://doaj.org/article/56d4902845224b5a9a34834c2e9107e4 | https://doi.org/10.1016/j.bioactmat.2021.06.018 | https://www.ncbi.nlm.nih.gov/pmc/articles/8424448
10.1016/j.bioactmat.2021.06.031,Bioactive_Materials,2021,gold,http_error,https://europepmc.org/articles/PMC8424428/pdf/render [http_error 403],http://europepmc.org/pmc/articles/PMC8424428 | https://doaj.org/article/0bdd43887c5c4c3c8ef2f9fa36dbfa57 | https://doi.org/10.1016/j.bioactmat.2021.06.031 | https://hdl.handle.net/11343/304972 | https://www.ncbi.nlm.nih.gov/pmc/articles/8424428
10.1016/j.bioactmat.2021.07.002,Bioactive_Materials,2021,gold,http_error,https://europepmc.org/articles/PMC8427090/pdf/render [http_error 403],http://europepmc.org/pmc/articles/PMC8427090 | https://doaj.org/article/66086072369b4c638e2c240e5b7cf23e | https://doi.org/10.1016/j.bioactmat.2021.07.002 | https://www.ncbi.nlm.nih.gov/pmc/articles/8427090
10.1016/j.bioactmat.2021.07.003,Bioactive_Materials,2021,gold,http_error,https://www.sciencedirect.com/science/article/pii/S2452199X21003248/pdf [http_error 403],https://doaj.org/article/c943b8b56330438c9a56e7b4f83b2c45 | https://doi.org/10.1016/j.bioactmat.2021.07.003 | https://www.ncbi.nlm.nih.gov/pmc/articles/8586574
10.1016/j.bioactmat.2021.07.016,Bioactive_Materials,2021,gold,no_url,,https://doaj.org/article/d0b1a2db08dc4bdd86f1ef1b6c088919 | https://doi.org/10.1016/j.bioactmat.2021.07.016 | https://www.ncbi.nlm.nih.gov/pmc/articles/8586786
10.1016/j.bioactmat.2021.09.009,Bioactive_Materials,1996,gold,no_url,,https://doaj.org/article/352f805f2d8f499490523cf589e62944 | https://doi.org/10.1016/j.bioactmat.2021.09.009 | https://www.ncbi.nlm.nih.gov/pmc/articles/8636709
10.1016/j.bioactmat.2021.09.013,Bioactive_Materials,2021,gold,no_url,,https://doaj.org/article/c9cd3fc8c31b4c158e6df2bb4a22d026 | https://doi.org/10.1016/j.bioactmat.2021.09.013 | https://www.ncbi.nlm.nih.gov/pmc/articles/8636740
10.1016/j.bioactmat.2021.09.019,Bioactive_Materials,2021,gold,no_url,,https://doaj.org/article/ede967829a784933b731af337176d9bc | https://doi.org/10.1016/j.bioactmat.2021.09.019 | https://www.ncbi.nlm.nih.gov/pmc/articles/8665260
10.1016/j.bioactmat.2021.09.035,Bioactive_Materials,2021,gold,robots_disallowed,https://ars.els-cdn.com/content/image/1-s2.0-S2452199X21004953-ga1_lrg.jpg [robots_disallowed],https://doaj.org/article/81ac0d7db35e4b3191d176ad15f598cf | https://doi.org/10.1016/j.bioactmat.2021.09.035 | https://escholarship.org/uc/item/5vb689pz | https://www.ncbi.nlm.nih.gov/pmc/articles/8783071
10.1016/j.bioactmat.2021.10.013,Bioactive_Materials,2021,gold,no_url,,https://doaj.org/article/092272b3157c4b2da9c018fd96061d60 | https://doi.org/10.1016/j.bioactmat.2021.10.013 | https://www.ncbi.nlm.nih.gov/pmc/articles/8897073
10.1016/j.bioactmat.2021.10.019,Bioactive_Materials,2021,gold,no_url,,https://doaj.org/article/2a2b3920c44f403ea0cd38d0eaf55372 | https://doi.org/10.1016/j.bioactmat.2021.10.019 | https://www.ncbi.nlm.nih.gov/pmc/articles/8844648
10.1016/j.bioactmat.2021.10.030,Bioactive_Materials,2021,gold,no_url,,https://doaj.org/article/b53f841bae4a40878433c198390151d8 | https://doi.org/10.1016/j.bioactmat.2021.10.030 | https://www.ncbi.nlm.nih.gov/pmc/articles/8777258
10.1016/j.bioactmat.2021.10.033,Bioactive_Materials,2021,gold,no_url,,https://doaj.org/article/7ca3424c346e43d891e53df400afde96 | https://doi.org/10.1016/j.bioactmat.2021.10.033 | https://www.ncbi.nlm.nih.gov/pmc/articles/8843951
10.1016/j.bioactmat.2021.11.005,Bioactive_Materials,2021,gold,http_error,https://www.sciencedirect.com/science/article/pii/S2452199X21005260/pdf [http_error 403],https://doaj.org/article/baf30f0d89644384a21ab14bc4188c2e | https://doi.org/10.1016/j.bioactmat.2021.11.005 | https://www.ncbi.nlm.nih.gov/pmc/articles/8897701
10.1016/j.bioactmat.2021.11.011,Bioactive_Materials,2021,gold,no_url,,https://doaj.org/article/73c2301c65d34245bbf6f722ee45a727 | https://doi.org/10.1016/j.bioactmat.2021.11.011 | https://www.ncbi.nlm.nih.gov/pmc/articles/8844712
10.1002/adma.202007738,Advanced_Materials,2021,hybrid,http_error,https://onlinelibrary.wiley.com/doi/pdfdirect/10.1002/adma.202007738 [http_error 403],http://hdl.handle.net/10044/1/86511 | https://doi.org/10.1002/adma.202007738 | https://www.ncbi.nlm.nih.gov/pmc/articles/7610848
10.1002/adma.202007831,Advanced_Materials,2021,hybrid,http_error,https://onlinelibrary.wiley.com/doi/pdfdirect/10.1002/adma.202007831 [http_error 403],https://doi.org/10.1002/adma.202007831 | https://www.ncbi.nlm.nih.gov/pmc/articles/11468642
10.1007/s40145-018-0293-1,Journal_of_Advanced_Ceramics,2019,gold,robots_disallowed,https://link.springer.com/content/pdf/10.1007/s40145-018-0293-1.pdf [robots_disallowed],https://doaj.org/article/6c7fd3fcbfad4e4081af4665169721f4 | https://doi.org/10.1007/s40145-018-0293-1
10.1007/s40145-018-0294-0,Journal_of_Advanced_Ceramics,2018,gold,robots_disallowed,https://link.springer.com/content/pdf/10.1007/s40145-018-0294-0.pdf [robots_disallowed],https://doi.org/10.1007/s40145-018-0294-0
10.1007/s40145-018-0296-y,Journal_of_Advanced_Ceramics,2019,gold,robots_disallowed,https://link.springer.com/content/pdf/10.1007/s40145-018-0296-y.pdf [robots_disallowed],https://doaj.org/article/c9cd7501bc5a47f094c15648d3179d92 | https://doi.org/10.1007/s40145-018-0296-y
10.1007/s40145-018-0298-9,Journal_of_Advanced_Ceramics,2019,gold,robots_disallowed,https://link.springer.com/content/pdf/10.1007/s40145-018-0298-9.pdf [robots_disallowed],https://doaj.org/article/09ab935ab516426b8d030a05ff9c79ca | https://doi.org/10.1007/s40145-018-0298-9
10.1007/s40145-018-0300-6,Journal_of_Advanced_Ceramics,2019,gold,robots_disallowed,https://link.springer.com/content/pdf/10.1007/s40145-018-0300-6.pdf [robots_disallowed],https://doaj.org/article/fb33462b34024f17850c5d86c224df2c | https://doi.org/10.1007/s40145-018-0300-6
10.1007/s40145-018-0301-5,Journal_of_Advanced_Ceramics,2019,gold,robots_disallowed,https://link.springer.com/content/pdf/10.1007/s40145-018-0301-5.pdf [robots_disallowed],https://aspace.agrif.bg.ac.rs/handle/123456789/5111 | https://doaj.org/article/6b4122577f854c2bac9e368134f22762 | https://doi.org/10.1007/s40145-018-0301-5 | https://hdl.handle.net/21.15107/rcub_dais_5271 | https://machinery.mas.bg.ac.rs/handle/123456789/3100 | https://vinar.vin.bg.ac.rs/handle/123456789/8103
10.1007/s40145-018-0303-3,Journal_of_Advanced_Ceramics,2019,gold,robots_disallowed,https://link.springer.com/content/pdf/10.1007/s40145-018-0303-3.pdf [robots_disallowed],https://doaj.org/article/af7541c059274f9a85058506b4a419b1 | https://doi.org/10.1007/s40145-018-0303-3
10.1007/s40145-018-0304-2,Journal_of_Advanced_Ceramics,2019,gold,robots_disallowed,https://link.springer.com/content/pdf/10.1007/s40145-018-0304-2.pdf [robots_disallowed],https://doaj.org/article/896d337d546f46ddb6a861bd380f273f | https://doi.org/10.1007/s40145-018-0304-2
10.1007/s40145-018-0305-1,Journal_of_Advanced_Ceramics,2019,gold,robots_disallowed,https://link.springer.com/content/pdf/10.1007/s40145-018-0305-1.pdf [robots_disallowed],https://doaj.org/article/53545b219a7b41b39e8d178145b995e8 | https://doi.org/10.1007/s40145-018-0305-1
10.1007/s40145-018-0306-0,Journal_of_Advanced_Ceramics,2019,gold,robots_disallowed,https://link.springer.com/content/pdf/10.1007/s40145-018-0306-0.pdf [robots_disallowed],https://doaj.org/article/cea78e7bebb844a3bd2b070d113621e8 | https://doi.org/10.1007/s40145-018-0306-0
10.1007/s40145-018-0307-z,Journal_of_Advanced_Ceramics,2019,gold,robots_disallowed,https://link.springer.com/content/pdf/10.1007/s40145-018-0307-z.pdf [robots_disallowed],https://doaj.org/article/6878ce31dbdd4958841a6d26b63f0aeb | https://doi.org/10.1007/s40145-018-0307-z
10.1007/s40145-018-0309-x,Journal_of_Advanced_Ceramics,2019,gold,robots_disallowed,https://link.springer.com/content/pdf/10.1007/s40145-018-0309-x.pdf [robots_disallowed],https://doaj.org/article/55cfacd9b0f74c3db8a25a3d0c88d17d | https://doi.org/10.1007/s40145-018-0309-x
10.1007/s40145-019-0314-8,Journal_of_Advanced_Ceramics,2019,gold,robots_disallowed,https://link.springer.com/content/pdf/10.1007/s40145-019-0314-8.pdf [robots_disallowed],https://doaj.org/article/7390ad0bef7e4d61a3f141eee0979974 | https://doi.org/10.1007/s40145-019-0314-8
10.1007/s40145-019-0316-6,Journal_of_Advanced_Ceramics,2019,gold,robots_disallowed,https://link.springer.com/content/pdf/10.1007/s40145-019-0316-6.pdf [robots_disallowed],https://doaj.org/article/28749ece15e54e358e0b61f1b135d733 | https://doi.org/10.1007/s40145-019-0316-6
10.1007/s40145-019-0317-5,Journal_of_Advanced_Ceramics,2019,gold,robots_disallowed,https://link.springer.com/content/pdf/10.1007/s40145-019-0317-5.pdf [robots_disallowed],https://doaj.org/article/edfa65f6402448daa97826bd772a2747 | https://doi.org/10.1007/s40145-019-0317-5
10.1007/s40145-019-0318-4,Journal_of_Advanced_Ceramics,2019,gold,robots_disallowed,https://link.springer.com/content/pdf/10.1007/s40145-019-0318-4.pdf [robots_disallowed],https://doaj.org/article/3d22dd7d3d4c4e469309ef3b4d407434 | https://doi.org/10.1007/s40145-019-0318-4
10.1007/s40145-019-0319-3,Journal_of_Advanced_Ceramics,2019,gold,robots_disallowed,https://link.springer.com/content/pdf/10.1007/s40145-019-0319-3.pdf [robots_disallowed],https://doaj.org/article/8109978fe38c4fd79c22e7c1c4989911 | https://doi.org/10.1007/s40145-019-0319-3
10.1007/s40145-019-0320-x,Journal_of_Advanced_Ceramics,2019,gold,robots_disallowed,https://link.springer.com/content/pdf/10.1007/s40145-019-0320-x.pdf [robots_disallowed],https://doaj.org/article/9ad9687ead4d4e8da101fec30295a210 | https://doi.org/10.1007/s40145-019-0320-x
10.1007/s40145-019-0321-9,Journal_of_Advanced_Ceramics,2019,gold,robots_disallowed,https://link.springer.com/content/pdf/10.1007/s40145-019-0321-9.pdf [robots_disallowed],https://doaj.org/article/27ed23de073b46c7ba8c318f29bf67a3 | https://doi.org/10.1007/s40145-019-0321-9
10.1007/s40145-019-0323-7,Journal_of_Advanced_Ceramics,2019,gold,robots_disallowed,https://link.springer.com/content/pdf/10.1007/s40145-019-0323-7.pdf [robots_disallowed],https://doaj.org/article/83432b52e59344cc8252136cb7be9ce9 | https://doi.org/10.1007/s40145-019-0323-7
10.1007/s40145-019-0326-4,Journal_of_Advanced_Ceramics,2019,gold,robots_disallowed,https://link.springer.com/content/pdf/10.1007/s40145-019-0326-4.pdf [robots_disallowed],https://doaj.org/article/a2d1bdcb9cc644028ea2c6477d4a8498 | https://doi.org/10.1007/s40145-019-0326-4
10.1007/s40145-019-0329-1,Journal_of_Advanced_Ceramics,2019,gold,robots_disallowed,https://link.springer.com/content/pdf/10.1007/s40145-019-0329-1.pdf [robots_disallowed],https://doaj.org/article/a0eacf7c93bc4a5da104c2be1270aaca | https://doi.org/10.1007/s40145-019-0329-1
10.1007/s40145-019-0333-5,Journal_of_Advanced_Ceramics,2019,gold,robots_disallowed,https://link.springer.com/content/pdf/10.1007/s40145-019-0333-5.pdf [robots_disallowed],https://doaj.org/article/6fb189840dac4fe09535df199c67f25b | https://doi.org/10.1007/s40145-019-0333-5
10.1007/s40145-019-0334-4,Journal_of_Advanced_Ceramics,2019,gold,robots_disallowed,https://link.springer.com/content/pdf/10.1007/s40145-019-0334-4.pdf [robots_disallowed],https://doaj.org/article/3ede02aa411049d6b6d79ab0a0b9eaf2 | https://doi.org/10.1007/s40145-019-0334-4
10.1007/s40145-019-0336-2,Journal_of_Advanced_Ceramics,2019,gold,robots_disallowed,https://link.springer.com/content/pdf/10.1007/s40145-019-0336-2.pdf [robots_disallowed],https://doi.org/10.1007/s40145-019-0336-2
10.1007/s40145-019-0337-1,Journal_of_Advanced_Ceramics,2019,gold,robots_disallowed,https://link.springer.com/content/pdf/10.1007/s40145-019-0337-1.pdf [robots_disallowed],http://hdl.handle.net/11449/198252 | http://rimsi.imsi.bg.ac.rs/handle/123456789/1223 | https://doaj.org/article/e7ac3fa1d4344e8381839ed7bf9e2b40 | https://doi.org/10.1007/s40145-019-0337-1
10.1007/s40145-019-0338-0,Journal_of_Advanced_Ceramics,2019,gold,robots_disallowed,https://link.springer.com/content/pdf/10.1007/s40145-019-0338-0.pdf [robots_disallowed],https://doi.org/10.1007/s40145-019-0338-0
10.1007/s40145-019-0339-z,Journal_of_Advanced_Ceramics,2019,gold,robots_disallowed,https://link.springer.com/content/pdf/10.1007/s40145-019-0339-z.pdf [robots_disallowed],https://doaj.org/article/e35cf4a548684929bddf70c88ba22369 | https://doi.org/10.1007/s40145-019-0339-z
10.1007/s40145-019-0340-6,Journal_of_Advanced_Ceramics,2019,gold,robots_disallowed,https://link.springer.com/content/pdf/10.1007/s40145-019-0340-6.pdf [robots_disallowed],https://doaj.org/article/cd3164cbc69e4a7a81fa519f9ddfc76a | https://doi.org/10.1007/s40145-019-0340-6
10.1007/s40145-019-0341-5,Journal_of_Advanced_Ceramics,2020,gold,robots_disallowed,https://link.springer.com/content/pdf/10.1007/s40145-019-0341-5.pdf [robots_disallowed],https://doaj.org/article/f0130c84d4a54e5aad162737380fed9b | https://doi.org/10.1007/s40145-019-0341-5
10.1007/s40145-019-0343-3,Journal_of_Advanced_Ceramics,2020,gold,robots_disallowed,https://link.springer.com/content/pdf/10.1007/s40145-019-0343-3.pdf [robots_disallowed],https://doi.org/10.1007/s40145-019-0343-3
10.1007/s40145-019-0344-2,Journal_of_Advanced_Ceramics,2020,gold,robots_disallowed,https://link.springer.com/content/pdf/10.1007/s40145-019-0344-2.pdf [robots_disallowed],https://doi.org/10.1007/s40145-019-0344-2
10.1007/s40145-019-0345-1,Journal_of_Advanced_Ceramics,2020,gold,robots_disallowed,https://link.springer.com/content/pdf/10.1007/s40145-019-0345-1.pdf [robots_disallowed],https://doi.org/10.1007/s40145-019-0345-1
10.1007/s40145-019-0346-0,Journal_of_Advanced_Ceramics,2020,gold,robots_disallowed,https://link.springer.com/content/pdf/10.1007/s40145-019-0346-0.pdf [robots_disallowed],https://doaj.org/article/492f17781b1d41e28802a8359c0589fc | https://doi.org/10.1007/s40145-019-0346-0
10.1007/s40145-019-0348-y,Journal_of_Advanced_Ceramics,2020,gold,robots_disallowed,https://link.springer.com/content/pdf/10.1007/s40145-019-0348-y.pdf [robots_disallowed],https://doaj.org/article/b16f751512dc4c0485875f313c5c8816 | https://doi.org/10.1007/s40145-019-0348-y
10.1007/s40145-019-0349-x,Journal_of_Advanced_Ceramics,2020,gold,robots_disallowed,https://link.springer.com/content/pdf/10.1007/s40145-019-0349-x.pdf [robots_disallowed],https://doi.org/10.1007/s40145-019-0349-x
10.1007/s40145-019-0353-1,Journal_of_Advanced_Ceramics,2020,gold,robots_disallowed,https://link.springer.com/content/pdf/10.1007/s40145-019-0353-1.pdf [robots_disallowed],https://doi.org/10.1007/s40145-019-0353-1
10.1007/s40145-019-0354-0,Journal_of_Advanced_Ceramics,2020,gold,robots_disallowed,https://link.springer.com/content/pdf/10.1007/s40145-019-0354-0.pdf [robots_disallowed],https://doaj.org/article/d5701af61f78490599cd8000dde5fc5b | https://doi.org/10.1007/s40145-019-0354-0 | https://publications.rwth-aachen.de/record/791926
10.1007/s40145-019-0356-y,Journal_of_Advanced_Ceramics,2020,gold,robots_disallowed,https://link.springer.com/content/pdf/10.1007/s40145-019-0356-y.pdf [robots_disallowed],https://doaj.org/article/87b545ee2d494055bbc184f5ca0a0958 | https://doi.org/10.1007/s40145-019-0356-y
10.1007/s40145-019-0357-x,Journal_of_Advanced_Ceramics,2020,gold,robots_disallowed,https://link.springer.com/content/pdf/10.1007/s40145-019-0357-x.pdf [robots_disallowed],https://doaj.org/article/4b1150baf01f47dba888dedc6cc852b6 | https://doi.org/10.1007/s40145-019-0357-x
10.1007/s40145-020-0358-9,Journal_of_Advanced_Ceramics,2020,gold,robots_disallowed,https://link.springer.com/content/pdf/10.1007/s40145-020-0358-9.pdf [robots_disallowed],https://doaj.org/article/71c1b7c781314cecbad9792758df1de0 | https://doi.org/10.1007/s40145-020-0358-9
10.1007/s40145-020-0359-8,Journal_of_Advanced_Ceramics,2020,gold,robots_disallowed,https://link.springer.com/content/pdf/10.1007/s40145-020-0359-8.pdf [robots_disallowed],https://doaj.org/article/af0f278bf21b44cbbfc21f1bda46908c | https://doi.org/10.1007/s40145-020-0359-8
10.1007/s40145-020-0362-0,Journal_of_Advanced_Ceramics,2020,gold,robots_disallowed,https://link.springer.com/content/pdf/10.1007/s40145-020-0362-0.pdf [robots_disallowed],https://doaj.org/article/4e1b66ef2f9940018fd0534f20d32386 | https://doi.org/10.1007/s40145-020-0362-0
10.1007/s40145-020-0366-9,Journal_of_Advanced_Ceramics,2020,gold,robots_disallowed,https://link.springer.com/content/pdf/10.1007/s40145-020-0366-9.pdf [robots_disallowed],https://doaj.org/article/a8a3a0db1d4545a4b53e8fefaaa46b19 | https://doi.org/10.1007/s40145-020-0366-9
10.1007/s40145-020-0367-8,Journal_of_Advanced_Ceramics,2020,gold,robots_disallowed,https://link.springer.com/content/pdf/10.1007/s40145-020-0367-8.pdf [robots_disallowed],https://doaj.org/article/a3e36453ea1b48c8994bb6d324a7f702 | https://doi.org/10.1007/s40145-020-0367-8
10.1007/s40145-020-0368-7,Journal_of_Advanced_Ceramics,2020,gold,robots_disallowed,https://link.springer.com/content/pdf/10.1007/s40145-020-0368-7.pdf [robots_disallowed],https://doaj.org/article/6ac067882cb84a8bb0beeb67ffbd5a3d | https://doi.org/10.1007/s40145-020-0368-7
10.1016/j.biomaterials.2012.06.051,Biomaterials,2012,green,no_url,,https://www.ncbi.nlm.nih.gov/pmc/articles/3408574
10.1016/j.biomaterials.2016.11.018,Biomaterials,2016,bronze,no_url,,https://doi.org/10.1016/j.biomaterials.2016.11.018 | https://www.ncbi.nlm.nih.gov/pmc/articles/5181114
10.1016/j.biomaterials.2017.05.011,Biomaterials,2017,green,no_url,,https://www.ncbi.nlm.nih.gov/pmc/articles/11110881
10.1016/j.biomaterials.2018.10.033,Biomaterials,2018,green,no_url,,https://research.abo.fi/en/publications/ccfa2906-62a3-4ff4-a7a2-297f34d56937
10.1016/s0142-9612(00)00019-3,Biomaterials,2000,green,no_url,,https://hdl.handle.net/11511/63457
10.1007/s40145-020-0372-y,Journal_of_Advanced_Ceramics,2020,gold,robots_disallowed,https://link.springer.com/content/pdf/10.1007/s40145-020-0372-y.pdf [robots_disallowed],https://doaj.org/article/2d2c39c2cbec4da7b68f6b813755dc6c | https://doi.org/10.1007/s40145-020-0372-y
10.1007/s40145-020-0373-x,Journal_of_Advanced_Ceramics,2020,gold,robots_disallowed,https://link.springer.com/content/pdf/10.1007/s40145-020-0373-x.pdf [robots_disallowed],https://doaj.org/article/4c1e5705f34e48a584d647d23a3cc6a1 | https://doi.org/10.1007/s40145-020-0373-x
10.1007/s40145-020-0374-9,Journal_of_Advanced_Ceramics,2020,gold,robots_disallowed,https://link.springer.com/content/pdf/10.1007/s40145-020-0374-9.pdf [robots_disallowed],https://doaj.org/article/6943a5e5588c4a69b784ea4ee1502d02 | https://doi.org/10.1007/s40145-020-0374-9
10.1007/s40145-020-0375-8,Journal_of_Advanced_Ceramics,2020,gold,robots_disallowed,https://link.springer.com/content/pdf/10.1007/s40145-020-0375-8.pdf [robots_disallowed],https://doaj.org/article/ecd9ff284f144c91b80e4dce14900a97 | https://doi.org/10.1007/s40145-020-0375-8
10.1007/s40145-020-0379-4,Journal_of_Advanced_Ceramics,2020,gold,robots_disallowed,https://link.springer.com/content/pdf/10.1007/s40145-020-0379-4.pdf [robots_disallowed],https://doaj.org/article/8bc69b729a7040e18b85b1402da57f9f | https://doi.org/10.1007/s40145-020-0379-4
10.1007/s40145-020-0381-x,Journal_of_Advanced_Ceramics,2020,gold,robots_disallowed,https://link.springer.com/content/pdf/10.1007/s40145-020-0381-x.pdf [robots_disallowed],https://doaj.org/article/b3557af02b004e02b60ad512efcd3394 | https://doi.org/10.1007/s40145-020-0381-x
10.1007/s40145-020-0382-9,Journal_of_Advanced_Ceramics,2020,gold,robots_disallowed,https://link.springer.com/content/pdf/10.1007/s40145-020-0382-9.pdf [robots_disallowed],https://doaj.org/article/d59026ef012145bca7fb6663b6c50ddf | https://doi.org/10.1007/s40145-020-0382-9
10.1007/s40145-020-0383-8,Journal_of_Advanced_Ceramics,2020,gold,robots_disallowed,https://link.springer.com/content/pdf/10.1007/s40145-020-0383-8.pdf [robots_disallowed],https://doaj.org/article/2a77f3faaf3846679f4bf9babe053888 | https://doi.org/10.1007/s40145-020-0383-8
10.1007/s40145-020-0385-6,Journal_of_Advanced_Ceramics,2020,gold,robots_disallowed,https://link.springer.com/content/pdf/10.1007/s40145-020-0385-6.pdf [robots_disallowed],https://doaj.org/article/81597ef05cc14d15a8a85893cac5ad0f | https://doi.org/10.1007/s40145-020-0385-6
10.1007/s40145-020-0387-4,Journal_of_Advanced_Ceramics,2020,gold,robots_disallowed,https://link.springer.com/content/pdf/10.1007/s40145-020-0387-4.pdf [robots_disallowed],https://doaj.org/article/9197adc1d8ef4b919cf4ae6939de9f30 | https://doi.org/10.1007/s40145-020-0387-4
10.1007/s40145-020-0388-3,Journal_of_Advanced_Ceramics,2020,gold,robots_disallowed,https://link.springer.com/content/pdf/10.1007/s40145-020-0388-3.pdf [robots_disallowed],https://doaj.org/article/3fff560d3fdd45a399fce55a8340d79c | https://doi.org/10.1007/s40145-020-0388-3
10.1007/s40145-020-0389-2,Journal_of_Advanced_Ceramics,2020,gold,robots_disallowed,https://link.springer.com/content/pdf/10.1007/s40145-020-0389-2.pdf [robots_disallowed],https://doaj.org/article/c777e5acfd454fd1b9f8dec8111afa7a | https://doi.org/10.1007/s40145-020-0389-2
10.1007/s40145-020-0392-7,Journal_of_Advanced_Ceramics,2020,gold,robots_disallowed,https://link.springer.com/content/pdf/10.1007/s40145-020-0392-7.pdf [robots_disallowed],https://doaj.org/article/e2a8d3e5657240c3a73d3aa1d8e4219a | https://doi.org/10.1007/s40145-020-0392-7
10.1007/s40145-020-0393-6,Journal_of_Advanced_Ceramics,2020,gold,robots_disallowed,https://link.springer.com/content/pdf/10.1007/s40145-020-0393-6.pdf [robots_disallowed],https://doaj.org/article/c3b011c927e2426ab474a328775f531e | https://doi.org/10.1007/s40145-020-0393-6
10.1007/s40145-020-0394-5,Journal_of_Advanced_Ceramics,2020,gold,robots_disallowed,https://link.springer.com/content/pdf/10.1007/s40145-020-0394-5.pdf [robots_disallowed],https://doaj.org/article/37c72e934b43430e891715a5f33651a5 | https://doi.org/10.1007/s40145-020-0394-5
10.1007/s40145-020-0395-4,Journal_of_Advanced_Ceramics,2020,gold,robots_disallowed,https://link.springer.com/content/pdf/10.1007/s40145-020-0395-4.pdf [robots_disallowed],https://doaj.org/article/eb84f55c19ce491cbb07ea7faee49b2c | https://doi.org/10.1007/s40145-020-0395-4
10.1007/s40145-020-0397-2,Journal_of_Advanced_Ceramics,2020,gold,robots_disallowed,https://link.springer.com/content/pdf/10.1007/s40145-020-0397-2.pdf [robots_disallowed],https://doaj.org/article/856a4f679483410c991c01bd5e21d3c4 | https://doi.org/10.1007/s40145-020-0397-2
10.1007/s40145-020-0398-1,Journal_of_Advanced_Ceramics,2020,gold,robots_disallowed,https://link.springer.com/content/pdf/10.1007/s40145-020-0398-1.pdf [robots_disallowed],https://doaj.org/article/b5a2582692cf431da9cfcf29407ff385 | https://doi.org/10.1007/s40145-020-0398-1
10.1007/s40145-020-0399-0,Journal_of_Advanced_Ceramics,2020,gold,robots_disallowed,https://link.springer.com/content/pdf/10.1007/s40145-020-0399-0.pdf [robots_disallowed],https://doaj.org/article/2987c2c1b3844055825b441fca835834 | https://doi.org/10.1007/s40145-020-0399-0
10.1007/s40145-020-0400-y,Journal_of_Advanced_Ceramics,2020,gold,robots_disallowed,https://link.springer.com/content/pdf/10.1007/s40145-020-0400-y.pdf [robots_disallowed],https://doaj.org/article/a5c0384b99b2449994542238eed09167 | https://doi.org/10.1007/s40145-020-0400-y
10.1007/s40145-020-0403-8,Journal_of_Advanced_Ceramics,2020,gold,robots_disallowed,https://link.springer.com/content/pdf/10.1007/s40145-020-0403-8.pdf [robots_disallowed],https://doi.org/10.1007/s40145-020-0403-8 | https://openportal.ino.cnr.it/doc?id=people______::53e15fba00e6d8324db013e5079592a4 | https://www.openaccessrepository.it/record/81819
10.1007/s40145-020-0405-6,Journal_of_Advanced_Ceramics,2020,gold,robots_disallowed,https://link.springer.com/content/pdf/10.1007/s40145-020-0405-6.pdf [robots_disallowed],https://doaj.org/article/7717e3c2479b43e79309559c44960f4e | https://doi.org/10.1007/s40145-020-0405-6
10.1007/s40145-020-0406-5,Journal_of_Advanced_Ceramics,2020,gold,robots_disallowed,https://link.springer.com/content/pdf/10.1007/s40145-020-0406-5.pdf [robots_disallowed],https://doaj.org/article/f01f8bbb34be487e9025e51cb1eea3f6 | https://doi.org/10.1007/s40145-020-0406-5
10.1007/s40145-020-0408-3,Journal_of_Advanced_Ceramics,2020,gold,robots_disallowed,https://link.springer.com/content/pdf/10.1007/s40145-020-0408-3.pdf [robots_disallowed],https://doi.org/10.1007/s40145-020-0408-3
10.1007/s40145-020-0409-2,Journal_of_Advanced_Ceramics,2020,gold,robots_disallowed,https://link.springer.com/content/pdf/10.1007/s40145-020-0409-2.pdf [robots_disallowed],https://doi.org/10.1007/s40145-020-0409-2
10.1007/s40145-020-0410-9,Journal_of_Advanced_Ceramics,2020,gold,robots_disallowed,https://link.springer.com/content/pdf/10.1007/s40145-020-0410-9.pdf [robots_disallowed],https://doi.org/10.1007/s40145-020-0410-9
10.1007/s40145-020-0411-8,Journal_of_Advanced_Ceramics,2020,gold,robots_disallowed,https://link.springer.com/content/pdf/10.1007/s40145-020-0411-8.pdf [robots_disallowed],https://doi.org/10.1007/s40145-020-0411-8
10.1007/s40145-020-0412-7,Journal_of_Advanced_Ceramics,2020,gold,robots_disallowed,https://link.springer.com/content/pdf/10.1007/s40145-020-0412-7.pdf [robots_disallowed],https://doaj.org/article/54b792a8fc224edf91674ff03dac59cf | https://doi.org/10.1007/s40145-020-0412-7
10.1007/s40145-020-0413-6,Journal_of_Advanced_Ceramics,2020,gold,robots_disallowed,https://link.springer.com/content/pdf/10.1007/s40145-020-0413-6.pdf [robots_disallowed],https://doi.org/10.1007/s40145-020-0413-6
10.1007/s40145-020-0414-5,Journal_of_Advanced_Ceramics,2020,gold,robots_disallowed,https://link.springer.com/content/pdf/10.1007/s40145-020-0414-5.pdf [robots_disallowed],https://doi.org/10.1007/s40145-020-0414-5
10.1007/s40145-020-0415-4,Journal_of_Advanced_Ceramics,2021,gold,robots_disallowed,https://link.springer.com/content/pdf/10.1007/s40145-020-0415-4.pdf [robots_disallowed],https://doaj.org/article/7f2492b8a07043d190b778cf1007fede | https://doi.org/10.1007/s40145-020-0415-4
10.1007/s40145-020-0416-3,Journal_of_Advanced_Ceramics,2020,gold,robots_disallowed,https://link.springer.com/content/pdf/10.1007/s40145-020-0416-3.pdf [robots_disallowed],https://doaj.org/article/6a01fbcf5d2248bcad81397b4e50e91a | https://doi.org/10.1007/s40145-020-0416-3
10.1007/s40145-020-0417-2,Journal_of_Advanced_Ceramics,2020,gold,robots_disallowed,https://link.springer.com/content/pdf/10.1007/s40145-020-0417-2.pdf [robots_disallowed],https://doaj.org/article/fcfbaeb4decc4ebb8586ed96f0ad4831 | https://doi.org/10.1007/s40145-020-0417-2
10.1007/s40145-020-0418-1,Journal_of_Advanced_Ceramics,2020,gold,robots_disallowed,https://link.springer.com/content/pdf/10.1007/s40145-020-0418-1.pdf [robots_disallowed],https://doaj.org/article/a7570a551e044fa9b44631d45f71eb75 | https://doi.org/10.1007/s40145-020-0418-1
10.1007/s40145-020-0419-0,Journal_of_Advanced_Ceramics,2020,gold,robots_disallowed,https://link.springer.com/content/pdf/10.1007/s40145-020-0419-0.pdf [robots_disallowed],https://doaj.org/article/48e8675bd0d64a419336a185966a73d6 | https://doi.org/10.1007/s40145-020-0419-0
10.1007/s40145-020-0421-6,Journal_of_Advanced_Ceramics,2020,gold,robots_disallowed,https://link.springer.com/content/pdf/10.1007/s40145-020-0421-6.pdf [robots_disallowed],https://doi.org/10.1007/s40145-020-0421-6
10.1007/s40145-020-0423-4,Journal_of_Advanced_Ceramics,2020,gold,robots_disallowed,https://link.springer.com/content/pdf/10.1007/s40145-020-0423-4.pdf [robots_disallowed],https://doi.org/10.1007/s40145-020-0423-4
10.1007/s40145-020-0424-3,Journal_of_Advanced_Ceramics,2020,gold,robots_disallowed,https://link.springer.com/content/pdf/10.1007/s40145-020-0424-3.pdf [robots_disallowed],https://doi.org/10.1007/s40145-020-0424-3
10.1007/s40145-020-0425-2,Journal_of_Advanced_Ceramics,2020,gold,robots_disallowed,https://link.springer.com/content/pdf/10.1007/s40145-020-0425-2.pdf [robots_disallowed],https://doi.org/10.1007/s40145-020-0425-2
10.1007/s40145-020-0427-0,Journal_of_Advanced_Ceramics,2021,gold,robots_disallowed,https://link.springer.com/content/pdf/10.1007/s40145-020-0427-0.pdf [robots_disallowed],https://doaj.org/article/321b0743fb2e4410b695ba6f51f7686d | https://doi.org/10.1007/s40145-020-0427-0
10.1007/s40145-020-0428-z,Journal_of_Advanced_Ceramics,2020,gold,robots_disallowed,https://link.springer.com/content/pdf/10.1007/s40145-020-0428-z.pdf [robots_disallowed],https://doi.org/10.1007/s40145-020-0428-z
10.1007/s40145-020-0429-y,Journal_of_Advanced_Ceramics,2021,gold,not_pdf,https://link.springer.com/content/pdf/10.1007/s40145-020-0429-y.pdf [robots_disallowed] | https://opus.bibliothek.uni-augsburg.de/opus4/frontdoor/index/index/docId/83729 [not_pdf],https://doaj.org/article/4a04657c781f4ae2b5208be60fb4d144 | https://doi.org/10.1007/s40145-020-0429-y | https://opus.bibliothek.uni-augsburg.de/opus4/frontdoor/index/index/docId/83729
10.1007/s40145-020-0430-5,Journal_of_Advanced_Ceramics,2021,gold,robots_disallowed,https://link.springer.com/content/pdf/10.1007/s40145-020-0430-5.pdf [robots_disallowed],https://doaj.org/article/4b9464964486488e872f281292ad9788 | https://doi.org/10.1007/s40145-020-0430-5
10.1007/s40145-020-0434-1,Journal_of_Advanced_Ceramics,2021,gold,robots_disallowed,https://link.springer.com/content/pdf/10.1007/s40145-020-0434-1.pdf [robots_disallowed],https://doi.org/10.1007/s40145-020-0434-1
10.1007/s40145-020-0436-z,Journal_of_Advanced_Ceramics,2021,gold,robots_disallowed,https://link.springer.com/content/pdf/10.1007/s40145-020-0436-z.pdf [robots_disallowed],https://doaj.org/article/4a05689f200c4a9dab4c4108d000a5e7 | https://doi.org/10.1007/s40145-020-0436-z
10.1007/s40145-020-0438-x,Journal_of_Advanced_Ceramics,2020,gold,robots_disallowed,https://link.springer.com/content/pdf/10.1007/s40145-020-0438-x.pdf [robots_disallowed],https://doi.org/10.1007/s40145-020-0438-x
10.1007/s40145-020-0440-3,Journal_of_Advanced_Ceramics,2021,gold,robots_disallowed,https://link.springer.com/content/pdf/10.1007/s40145-020-0440-3.pdf [robots_disallowed],https://doaj.org/article/68f8a5c60df745f08c283d62e8ca7db3 | https://doi.org/10.1007/s40145-020-0440-3
10.1016/j.biomaterials.2008.01.032,Biomaterials,2008,green,no_url,,https://www.ncbi.nlm.nih.gov/pmc/articles/2292637
10.1016/j.biomaterials.2009.10.037,Biomaterials,2009,green,no_url,,http://hdl.handle.net/10161/6985 | https://www.ncbi.nlm.nih.gov/pmc/articles/2813896
10.1016/j.biomaterials.2009.11.111,Biomaterials,2009,green,no_url,,http://hdl.handle.net/10722/125210
10.1016/j.biomaterials.2010.01.071,Biomaterials,2010,green,no_url,,https://figshare.com/articles/journal_contribution/The_influence_of_nano-scale_surface_roughness_on_bacterial_adhesion_to_ultrafine-grained_titanium/20905582
10.1016/j.biomaterials.2010.01.121,Biomaterials,2010,bronze,http_error,https://linkinghub.elsevier.com/science/article/pii/S0142961210001699 [http_error 403],https://doi.org/10.1016/j.biomaterials.2010.01.121 | https://kclpure.kcl.ac.uk/portal/files/5473372/published_paper_sr_bioglass.pdf
10.1016/j.biomaterials.2010.02.024,Biomaterials,2010,green,no_url,,https://www.ncbi.nlm.nih.gov/pmc/articles/2846964
10.1016/j.jma.2016.11.002,Journal_of_Magnesium_and_Alloys,2016,gold,http_error,https://www.sciencedirect.com/science/article/pii/S2213956716300561/pdf [http_error 403],https://doaj.org/article/e5fa9c8339f64005ab0baf1bd99222ae | https://doi.org/10.1016/j.jma.2016.11.002
10.1016/j.jma.2016.11.003,Journal_of_Magnesium_and_Alloys,2016,gold,http_error,https://www.sciencedirect.com/science/article/pii/S2213956716300573/pdf [http_error 403],https://doaj.org/article/d7fe24d31669483a9d7d02902c9e7ccb | https://doi.org/10.1016/j.jma.2016.11.003
10.1016/j.jma.2016.11.005,Journal_of_Magnesium_and_Alloys,2016,gold,http_error,https://www.sciencedirect.com/science/article/pii/S2213956716300676/pdf [http_error 403],https://doi.org/10.1016/j.jma.2016.11.005
10.1016/j.jma.2016.11.006,Journal_of_Magnesium_and_Alloys,2016,gold,http_error,https://www.sciencedirect.com/science/article/pii/S2213956716300688/pdf [http_error 403],https://doi.org/10.1016/j.jma.2016.11.006
10.1016/j.jma.2016.12.001,Journal_of_Magnesium_and_Alloys,2016,gold,http_error,https://www.sciencedirect.com/science/article/pii/S221395671630069X/pdf [http_error 403],https://doi.org/10.1016/j.jma.2016.12.001
10.1016/j.jma.2016.12.004,Journal_of_Magnesium_and_Alloys,2017,gold,http_error,https://www.sciencedirect.com/science/article/pii/S2213956717300038/pdf [http_error 403],https://doaj.org/article/70e1c1c34964472f9f69cb783431d5b6 | https://doi.org/10.1016/j.jma.2016.12.004
10.1016/j.jma.2017.03.001,Journal_of_Magnesium_and_Alloys,2017,gold,http_error,https://www.sciencedirect.com/science/article/pii/S2213956717300087/pdf [http_error 403],https://doi.org/10.1016/j.jma.2017.03.001
10.1016/j.jma.2017.03.003,Journal_of_Magnesium_and_Alloys,2017,gold,http_error,https://www.sciencedirect.com/science/article/pii/S2213956717300105/pdf [http_error 403],https://doaj.org/article/7f542cda8bfd42f985652609debb7df8 | https://doi.org/10.1016/j.jma.2017.03.003
10.1016/j.jma.2017.05.002,Journal_of_Magnesium_and_Alloys,2017,gold,http_error,https://www.sciencedirect.com/science/article/pii/S221395671730021X/pdf [http_error 403],https://doi.org/10.1016/j.jma.2017.05.002
10.1016/j.jma.2017.05.003,Journal_of_Magnesium_and_Alloys,2017,gold,no_url,,https://doi.org/10.1016/j.jma.2017.05.003
10.1016/j.jma.2017.08.005,Journal_of_Magnesium_and_Alloys,2017,gold,http_error,https://www.sciencedirect.com/science/article/pii/S2213956717300439/pdf [http_error 403],https://doi.org/10.1016/j.jma.2017.08.005
10.1016/j.jma.2017.08.007,Journal_of_Magnesium_and_Alloys,2017,gold,http_error,https://www.sciencedirect.com/science/article/pii/S2213956717300452/pdf [http_error 403],https://doi.org/10.1016/j.jma.2017.08.007
10.1016/j.jma.2017.09.003,Journal_of_Magnesium_and_Alloys,2017,gold,http_error,https://www.sciencedirect.com/science/article/pii/S2213956717300567/pdf [http_error 403],https://doi.org/10.1016/j.jma.2017.09.003
10.1016/j.jma.2017.11.002,Journal_of_Magnesium_and_Alloys,2017,gold,http_error,https://www.sciencedirect.com/science/article/pii/S2213956717300634/pdf [http_error 403],https://doaj.org/article/3bd2e1d9dbab4527928599b4bc064759 | https://doi.org/10.1016/j.jma.2017.11.002
10.1016/j.jma.2017.12.005,Journal_of_Magnesium_and_Alloys,2018,gold,http_error,https://www.sciencedirect.com/science/article/pii/S2213956718300070?via%3Dihub [http_error 403],http://americanae.aecid.es/americanae/es/registros/registro.do?tipoRegistro=MTD&idBib=3908711 | http://hdl.handle.net/11336/91510 | https://doaj.org/article/c062904a71b24cee98d3052579a645a6 | https://doi.org/10.1016/j.jma.2017.12.005
10.1016/j.jma.2018.01.002,Journal_of_Magnesium_and_Alloys,2018,gold,http_error,https://www.sciencedirect.com/science/article/pii/S2213956718300021/pdf [http_error 403],https://doaj.org/article/9295a25d29af46eaaf9213ec73815709 | https://doi.org/10.1016/j.jma.2018.01.002
10.1016/j.jma.2018.01.004,Journal_of_Magnesium_and_Alloys,2018,gold,no_url,,https://doaj.org/article/af64b2f2282d47448def01abe73324c0 | https://doi.org/10.1016/j.jma.2018.01.004
10.1016/j.jma.2018.02.004,Journal_of_Magnesium_and_Alloys,2018,gold,http_error,https://www.sciencedirect.com/science/article/pii/S2213956718300112/pdf [http_error 403],https://doaj.org/article/d69da4f93cd248f9b697df51c9ebfd6a | https://doi.org/10.1016/j.jma.2018.02.004
10.1016/j.jma.2018.02.005,Journal_of_Magnesium_and_Alloys,2018,gold,http_error,https://www.sciencedirect.com/science/article/pii/S2213956718300148/pdf [http_error 403],https://doaj.org/article/32a50a550f62465fb91a347fdf703728 | https://doi.org/10.1016/j.jma.2018.02.005
10.1016/j.jma.2018.03.001,Journal_of_Magnesium_and_Alloys,2018,gold,http_error,https://www.sciencedirect.com/science/article/pii/S221395671830015X/pdf [http_error 403],https://doaj.org/article/66b6ddb02ad9448c8edfa3bceb7acf49 | https://doi.org/10.1016/j.jma.2018.03.001
10.1016/j.jma.2018.04.001,Journal_of_Magnesium_and_Alloys,2018,gold,http_error,https://www.sciencedirect.com/science/article/pii/S2213956718300124/pdf [http_error 403],https://doaj.org/article/84afb00a7218432c89f21c9b80c8503a | https://doi.org/10.1016/j.jma.2018.04.001
10.1016/j.jma.2018.04.004,Journal_of_Magnesium_and_Alloys,2018,gold,http_error,https://www.sciencedirect.com/science/article/pii/S2213956718300197/pdf [http_error 403],http://www.repositorio.ufc.br/handle/riufc/63828 | https://doaj.org/article/bd549a9f3c3d48659a91317fcabbb818 | https://doi.org/10.1016/j.jma.2018.04.004
10.1016/j.jma.2018.05.001,Journal_of_Magnesium_and_Alloys,2018,gold,http_error,https://www.sciencedirect.com/science/article/pii/S2213956718300173/pdf [http_error 403],https://doaj.org/article/54e992076e0b45eab39cbbfcda0f3e02 | https://doi.org/10.1016/j.jma.2018.05.001
10.1016/j.jma.2018.05.003,Journal_of_Magnesium_and_Alloys,2018,gold,http_error,https://www.sciencedirect.com/science/article/pii/S2213956718300306/pdf [http_error 403],https://doaj.org/article/600f70c1feea4ed1a34e8c08821e26c4 | https://doi.org/10.1016/j.jma.2018.05.003
10.1016/j.jma.2018.05.004,Journal_of_Magnesium_and_Alloys,2018,gold,http_error,https://www.sciencedirect.com/science/article/pii/S2213956718300318/pdf [http_error 403],https://doi.org/10.1016/j.jma.2018.05.004
10.1016/j.jma.2018.05.006,Journal_of_Magnesium_and_Alloys,2018,gold,http_error,https://www.sciencedirect.com/science/article/pii/S2213956718300331/pdf [http_error 403],https://doaj.org/article/dd43c5b6ba1d4e8aa070b6818476a204 | https://doi.org/10.1016/j.jma.2018.05.006
10.1016/j.jma.2018.05.007,Journal_of_Magnesium_and_Alloys,2018,gold,http_error,https://www.sciencedirect.com/science/article/pii/S2213956718300343/pdf [http_error 403],https://doaj.org/article/0f04896e8a77436daec24a9a42001243 | https://doi.org/10.1016/j.jma.2018.05.007
10.1016/j.jma.2018.05.008,Journal_of_Magnesium_and_Alloys,2018,gold,http_error,https://www.sciencedirect.com/science/article/pii/S2213956718300355/pdf [http_error 403],https://doaj.org/article/828e02aaab4f4f1585440184cb5acc32 | https://doi.org/10.1016/j.jma.2018.05.008
10.1016/j.jma.2018.07.002,Journal_of_Magnesium_and_Alloys,2018,gold,http_error,https://www.sciencedirect.com/science/article/pii/S2213956718300495/pdf [http_error 403],https://doaj.org/article/3906f6f8864e46158abae309080b2377 | https://doi.org/10.1016/j.jma.2018.07.002
10.1016/j.jma.2018.07.003,Journal_of_Magnesium_and_Alloys,2018,gold,http_error,https://www.sciencedirect.com/science/article/pii/S2213956718300513/pdf [http_error 403],https://doi.org/10.1016/j.jma.2018.07.003
10.1016/j.jma.2018.08.002,Journal_of_Magnesium_and_Alloys,2018,gold,http_error,https://www.sciencedirect.com/science/article/pii/S2213956718300525/pdf [http_error 403],https://doi.org/10.1016/j.jma.2018.08.002
10.1016/j.jma.2018.08.004,Journal_of_Magnesium_and_Alloys,2018,gold,no_url,,http://bura.brunel.ac.uk/handle/2438/17492 | https://bura.brunel.ac.uk/handle/2438/17492 | https://doaj.org/article/91051be870614f6793671dd329a7ca32 | https://doi.org/10.1016/j.jma.2018.08.004
10.1016/j.jma.2018.09.002,Journal_of_Magnesium_and_Alloys,2018,gold,http_error,https://www.sciencedirect.com/science/article/pii/S2213956718300689/pdf [http_error 403],https://doi.org/10.1016/j.jma.2018.09.002
10.1016/j.jma.2018.09.004,Journal_of_Magnesium_and_Alloys,2019,gold,http_error,https://www.sciencedirect.com/science/article/pii/S2213956719300283/pdf [http_error 403],https://doaj.org/article/e1018937387246e0b94bcf2fb1677822 | https://doi.org/10.1016/j.jma.2018.09.004
10.1016/j.jma.2018.10.001,Journal_of_Magnesium_and_Alloys,2018,gold,http_error,https://www.sciencedirect.com/science/article/pii/S2213956718300665/pdf [http_error 403],https://doaj.org/article/4e9a6a8119ed4eb9a8a218ea868e9bb0 | https://doi.org/10.1016/j.jma.2018.10.001
10.1016/j.jma.2018.10.002,Journal_of_Magnesium_and_Alloys,2018,gold,http_error,https://www.sciencedirect.com/science/article/pii/S2213956718300690/pdf [http_error 403],http://hdl.handle.net/11336/89120 | https://doi.org/10.1016/j.jma.2018.10.002
10.1016/j.jma.2018.11.002,Journal_of_Magnesium_and_Alloys,2018,gold,http_error,https://www.sciencedirect.com/science/article/pii/S2213956718300793/pdf [http_error 403],https://doaj.org/article/f1c6360cbdcd4aa3b3cffe133fb545bf | https://doi.org/10.1016/j.jma.2018.11.002
10.1016/j.jma.2018.11.004,Journal_of_Magnesium_and_Alloys,2019,gold,http_error,https://www.sciencedirect.com/science/article/pii/S2213956719300015/pdf [http_error 403],https://doaj.org/article/60f04063964046b2892e36ad63bca83c | https://doi.org/10.1016/j.jma.2018.11.004
10.1016/j.jma.2018.12.002,Journal_of_Magnesium_and_Alloys,2019,gold,http_error,https://www.sciencedirect.com/science/article/am/pii/S2213956718300823?via%3Dihub [http_error 403] | http://oatao.univ-toulouse.fr/23688/7/Leleu_23688.pdf [http_error],http://oatao.univ-toulouse.fr/23688/7/Leleu_23688.pdf | https://doi.org/10.1016/j.jma.2018.12.002 | https://hal.science/hal-02098019
10.1016/j.jma.2019.01.003,Journal_of_Magnesium_and_Alloys,2019,gold,http_error,https://www.sciencedirect.com/science/article/pii/S2213956719300040/pdf [http_error 403],https://doaj.org/article/052285c1cbab4722b0ae554a0db5c70f | https://doi.org/10.1016/j.jma.2019.01.003
10.1016/j.jma.2019.01.005,Journal_of_Magnesium_and_Alloys,2019,gold,http_error,https://www.sciencedirect.com/science/article/pii/S2213956719300076/pdf [http_error 403],https://doaj.org/article/5667e6b2add5464d974d3090cdb97e78 | https://doi.org/10.1016/j.jma.2019.01.005
10.1016/j.jma.2019.02.001,Journal_of_Magnesium_and_Alloys,2019,gold,http_error,https://www.sciencedirect.com/science/article/pii/S2213956719300088/pdf [http_error 403],https://doi.org/10.1016/j.jma.2019.02.001
10.1016/j.jmst.2017.04.004,Journal_of_Materials_Science_&_Technology,2017,bronze,http_error,https://www.sciencedirect.com/science/article/pii/S1005030217301111 [http_error 403],http://hdl.handle.net/10012/12110 | https://doi.org/10.1016/j.jmst.2017.04.004
10.1016/j.jmst.2018.09.047,Journal_of_Materials_Science_&_Technology,2018,hybrid,no_url,,https://doi.org/10.1016/j.jmst.2018.09.047
10.1016/j.jma.2019.02.002,Journal_of_Magnesium_and_Alloys,2019,gold,http_error,https://www.sciencedirect.com/science/article/pii/S221395671930009X/pdf [http_error 403],https://doaj.org/article/bd8554ee503347deaeeee413f784b98b | https://doi.org/10.1016/j.jma.2019.02.002
10.1016/j.jma.2019.02.007,Journal_of_Magnesium_and_Alloys,2019,gold,http_error,https://www.sciencedirect.com/science/article/pii/S2213956719300271/pdf [http_error 403],https://doi.org/10.1016/j.jma.2019.02.007
10.1016/j.jma.2019.02.009,Journal_of_Magnesium_and_Alloys,2019,gold,http_error,https://www.sciencedirect.com/science/article/pii/S2213956719300313/pdf [http_error 403],http://hdl.handle.net/1885/201961 | https://doi.org/10.1016/j.jma.2019.02.009 | https://figshare.com/articles/journal_contribution/Corrosion_behavior_of_Mg_3Gd_1Zn_0_4Zr_alloy_with_and_without_stacking_faults/24419908
10.1016/j.jma.2019.03.002,Journal_of_Magnesium_and_Alloys,2019,gold,http_error,https://www.sciencedirect.com/science/article/pii/S2213956719300246/pdf [http_error 403],https://doi.org/10.1016/j.jma.2019.03.002
10.1016/j.jma.2019.04.002,Journal_of_Magnesium_and_Alloys,2019,gold,http_error,https://www.sciencedirect.com/science/article/pii/S2213956719300349/pdf [http_error 403],https://doi.org/10.1016/j.jma.2019.04.002
10.1016/j.jma.2019.04.007,Journal_of_Magnesium_and_Alloys,2019,gold,no_url,,https://doi.org/10.1016/j.jma.2019.04.007
10.1016/j.jma.2019.04.008,Journal_of_Magnesium_and_Alloys,2019,gold,http_error,https://www.sciencedirect.com/science/article/pii/S2213956719300854/pdf [http_error 403],https://doaj.org/article/03d59b169cf54fac971b6f3ff867f6c5 | https://doi.org/10.1016/j.jma.2019.04.008
10.1016/j.jma.2019.05.005,Journal_of_Magnesium_and_Alloys,2019,gold,http_error,https://www.sciencedirect.com/science/article/pii/S221395671930043X/pdf [http_error 403],https://doi.org/10.1016/j.jma.2019.05.005
10.1016/j.jma.2019.05.008,Journal_of_Magnesium_and_Alloys,2019,gold,http_error,https://www.sciencedirect.com/science/article/pii/S2213956719300623/pdf [http_error 403],https://doi.org/10.1016/j.jma.2019.05.008
10.1016/j.jma.2019.05.009,Journal_of_Magnesium_and_Alloys,2019,gold,http_error,https://www.sciencedirect.com/science/article/pii/S2213956719300635/pdf [http_error 403],https://doaj.org/article/a6dd64815d3541079c0a0ab6d912a7fc | https://doi.org/10.1016/j.jma.2019.05.009
10.1016/j.jma.2019.05.010,Journal_of_Magnesium_and_Alloys,2019,gold,http_error,https://www.sciencedirect.com/science/article/pii/S2213956719300659/pdf [http_error 403],https://doaj.org/article/3d3a6427def6488eaa131bc7dbe68d1c | https://doi.org/10.1016/j.jma.2019.05.010
10.1016/j.jma.2019.05.015,Journal_of_Magnesium_and_Alloys,2020,gold,http_error,https://www.sciencedirect.com/science/article/pii/S221395672030030X/pdf [http_error 403],https://doaj.org/article/bf3005d3a8234d22af5e95dae219fc9a | https://doi.org/10.1016/j.jma.2019.05.015
10.1016/j.jma.2019.06.002,Journal_of_Magnesium_and_Alloys,2019,gold,http_error,https://www.sciencedirect.com/science/article/pii/S2213956719300593/pdf [http_error 403],https://doaj.org/article/a2221f42a9434f0780df80549a0dd0a6 | https://doi.org/10.1016/j.jma.2019.06.002
10.1016/j.jma.2019.06.003,Journal_of_Magnesium_and_Alloys,2020,gold,http_error,https://www.sciencedirect.com/science/article/pii/S2213956719300787/pdf [http_error 403],https://doaj.org/article/072cfdcb964e43d5ba6a36c88df7591d | https://doi.org/10.1016/j.jma.2019.06.003
10.1016/j.jma.2019.06.004,Journal_of_Magnesium_and_Alloys,2020,gold,http_error,https://www.sciencedirect.com/science/article/pii/S2213956719300829/pdf [http_error 403],https://doaj.org/article/d8aa57f658094a9d8dd65be30d212d7a | https://doi.org/10.1016/j.jma.2019.06.004
10.1016/j.jma.2019.06.005,Journal_of_Magnesium_and_Alloys,2020,gold,http_error,https://www.sciencedirect.com/science/article/pii/S2213956719300891/pdf [http_error 403],https://doaj.org/article/ab95b2a17aa74baa997491e9ae08bebe | https://doi.org/10.1016/j.jma.2019.06.005
10.1016/j.jma.2019.06.006,Journal_of_Magnesium_and_Alloys,2020,gold,http_error,https://www.sciencedirect.com/science/article/pii/S2213956720300293/pdf [http_error 403],https://doaj.org/article/5447d14888ed47b18919d474e39c3c1a | https://doi.org/10.1016/j.jma.2019.06.006
10.1016/j.jma.2019.07.001,Journal_of_Magnesium_and_Alloys,2019,gold,http_error,https://www.sciencedirect.com/science/article/pii/S221395671930057X/pdf [http_error 403],https://doi.org/10.1016/j.jma.2019.07.001
10.1016/j.jma.2019.07.004,Journal_of_Magnesium_and_Alloys,2019,gold,http_error,https://www.sciencedirect.com/science/article/pii/S2213956719300738/pdf [http_error 403],https://doi.org/10.1016/j.jma.2019.07.004
10.1016/j.jma.2019.07.006,Journal_of_Magnesium_and_Alloys,2019,gold,http_error,https://www.sciencedirect.com/science/article/pii/S2213956719300775/pdf [http_error 403],https://doi.org/10.1016/j.jma.2019.07.006
10.1016/j.jma.2019.07.007,Journal_of_Magnesium_and_Alloys,2019,gold,http_error,https://www.sciencedirect.com/science/article/pii/S2213956719300830/pdf [http_error 403],https://doi.org/10.1016/j.jma.2019.07.007
10.1016/j.jma.2019.07.009,Journal_of_Magnesium_and_Alloys,2020,gold,http_error,https://www.sciencedirect.com/science/article/pii/S2213956720300128/pdf [http_error 403],https://doaj.org/article/a7265b78e05243a6b91c4c0dd2524a5e | https://doi.org/10.1016/j.jma.2019.07.009
10.1016/j.jma.2019.07.011,Journal_of_Magnesium_and_Alloys,2020,gold,http_error,https://www.sciencedirect.com/science/article/pii/S2213956720300608/pdf [http_error 403],https://doaj.org/article/6b928f2435f2451b9bb660c5060aa80c | https://doi.org/10.1016/j.jma.2019.07.011
10.1016/j.jma.2019.08.004,Journal_of_Magnesium_and_Alloys,2020,gold,http_error,https://www.sciencedirect.com/science/article/pii/S2213956720301195/pdf [http_error 403],https://doaj.org/article/42f6b5b94c354b6ea94f9ec46755cc08 | https://doi.org/10.1016/j.jma.2019.08.004
10.1016/j.jma.2019.09.001,Journal_of_Magnesium_and_Alloys,2019,gold,http_error,https://www.sciencedirect.com/science/article/pii/S2213956719300751/pdf [http_error 403],https://doaj.org/article/b70ff848e6044f679820422f4c3bdc14 | https://doi.org/10.1016/j.jma.2019.09.001
10.1016/j.jma.2019.09.003,Journal_of_Magnesium_and_Alloys,2020,gold,http_error,https://www.sciencedirect.com/science/article/pii/S2213956719300799/pdf [http_error 403],https://doaj.org/article/a897f1c7ecfe4c77ad7afe4d4ba83cf6 | https://doi.org/10.1016/j.jma.2019.09.003
10.1016/j.jma.2019.09.004,Journal_of_Magnesium_and_Alloys,2019,gold,http_error,https://www.sciencedirect.com/science/article/pii/S2213956719300817/pdf [http_error 403],https://doi.org/10.1016/j.jma.2019.09.004
10.1016/j.jma.2019.09.007,Journal_of_Magnesium_and_Alloys,2019,gold,http_error,https://www.sciencedirect.com/science/article/pii/S2213956719300957/pdf [http_error 403],https://doi.org/10.1016/j.jma.2019.09.007
10.1016/j.jma.2019.09.009,Journal_of_Magnesium_and_Alloys,2020,gold,http_error,https://www.sciencedirect.com/science/article/pii/S2213956720300104/pdf [http_error 403],https://doaj.org/article/8e6431daecab493cb0dd2ce2f3c811dd | https://doi.org/10.1016/j.jma.2019.09.009
10.1016/j.jma.2019.09.011,Journal_of_Magnesium_and_Alloys,2020,gold,http_error,https://www.sciencedirect.com/science/article/pii/S2213956720300761/pdf [http_error 403],https://doaj.org/article/9f7419a2de6842b6b16f83a19d78587b | https://doi.org/10.1016/j.jma.2019.09.011
10.1016/j.jma.2019.09.012,Journal_of_Magnesium_and_Alloys,2020,gold,http_error,https://www.sciencedirect.com/science/article/pii/S2213956720300815/pdf [http_error 403],https://doaj.org/article/a1a2e8b4476848408beb39912c22296d | https://doi.org/10.1016/j.jma.2019.09.012
10.1016/j.jma.2019.09.013,Journal_of_Magnesium_and_Alloys,2020,gold,http_error,https://www.sciencedirect.com/science/article/pii/S2213956720300876/pdf [http_error 403],https://doaj.org/article/09e26117e4c040d0ad03cb239e9dad65 | https://doi.org/10.1016/j.jma.2019.09.013
10.1016/j.jma.2019.10.001,Journal_of_Magnesium_and_Alloys,2019,gold,http_error,https://www.sciencedirect.com/science/article/pii/S2213956719300970/pdf [http_error 403],https://doaj.org/article/b4a133c1bc274c2090f5edb7b84fbbc7 | https://doi.org/10.1016/j.jma.2019.10.001
10.1016/j.jma.2019.10.003,Journal_of_Magnesium_and_Alloys,2020,gold,http_error,https://www.sciencedirect.com/science/article/pii/S2213956720300931/pdf [http_error 403],https://doaj.org/article/9bb447c7c3394387aca95fe92e64a6ae | https://doi.org/10.1016/j.jma.2019.10.003
10.1016/j.jma.2019.10.004,Journal_of_Magnesium_and_Alloys,2020,gold,http_error,https://www.sciencedirect.com/science/article/pii/S2213956720300980/pdf [http_error 403],https://doaj.org/article/740fffc5a8c647138d9c3dda4f9dc7b7 | https://doi.org/10.1016/j.jma.2019.10.004
10.1016/j.jma.2019.11.001,Journal_of_Magnesium_and_Alloys,2019,gold,http_error,https://www.sciencedirect.com/science/article/pii/S221395671930091X/pdf [http_error 403],https://doi.org/10.1016/j.jma.2019.11.001
10.1016/j.jma.2019.11.004,Journal_of_Magnesium_and_Alloys,2019,gold,http_error,https://www.sciencedirect.com/science/article/pii/S2213956719300969/pdf [http_error 403],https://doaj.org/article/5beebd0aaa3d4da28fcc5ed891aff6db | https://doi.org/10.1016/j.jma.2019.11.004
10.1016/j.jma.2019.11.005,Journal_of_Magnesium_and_Alloys,2020,gold,http_error,https://www.sciencedirect.com/science/article/pii/S2213956720300013/pdf [http_error 403],https://doaj.org/article/1dc3e7873e944cd4a2f059e28ab18016 | https://doi.org/10.1016/j.jma.2019.11.005
10.1016/j.jma.2019.11.008,Journal_of_Magnesium_and_Alloys,2020,gold,http_error,https://www.sciencedirect.com/science/article/pii/S2213956720300049/pdf [http_error 403],https://doaj.org/article/5d10728c1fd7478796d0c46a89c55a34 | https://doi.org/10.1016/j.jma.2019.11.008
10.1016/j.jma.2019.11.010,Journal_of_Magnesium_and_Alloys,2020,gold,http_error,https://www.sciencedirect.com/science/article/pii/S2213956720300116/pdf [http_error 403],https://doaj.org/article/66597a81c932411abc4382cc70aaad23 | https://doi.org/10.1016/j.jma.2019.11.010
10.1016/j.jma.2019.11.011,Journal_of_Magnesium_and_Alloys,2020,gold,http_error,https://www.sciencedirect.com/science/article/pii/S2213956720300141/pdf [http_error 403],https://doaj.org/article/959e9c30852a4d36aee9853fa8d77f01 | https://doi.org/10.1016/j.jma.2019.11.011
10.1016/j.jma.2019.11.012,Journal_of_Magnesium_and_Alloys,2020,gold,http_error,https://www.sciencedirect.com/science/article/pii/S2213956720300153/pdf [http_error 403] | https://scholars.cityu.edu.hk/files/57825868/1_s2.0_S2213956720300153_main.pdf [http_error 403],https://doaj.org/article/8e57eb36e94c454386c14179e59fcb0d | https://doi.org/10.1016/j.jma.2019.11.012 | https://scholars.cityu.edu.hk/en/publications/b8376c7c-1a97-4b4d-ba7b-2f37b0c58240
10.1016/j.jma.2019.11.013,Journal_of_Magnesium_and_Alloys,2020,gold,http_error,https://www.sciencedirect.com/science/article/pii/S2213956720300323/pdf [http_error 403],https://doaj.org/article/79b6df30e3e84a0e8c0eb0e0aeea9faa | https://doi.org/10.1016/j.jma.2019.11.013
10.1016/j.jma.2019.11.015,Journal_of_Magnesium_and_Alloys,2020,gold,http_error,https://www.sciencedirect.com/science/article/pii/S2213956720300797/pdf [http_error 403],https://doaj.org/article/829c7ca8f81e4772917a31d3dc8ad5b2 | https://doi.org/10.1016/j.jma.2019.11.015
10.1016/j.jma.2019.12.002,Journal_of_Magnesium_and_Alloys,2020,gold,http_error,https://www.sciencedirect.com/science/article/pii/S2213956720300062/pdf [http_error 403],https://doaj.org/article/275f8f278a864ac583f1c09669c9edc6 | https://doi.org/10.1016/j.jma.2019.12.002 | https://figshare.com/articles/journal_contribution/Graphene_nanoplatelets-reinforced_magnesium_metal_matrix_nanocomposites_with_superior_mechanical_and_corrosion_performance_for_biomedical_applications/27525990
10.1016/j.jma.2019.12.004,Journal_of_Magnesium_and_Alloys,2020,gold,http_error,https://www.sciencedirect.com/science/article/pii/S221395672030013X/pdf [http_error 403],https://doaj.org/article/e6f9dc40015447c3aef44940c6662534 | https://doi.org/10.1016/j.jma.2019.12.004
10.1016/j.jma.2019.12.005,Journal_of_Magnesium_and_Alloys,2020,gold,http_error,https://www.sciencedirect.com/science/article/pii/S2213956720300487/pdf [http_error 403],https://doaj.org/article/1eed0fc1e6494455bf08800338d0097a | https://doi.org/10.1016/j.jma.2019.12.005
10.1016/j.jma.2021.09.013,Journal_of_Magnesium_and_Alloys,2021,gold,http_error,https://www.sciencedirect.com/science/article/pii/S2213956721002528/pdf [http_error 403],https://doi.org/10.1016/j.jma.2021.09.013
10.1016/j.jma.2021.09.020,Journal_of_Magnesium_and_Alloys,2021,gold,http_error,https://www.sciencedirect.com/science/article/pii/S2213956721002863/pdf [http_error 403] | https://digital.csic.es/bitstream/10261/287045/1/1-s2.0-S2213956721002863-main.pdf [http_error],http://hdl.handle.net/10261/287045 | https://doaj.org/article/ae6c719e3eab4fcfa2c190c67cc8ea2f | https://doi.org/10.1016/j.jma.2021.09.020
10.1016/j.jma.2021.10.006,Journal_of_Magnesium_and_Alloys,2021,gold,http_error,https://www.sciencedirect.com/science/article/pii/S2213956721002747/pdf [http_error 403],https://bib-pubdb1.desy.de/search?p=id:%22PUBDB-2022-03830%22 | https://doaj.org/article/610f0050763e46759a46015f6e82e6e0 | https://doi.org/10.1016/j.jma.2021.10.006
10.1016/j.jma.2021.11.016,Journal_of_Magnesium_and_Alloys,2021,gold,no_url,,https://doi.org/10.1016/j.jma.2021.11.016 | https://scholarbank.nus.edu.sg/handle/10635/235299
10.1016/j.jma.2021.11.018,Journal_of_Magnesium_and_Alloys,2021,gold,http_error,https://www.sciencedirect.com/science/article/pii/S2213956721003108/pdf [http_error 403],http://resolver.tudelft.nl/uuid:5f61f491-9db0-4f8a-b2ad-554045bbc6d8 | https://doaj.org/article/f1997940ff354bb3a46a822ea096670d | https://doi.org/10.1016/j.jma.2021.11.018
10.1016/j.jma.2021.11.020,Journal_of_Magnesium_and_Alloys,2021,gold,http_error,https://www.sciencedirect.com/science/article/pii/S221395672100308X/pdf [http_error 403],https://doaj.org/article/7529715b6c1f467498a626f4efc25150 | https://doi.org/10.1016/j.jma.2021.11.020
10.1016/j.jma.2021.11.023,Journal_of_Magnesium_and_Alloys,2021,gold,http_error,https://www.sciencedirect.com/science/article/pii/S2213956721003091/pdf [http_error 403],https://doaj.org/article/954c67f5ed8742f9b4a3fac7aa78f05e | https://doi.org/10.1016/j.jma.2021.11.023
10.1016/j.jma.2021.11.026,Journal_of_Magnesium_and_Alloys,2021,gold,http_error,https://www.sciencedirect.com/science/article/pii/S2213956721003170/pdf [http_error 403],https://doaj.org/article/60edc2c7967b4077a3e05e208af3f9b6 | https://doi.org/10.1016/j.jma.2021.11.026
10.1016/j.jma.2021.11.027,Journal_of_Magnesium_and_Alloys,2021,gold,http_error,https://www.sciencedirect.com/science/article/pii/S221395672100311X/pdf [http_error 403],https://doaj.org/article/a20e47975967448996f76e1190d5e55a | https://doi.org/10.1016/j.jma.2021.11.027
10.1016/j.jma.2021.11.028,Journal_of_Magnesium_and_Alloys,2021,gold,no_url,,https://doi.org/10.1016/j.jma.2021.11.028
10.1016/j.jma.2021.12.008,Journal_of_Magnesium_and_Alloys,2022,gold,no_url,,https://doaj.org/article/823bcdada03c499896ef15bf1ec58b50 | https://doi.org/10.1016/j.jma.2021.12.008
10.1016/j.jmst.2016.06.016,Journal_of_Materials_Science_&_Technology,2016,green,no_url,,http://www.sciencedirect.com/science/journal/10050302
10.1016/j.jma.2014.01.004,Journal_of_Magnesium_and_Alloys,2014,gold,http_error,https://www.sciencedirect.com/science/article/pii/S2213956714000139/pdf [http_error 403],https://doi.org/10.1016/j.jma.2014.01.004
10.1016/j.jma.2014.01.005,Journal_of_Magnesium_and_Alloys,2014,gold,http_error,https://www.sciencedirect.com/science/article/pii/S2213956714000140/pdf [http_error 403],https://doaj.org/article/3df1d83bf7a14ced927065f2f20563fb | https://doi.org/10.1016/j.jma.2014.01.005
10.1016/j.jma.2014.01.009,Journal_of_Magnesium_and_Alloys,2014,gold,http_error,https://www.sciencedirect.com/science/article/pii/S2213956714000188/pdf [http_error 403],https://doaj.org/article/e1e5f9b6ca8e4288935b8ba6817f14b5 | https://doi.org/10.1016/j.jma.2014.01.009
10.1016/j.jma.2014.01.010,Journal_of_Magnesium_and_Alloys,2014,gold,http_error,https://www.sciencedirect.com/science/article/pii/S2213956714000322/pdf [http_error 403],https://doaj.org/article/a397efc21d7a4b2cb5e6357a0b27f5ec | https://doi.org/10.1016/j.jma.2014.01.010
10.1016/j.jma.2014.02.001,Journal_of_Magnesium_and_Alloys,2014,gold,http_error,https://www.sciencedirect.com/science/article/pii/S221395671400019X/pdf [http_error 403],https://doaj.org/article/443939ff83124ec2af45546a6ef27146 | https://doi.org/10.1016/j.jma.2014.02.001
10.1016/j.jma.2014.02.002,Journal_of_Magnesium_and_Alloys,2014,gold,http_error,https://www.sciencedirect.com/science/article/pii/S2213956714000218/pdf [http_error 403],https://doaj.org/article/86b26849cbb14beb9adb23429a0d7e9b | https://doi.org/10.1016/j.jma.2014.02.002
10.1016/j.jma.2014.02.003,Journal_of_Magnesium_and_Alloys,2014,gold,http_error,https://www.sciencedirect.com/science/article/pii/S2213956714000231/pdf [http_error 403],https://doaj.org/article/df573335438649839f0e4159afe5f9ae | https://doi.org/10.1016/j.jma.2014.02.003
10.1016/j.jma.2014.09.001,Journal_of_Magnesium_and_Alloys,2014,gold,http_error,https://www.sciencedirect.com/science/article/pii/S2213956714000553/pdf [http_error 403],https://doaj.org/article/70f81e04aa264c2892d065ac10f64c67 | https://doi.org/10.1016/j.jma.2014.09.001
10.1016/j.jma.2014.09.005,Journal_of_Magnesium_and_Alloys,2014,gold,http_error,https://www.sciencedirect.com/science/article/pii/S2213956714000590/pdf [http_error 403],https://doaj.org/article/e6ef15ad3610467eaffce282af18a42c | https://doi.org/10.1016/j.jma.2014.09.005
10.1016/j.jma.2014.11.003,Journal_of_Magnesium_and_Alloys,2014,gold,http_error,https://www.sciencedirect.com/science/article/pii/S2213956714000693/pdf [http_error 403],https://doaj.org/article/107667c836bd42f1a0d6d29554d9a4d2 | https://doi.org/10.1016/j.jma.2014.11.003
10.1016/j.jma.2014.11.004,Journal_of_Magnesium_and_Alloys,2014,gold,no_url,,https://doaj.org/article/85d15f3e4668476ca895642a50629621 | https://doi.org/10.1016/j.jma.2014.11.004
10.1016/j.jma.2014.12.008,Journal_of_Magnesium_and_Alloys,2015,gold,no_url,,https://doaj.org/article/428287ff88884002bb3c8af6b74588d3 | https://doi.org/10.1016/j.jma.2014.12.008
10.1016/j.jma.2014.12.009,Journal_of_Magnesium_and_Alloys,2015,gold,http_error,https://www.sciencedirect.com/science/article/pii/S2213956715000134/pdf [http_error 403],https://doaj.org/article/dc8977ebd0e24a058c5343caa3a20eb1 | https://doi.org/10.1016/j.jma.2014.12.009
10.1016/j.jma.2014.12.010,Journal_of_Magnesium_and_Alloys,2015,gold,http_error,https://www.sciencedirect.com/science/article/pii/S2213956715000146/pdf [http_error 403],https://doi.org/10.1016/j.jma.2014.12.010
10.1016/j.jma.2015.01.001,Journal_of_Magnesium_and_Alloys,2015,gold,http_error,https://www.sciencedirect.com/science/article/pii/S2213956715000110/pdf [http_error 403],https://doaj.org/article/55939d5a2f10455cbb1564e54c04aedb | https://doi.org/10.1016/j.jma.2015.01.001
10.1016/j.jma.2015.03.002,Journal_of_Magnesium_and_Alloys,2015,gold,http_error,https://www.sciencedirect.com/science/article/pii/S2213956715000316/pdf [http_error 403],https://doaj.org/article/6ef866a6e8644753af1b428b4c69aa4a | https://doi.org/10.1016/j.jma.2015.03.002
10.1016/j.jma.2015.04.001,Journal_of_Magnesium_and_Alloys,2015,gold,http_error,https://www.sciencedirect.com/science/article/pii/S2213956715000298/pdf [http_error 403],https://doaj.org/article/f7499ff42f2a44a3bfefbb7d01ef1494 | https://doi.org/10.1016/j.jma.2015.04.001
10.1016/j.jma.2015.05.002,Journal_of_Magnesium_and_Alloys,2015,gold,http_error,https://www.sciencedirect.com/science/article/pii/S2213956715000377/pdf [http_error 403],https://doaj.org/article/2f739352ba7046e79f8a5807b9ceaf0f | https://doi.org/10.1016/j.jma.2015.05.002
10.1016/j.jma.2015.07.003,Journal_of_Magnesium_and_Alloys,2015,gold,http_error,https://www.sciencedirect.com/science/article/pii/S2213956715000559/pdf [http_error 403],https://doaj.org/article/9303488381a642ab8db5eefe4eb2b53f | https://doi.org/10.1016/j.jma.2015.07.003
10.1016/j.jma.2015.07.004,Journal_of_Magnesium_and_Alloys,2015,gold,http_error,https://www.sciencedirect.com/science/article/pii/S2213956715000560/pdf [http_error 403],https://doaj.org/article/9e8b5e342ada436faf6989a718bc16d7 | https://doi.org/10.1016/j.jma.2015.07.004
10.1016/j.jma.2015.08.001,Journal_of_Magnesium_and_Alloys,2015,gold,no_url,,https://doi.org/10.1016/j.jma.2015.08.001
10.1016/j.jma.2015.08.002,Journal_of_Magnesium_and_Alloys,2015,gold,http_error,https://www.sciencedirect.com/science/article/pii/S2213956715000584/pdf [http_error 403],https://doaj.org/article/a6e752d2a62f456999e3209f0ddb21be | https://doi.org/10.1016/j.jma.2015.08.002
10.1016/j.jma.2015.08.006,Journal_of_Magnesium_and_Alloys,2015,gold,http_error,https://www.sciencedirect.com/science/article/pii/S2213956715000626/pdf [http_error 403],https://doaj.org/article/4f9f344c65f74c14955fdf439de8ba31 | https://doi.org/10.1016/j.jma.2015.08.006
10.1016/j.jma.2015.08.007,Journal_of_Magnesium_and_Alloys,2015,gold,http_error,https://www.sciencedirect.com/science/article/pii/S2213956715000730/pdf [http_error 403],https://doaj.org/article/535472da173846298f117eed5b86044f | https://doi.org/10.1016/j.jma.2015.08.007
10.1016/j.jma.2015.10.001,Journal_of_Magnesium_and_Alloys,2015,gold,http_error,https://www.sciencedirect.com/science/article/pii/S2213956715000729/pdf [http_error 403],https://doaj.org/article/ed39cac221d346bb863ad6c37e142cd9 | https://doi.org/10.1016/j.jma.2015.10.001
10.1016/j.jma.2015.11.002,Journal_of_Magnesium_and_Alloys,2015,gold,http_error,https://www.sciencedirect.com/science/article/pii/S2213956715000766/pdf [http_error 403],https://doaj.org/article/ffb87312a39040e78fb6cb4127a0ca51 | https://doi.org/10.1016/j.jma.2015.11.002
10.1016/j.jma.2015.11.008,Journal_of_Magnesium_and_Alloys,2016,gold,http_error,https://www.sciencedirect.com/science/article/pii/S2213956715000894/pdf [http_error 403],https://doi.org/10.1016/j.jma.2015.11.008
10.1016/j.jma.2015.12.002,Journal_of_Magnesium_and_Alloys,2016,gold,http_error,https://www.sciencedirect.com/science/article/pii/S2213956715000936/pdf [http_error 403],https://doi.org/10.1016/j.jma.2015.12.002
10.1016/j.jma.2015.12.004,Journal_of_Magnesium_and_Alloys,2016,gold,http_error,https://www.sciencedirect.com/science/article/pii/S2213956716000025/pdf [http_error 403],https://doi.org/10.1016/j.jma.2015.12.004
10.1016/j.jma.2016.03.001,Journal_of_Magnesium_and_Alloys,2016,gold,http_error,https://www.sciencedirect.com/science/article/pii/S221395671630010X/pdf [http_error 403],https://doaj.org/article/503dfcd0bd464ffa9fdf89f5f6e9eeb1 | https://doi.org/10.1016/j.jma.2016.03.001
10.1016/j.jma.2016.04.002,Journal_of_Magnesium_and_Alloys,2016,gold,http_error,https://www.sciencedirect.com/science/article/pii/S2213956716300123/pdf [http_error 403],https://doaj.org/article/eee2491807224148b692020f3e34ce40 | https://doi.org/10.1016/j.jma.2016.04.002
10.1016/j.jma.2016.06.002,Journal_of_Magnesium_and_Alloys,2016,gold,http_error,https://www.sciencedirect.com/science/article/pii/S2213956716300299/pdf [http_error 403],https://doaj.org/article/2d9a85f707d9408dbd1d5aca2f57497d | https://doi.org/10.1016/j.jma.2016.06.002
10.1016/j.jma.2016.06.003,Journal_of_Magnesium_and_Alloys,2016,gold,http_error,https://www.sciencedirect.com/science/article/pii/S2213956716300305/pdf [http_error 403],https://doaj.org/article/04d48b994abf47209ddd881677ab7409 | https://doi.org/10.1016/j.jma.2016.06.003
10.1016/j.jma.2016.07.001,Journal_of_Magnesium_and_Alloys,2016,gold,http_error,https://www.sciencedirect.com/science/article/pii/S2213956716300317/pdf [http_error 403],https://doaj.org/article/92b23be1fa7c4b819f74fcbb23724d0d | https://doi.org/10.1016/j.jma.2016.07.001
10.1016/j.jma.2016.07.004,Journal_of_Magnesium_and_Alloys,2016,gold,http_error,https://www.sciencedirect.com/science/article/pii/S2213956716300342/pdf [http_error 403],https://doaj.org/article/6258b409592c41de87fd8d0490b39899 | https://doi.org/10.1016/j.jma.2016.07.004
10.1016/j.jma.2016.08.001,Journal_of_Magnesium_and_Alloys,2016,gold,http_error,https://www.sciencedirect.com/science/article/pii/S2213956716300354/pdf [http_error 403],https://doaj.org/article/e7e6725034d2423091d9546de1708daf | https://doi.org/10.1016/j.jma.2016.08.001
10.1016/j.jma.2016.09.002,Journal_of_Magnesium_and_Alloys,2016,gold,no_url,,https://doaj.org/article/7631558fad754b4a838d391782e94a70 | https://doi.org/10.1016/j.jma.2016.09.002
10.1016/j.jma.2016.09.003,Journal_of_Magnesium_and_Alloys,2016,gold,http_error,https://www.sciencedirect.com/science/article/pii/S2213956716300500/pdf [http_error 403],https://doaj.org/article/e8bdbe976fae4ff8b2f8b1792870f9d4 | https://doi.org/10.1016/j.jma.2016.09.003
10.1016/j.jma.2016.10.002,Journal_of_Magnesium_and_Alloys,2016,gold,http_error,https://www.sciencedirect.com/science/article/pii/S2213956716300524/pdf [http_error 403],http://americanae.aecid.es/americanae/es/registros/registro.do?tipoRegistro=MTD&idBib=3014479 | http://hdl.handle.net/11336/59375 | https://doaj.org/article/75988164d30545dc9a99a2a743200d75 | https://doi.org/10.1016/j.jma.2016.10.002
10.1016/j.jma.2016.10.003,Journal_of_Magnesium_and_Alloys,2016,gold,http_error,https://www.sciencedirect.com/science/article/pii/S2213956716300536/pdf [http_error 403],https://doi.org/10.1016/j.jma.2016.10.003
10.1016/j.bioactmat.2020.04.005,Bioactive_Materials,2020,gold,robots_disallowed,https://ars.els-cdn.com/content/image/1-s2.0-S2452199X20300578-fx1_lrg.jpg [robots_disallowed],https://doaj.org/article/1fdc374bfad540cbbc72f9943eae1bb0 | https://doi.org/10.1016/j.bioactmat.2020.04.005 | https://www.ncbi.nlm.nih.gov/pmc/articles/7163214
10.1016/j.bioactmat.2020.04.012,Bioactive_Materials,2020,gold,no_url,,https://doaj.org/article/469f623226c446a4bf6f083606df33bd | https://doi.org/10.1016/j.bioactmat.2020.04.012 | https://research-information.bris.ac.uk/files/235825050/1_s2.0_S2452199X20300724_main.pdf | https://www.ncbi.nlm.nih.gov/pmc/articles/7218015
10.1016/j.bioactmat.2020.04.014,Bioactive_Materials,2020,gold,http_error,https://www.sciencedirect.com/science/article/pii/S2452199X20300748/pdf [http_error 403] | https://pmc.ncbi.nlm.nih.gov/articles/PMC7195519/pdf/main.pdf [not_pdf] | https://europepmc.org/articles/PMC7195519/pdf/render [http_error 403],https://doaj.org/article/b8ba47971c1a4051834826b1aa8d2970 | https://doi.org/10.1016/j.bioactmat.2020.04.014 | https://www.ncbi.nlm.nih.gov/pmc/articles/7195519
10.1016/j.bioactmat.2020.04.016,Bioactive_Materials,2020,gold,http_error,https://www.sciencedirect.com/science/article/pii/S2452199X20300761/pdf [http_error 403],https://doaj.org/article/8c2d63b397e74218815212c3909f2a3d | https://doi.org/10.1016/j.bioactmat.2020.04.016 | https://www.ncbi.nlm.nih.gov/pmc/articles/7212186
10.1016/j.bioactmat.2020.05.008,Bioactive_Materials,2020,gold,http_error,https://www.sciencedirect.com/science/article/pii/S2452199X2030089X/pdf [http_error 403],https://doaj.org/article/60e08a5d1e4e44f4ab62305ad94b9471 | https://doi.org/10.1016/j.bioactmat.2020.05.008 | https://www.ncbi.nlm.nih.gov/pmc/articles/7317234
10.1016/j.bioactmat.2020.06.001,Bioactive_Materials,2020,gold,http_error,https://www.sciencedirect.com/science/article/pii/S2452199X2030092X/pdf [http_error 403],https://doaj.org/article/f676a649490940599c2db2211750792c | https://doi.org/10.1016/j.bioactmat.2020.06.001 | https://www.ncbi.nlm.nih.gov/pmc/articles/7317699
10.1016/j.bioactmat.2020.06.005,Bioactive_Materials,2020,gold,http_error,https://www.sciencedirect.com/science/article/pii/S2452199X20300979/pdf [http_error 403],https://doaj.org/article/8f0ac48a8b8648fcaf17a9cf06d82330 | https://doi.org/10.1016/j.bioactmat.2020.06.005 | https://www.ncbi.nlm.nih.gov/pmc/articles/7327760
10.1016/j.bioactmat.2020.06.009,Bioactive_Materials,2020,gold,http_error,https://www.sciencedirect.com/science/article/pii/S2452199X20301006/pdf [http_error 403],https://doaj.org/article/07c8ff5c13aa471884b1ac849139a4c0 | https://doi.org/10.1016/j.bioactmat.2020.06.009 | https://www.ncbi.nlm.nih.gov/pmc/articles/7332469
10.1016/j.bioactmat.2020.06.011,Bioactive_Materials,2020,gold,no_url,,https://doaj.org/article/d60bf782f9a543c69306e493808bc142 | https://doi.org/10.1016/j.bioactmat.2020.06.011 | https://www.ncbi.nlm.nih.gov/pmc/articles/7339002
10.1016/j.bioactmat.2020.06.018,Bioactive_Materials,2020,gold,http_error,https://www.sciencedirect.com/science/article/pii/S2452199X20301213/pdf [http_error 403],https://doaj.org/article/ec2ab2bb186344a196996b22ec886878 | https://doi.org/10.1016/j.bioactmat.2020.06.018 | https://www.ncbi.nlm.nih.gov/pmc/articles/7334395
10.1016/j.bioactmat.2020.06.022,Bioactive_Materials,2020,gold,no_url,,https://doaj.org/article/fcbda946cc0d4d878f7a6081f0a16378 | https://doi.org/10.1016/j.bioactmat.2020.06.022 | https://www.ncbi.nlm.nih.gov/pmc/articles/7451922
10.1016/j.bioactmat.2020.06.024,Bioactive_Materials,2020,gold,no_url,,https://doaj.org/article/26049d44ca8f4c31a2cae932ea53b1b9 | https://doi.org/10.1016/j.bioactmat.2020.06.024 | https://www.ncbi.nlm.nih.gov/pmc/articles/7451900
10.1016/j.bioactmat.2020.07.001,Bioactive_Materials,2020,gold,no_url,,https://doaj.org/article/5999434b44c140c8baf1d106c569fb02 | https://doi.org/10.1016/j.bioactmat.2020.07.001 | https://www.ncbi.nlm.nih.gov/pmc/articles/7363989
10.1016/j.bioactmat.2020.07.004,Bioactive_Materials,2020,gold,no_url,,https://doaj.org/article/578156c9c22e492cb52ffc1f07de5dcf | https://doi.org/10.1016/j.bioactmat.2020.07.004 | https://www.ncbi.nlm.nih.gov/pmc/articles/7417910
10.1016/j.bioactmat.2020.07.005,Bioactive_Materials,2020,gold,http_error,https://www.sciencedirect.com/science/article/pii/S2452199X20301328/pdf [http_error 403],https://doaj.org/article/822eae7c877f4fe29182ffed4de01ec0 | https://doi.org/10.1016/j.bioactmat.2020.07.005 | https://scholarbank.nus.edu.sg/handle/10635/198720 | https://www.ncbi.nlm.nih.gov/pmc/articles/7363987
10.1016/j.bioactmat.2020.07.012,Bioactive_Materials,2020,gold,no_url,,https://doaj.org/article/c388c572590649bda641fb283f2656fc | https://doi.org/10.1016/j.bioactmat.2020.07.012 | https://www.ncbi.nlm.nih.gov/pmc/articles/7419333
10.1016/j.bioactmat.2020.07.013,Bioactive_Materials,2020,gold,no_url,,https://doaj.org/article/6410dae091d744cbb17b7c88a6cdd6f6 | https://doi.org/10.1016/j.bioactmat.2020.07.013 | https://www.ncbi.nlm.nih.gov/pmc/articles/7415630
10.1016/j.bioactmat.2020.07.014,Bioactive_Materials,2020,gold,no_url,,https://doaj.org/article/7117d7a60ca24d9eabf54b9a01e11ea1 | https://doi.org/10.1016/j.bioactmat.2020.07.014 | https://www.ncbi.nlm.nih.gov/pmc/articles/7426541
10.1016/j.bioactmat.2020.07.019,Bioactive_Materials,2020,gold,no_url,,https://doaj.org/article/2fabe286496a4eb58345ef8a490bed30 | https://doi.org/10.1016/j.bioactmat.2020.07.019 | https://www.ncbi.nlm.nih.gov/pmc/articles/7426540
10.1016/j.bioactmat.2020.08.001,Bioactive_Materials,2020,gold,no_url,,https://doaj.org/article/3d066f8316df4026957120f5977dd860 | https://doi.org/10.1016/j.bioactmat.2020.08.001 | https://www.ncbi.nlm.nih.gov/pmc/articles/7452063
10.1016/j.bioactmat.2020.08.004,Bioactive_Materials,2020,gold,no_url,,https://doaj.org/article/0d0c4af4311047dd86860aa7810a9365 | https://doi.org/10.1016/j.bioactmat.2020.08.004 | https://www.ncbi.nlm.nih.gov/pmc/articles/7451920
10.1016/j.bioactmat.2020.08.010,Bioactive_Materials,2020,gold,no_url,,https://doaj.org/article/423bd91fb7244aab9da53d57f366beff | https://doi.org/10.1016/j.bioactmat.2020.08.010 | https://www.ncbi.nlm.nih.gov/pmc/articles/7451927
10.1016/j.bioactmat.2020.08.013,Bioactive_Materials,2020,gold,no_url,,https://doaj.org/article/fe572212c01e435b903d63633d736d27 | https://doi.org/10.1016/j.bioactmat.2020.08.013 | https://www.ncbi.nlm.nih.gov/pmc/articles/7501411
10.1016/j.bioactmat.2020.08.025,Bioactive_Materials,2020,gold,no_url,,https://doaj.org/article/a4e8e24891574ed59d4597ef28869d65 | https://doi.org/10.1016/j.bioactmat.2020.08.025 | https://hdl.handle.net/2031/f9d39eab-0421-4ccd-b290-e16d04943c70 | https://www.ncbi.nlm.nih.gov/pmc/articles/7492774
10.1016/j.bioactmat.2020.08.026,Bioactive_Materials,2020,gold,no_url,,https://doaj.org/article/5b2a2c23a8ed46af8649c1cf6e3c7f1a | https://doi.org/10.1016/j.bioactmat.2020.08.026 | https://pure.amsterdamumc.nl/en/publications/f5106db1-143b-4d8f-8cf4-2697fee35724 | https://research.vu.nl/en/publications/d3a94b02-201f-4a20-9daa-2dfe90e4f0eb | https://research.vumc.nl/en/publications/b3a804c6-2f12-41d7-94f8-775db30806d6 | https://www.ncbi.nlm.nih.gov/pmc/articles/7508914 | https://www.scopus.com/pages/publications/85091260624
10.1016/j.bioactmat.2020.08.037,Bioactive_Materials,2020,gold,no_url,,https://doaj.org/article/58149e3002f14d5c977cbccd45cf6d0e | https://doi.org/10.1016/j.bioactmat.2020.08.037 | https://www.ncbi.nlm.nih.gov/pmc/articles/7527997
10.1016/j.bioactmat.2020.09.001,Bioactive_Materials,2020,gold,no_url,,https://doaj.org/article/1b029d5c156947b7bb9eb29bc9f2e7ba | https://doi.org/10.1016/j.bioactmat.2020.09.001 | https://www.ncbi.nlm.nih.gov/pmc/articles/7493133
10.1016/j.bioactmat.2020.09.004,Bioactive_Materials,2020,gold,no_url,,https://doaj.org/article/3d15a1c553bf45f295e7e50fad28c5ec | https://doi.org/10.1016/j.bioactmat.2020.09.004 | https://www.ncbi.nlm.nih.gov/pmc/articles/7509181
10.1016/j.bioactmat.2020.09.012,Bioactive_Materials,2020,gold,no_url,,https://doaj.org/article/2c6226169a164864864f0436bd9c271c | https://doi.org/10.1016/j.bioactmat.2020.09.012 | https://www.ncbi.nlm.nih.gov/pmc/articles/7548431
10.1016/j.bioactmat.2020.09.018,Bioactive_Materials,2020,gold,http_error,https://www.sciencedirect.com/science/article/pii/S2452199X20302383/pdf [http_error 403],https://doaj.org/article/a896de6b44034227a95a83ece9139582 | https://doi.org/10.1016/j.bioactmat.2020.09.018 | https://www.ncbi.nlm.nih.gov/pmc/articles/7528055
10.1016/j.bioactmat.2020.09.019,Bioactive_Materials,2020,gold,no_url,,https://doaj.org/article/c73c7483015c4aefa5ca4a16908a7359 | https://doi.org/10.1016/j.bioactmat.2020.09.019 | https://www.ncbi.nlm.nih.gov/pmc/articles/7560602
10.1007/s40145-012-0006-0,Journal_of_Advanced_Ceramics,2012,gold,robots_disallowed,https://link.springer.com/content/pdf/10.1007/s40145-012-0006-0.pdf [robots_disallowed],https://doi.org/10.1007/s40145-012-0006-0
10.1007/s40145-012-0009-x,Journal_of_Advanced_Ceramics,2012,gold,robots_disallowed,https://link.springer.com/content/pdf/10.1007/s40145-012-0009-x.pdf [robots_disallowed],https://doi.org/10.1007/s40145-012-0009-x
10.1016/j.matchar.2014.12.012,Materials_Characterization,2014,green,no_url,,http://infoscience.epfl.ch/record/208558
10.1016/j.matchar.2015.06.017,Materials_Characterization,2015,green,no_url,,https://research.birmingham.ac.uk/en/publications/afd8c114-4f3a-4969-b959-51d1853fc15f
10.1016/j.matchar.2015.12.001,Materials_Characterization,2015,green,no_url,,http://eprints.nottingham.ac.uk/31972/ | https://nottingham-repository.worktribe.com/output/979017
10.1016/j.matchar.2016.02.004,Materials_Characterization,2016,green,no_url,,https://www.repository.cam.ac.uk/handle/1810/254150
10.1016/j.jmst.2020.04.073,Journal_of_Materials_Science_&_Technology,2020,bronze,no_url,,https://doi.org/10.1016/j.jmst.2020.04.073
10.1016/j.jmst.2020.07.012,Journal_of_Materials_Science_&_Technology,2020,bronze,no_url,,https://doi.org/10.1016/j.jmst.2020.07.012
10.1016/j.jma.2020.06.019,Journal_of_Magnesium_and_Alloys,2020,gold,http_error,https://www.sciencedirect.com/science/article/pii/S2213956720302012/pdf [http_error 403],https://doi.org/10.1016/j.jma.2020.06.019
10.1016/j.jma.2020.07.002,Journal_of_Magnesium_and_Alloys,2020,gold,http_error,https://www.sciencedirect.com/science/article/pii/S2213956720301067/pdf [http_error 403],https://doaj.org/article/36ad701519c74f18ae964e29693d1400 | https://doi.org/10.1016/j.jma.2020.07.002
10.1016/j.jma.2020.07.003,Journal_of_Magnesium_and_Alloys,2020,gold,http_error,https://www.sciencedirect.com/science/article/pii/S221395672030116X/pdf [http_error 403],https://doaj.org/article/a418d1ca86144b45addef7a692f87e53 | https://doi.org/10.1016/j.jma.2020.07.003
10.1016/j.jma.2020.07.007,Journal_of_Magnesium_and_Alloys,2020,gold,http_error,https://www.sciencedirect.com/science/article/pii/S2213956720301535/pdf [http_error 403],https://doaj.org/article/e8ce1f2da3b2484a9e121a9407884f6b | https://doi.org/10.1016/j.jma.2020.07.007
10.1016/j.jma.2020.07.008,Journal_of_Magnesium_and_Alloys,2020,gold,http_error,https://www.sciencedirect.com/science/article/pii/S2213956720301614/pdf [http_error 403],https://doaj.org/article/0b8a8f447fe6426bb2052596c114c995 | https://doi.org/10.1016/j.jma.2020.07.008
10.1016/j.jma.2020.07.009,Journal_of_Magnesium_and_Alloys,2020,gold,http_error,https://www.sciencedirect.com/science/article/pii/S2213956720302000/pdf [http_error 403],https://doaj.org/article/61ae75fe87be4881b9efc831eabc1b14 | https://doi.org/10.1016/j.jma.2020.07.009
10.1016/j.jma.2020.07.010,Journal_of_Magnesium_and_Alloys,2020,gold,no_url,,https://doaj.org/article/19db07926bd846ad9e5d00377ee58351 | https://doi.org/10.1016/j.jma.2020.07.010
10.1016/j.jma.2020.08.003,Journal_of_Magnesium_and_Alloys,2020,gold,http_error,https://www.sciencedirect.com/science/article/pii/S2213956720301377/pdf [http_error 403],https://doaj.org/article/cf5fc7d428f54074be973f8b9e24f675 | https://doi.org/10.1016/j.jma.2020.08.003
10.1016/j.jma.2020.08.010,Journal_of_Magnesium_and_Alloys,2020,gold,http_error,https://www.sciencedirect.com/science/article/pii/S2213956720301511/pdf [http_error 403],https://doaj.org/article/34dddb23081b479189c83de34d85f79b | https://doi.org/10.1016/j.jma.2020.08.010
10.1016/j.jma.2020.08.011,Journal_of_Magnesium_and_Alloys,2020,gold,http_error,https://www.sciencedirect.com/science/article/pii/S2213956720301523/pdf [http_error 403],https://doaj.org/article/99657bbf3f6e41598b41002de446cc3b | https://doi.org/10.1016/j.jma.2020.08.011
10.1016/j.jma.2020.08.012,Journal_of_Magnesium_and_Alloys,2020,gold,http_error,https://www.sciencedirect.com/science/article/pii/S2213956720301560/pdf [http_error 403],https://doaj.org/article/3b45c7fd78d44b07b2d03218e4e8eb28 | https://doi.org/10.1016/j.jma.2020.08.012
10.1016/j.jma.2020.08.015,Journal_of_Magnesium_and_Alloys,2020,gold,no_url,,https://doaj.org/article/b2f21a5901944e54a880ea9f90ae51eb | https://doi.org/10.1016/j.jma.2020.08.015
10.1016/j.jma.2020.08.017,Journal_of_Magnesium_and_Alloys,2020,gold,http_error,https://www.sciencedirect.com/science/article/pii/S2213956720301663/pdf [http_error 403],https://doaj.org/article/877a3650a11d4446a0dcddfa27a90fd0 | https://doi.org/10.1016/j.jma.2020.08.017
10.1016/j.jma.2020.08.019,Journal_of_Magnesium_and_Alloys,2020,gold,http_error,https://www.sciencedirect.com/science/article/pii/S2213956720302140/pdf [http_error 403],https://doaj.org/article/72c00d5fac924b77bea7f00f7412fdd1 | https://doi.org/10.1016/j.jma.2020.08.019
10.1016/j.jma.2020.09.005,Journal_of_Magnesium_and_Alloys,2020,gold,http_error,https://www.sciencedirect.com/science/article/pii/S2213956720301493/pdf [http_error 403],https://doaj.org/article/f797302d627149f6aa59f43a9ff3dfe2 | https://doi.org/10.1016/j.jma.2020.09.005
10.1016/j.jma.2020.09.009,Journal_of_Magnesium_and_Alloys,2020,gold,http_error,https://www.sciencedirect.com/science/article/pii/S2213956720301948/pdf [http_error 403],https://doaj.org/article/ab5e130285f04e92b2e10d71689d557c | https://doi.org/10.1016/j.jma.2020.09.009
10.1016/j.jma.2020.09.010,Journal_of_Magnesium_and_Alloys,2020,gold,no_url,,https://doi.org/10.1016/j.jma.2020.09.010
10.1016/j.jma.2020.09.012,Journal_of_Magnesium_and_Alloys,2020,gold,http_error,https://www.sciencedirect.com/science/article/pii/S2213956720301997/pdf [http_error 403],http://bura.brunel.ac.uk/handle/2438/21894 | https://bura.brunel.ac.uk/handle/2438/21894 | https://doaj.org/article/5f282b091e68472586badfbe592c0979 | https://doi.org/10.1016/j.jma.2020.09.012
10.1016/j.jma.2020.09.013,Journal_of_Magnesium_and_Alloys,2020,gold,http_error,https://www.sciencedirect.com/science/article/pii/S2213956720302036/pdf [http_error 403],https://doaj.org/article/cefcde8667214b25b0d1ce40a66c4807 | https://doi.org/10.1016/j.jma.2020.09.013
10.1016/j.jma.2020.09.016,Journal_of_Magnesium_and_Alloys,2020,gold,no_url,,https://doaj.org/article/7c5c13bec98d4c749cdce80d6c881fc2 | https://doi.org/10.1016/j.jma.2020.09.016
10.1016/j.jma.2020.09.018,Journal_of_Magnesium_and_Alloys,2020,gold,http_error,https://www.sciencedirect.com/science/article/pii/S221395672030219X?via%3Dihub [http_error 403],https://doaj.org/article/07e290b464044319a03da21387835b60 | https://doi.org/10.1016/j.jma.2020.09.018
10.1016/j.jma.2020.09.023,Journal_of_Magnesium_and_Alloys,2020,gold,http_error,https://www.sciencedirect.com/science/article/pii/S2213956720302541/pdf [http_error 403],https://doi.org/10.1016/j.jma.2020.09.023
10.1016/j.jma.2020.09.026,Journal_of_Magnesium_and_Alloys,2021,gold,no_url,,https://doi.org/10.1016/j.jma.2020.09.026
10.1016/j.jma.2020.09.027,Journal_of_Magnesium_and_Alloys,2021,gold,no_url,,https://doaj.org/article/867d6037f499493093c4d51a8bb0e8bd | https://doi.org/10.1016/j.jma.2020.09.027
10.1016/j.jma.2020.09.028,Journal_of_Magnesium_and_Alloys,2021,gold,http_error,https://www.sciencedirect.com/science/article/pii/S2213956721000372/pdf [http_error 403],https://doi.org/10.1016/j.jma.2020.09.028
10.1016/j.jma.2020.10.002,Journal_of_Magnesium_and_Alloys,2020,gold,http_error,https://www.sciencedirect.com/science/article/pii/S2213956720302176/pdf [http_error 403],https://doaj.org/article/b9c04ff07ff24df7959b6de88ab10a3f | https://doi.org/10.1016/j.jma.2020.10.002
10.1016/j.jma.2020.10.005,Journal_of_Magnesium_and_Alloys,2020,gold,http_error,https://www.sciencedirect.com/science/article/pii/S2213956720302504/pdf [http_error 403],https://doaj.org/article/9a57bf28ebf847f594bdbca4b258a1e4 | https://doi.org/10.1016/j.jma.2020.10.005
10.1016/j.jma.2020.11.002,Journal_of_Magnesium_and_Alloys,2021,gold,http_error,https://www.sciencedirect.com/science/article/pii/S2213956720302280/pdf [http_error 403],https://doaj.org/article/ec97117d1ecc4ef784a8484a607fcc02 | https://doi.org/10.1016/j.jma.2020.11.002
10.1016/j.jma.2020.11.007,Journal_of_Magnesium_and_Alloys,2020,gold,http_error,https://www.sciencedirect.com/science/article/pii/S2213956720302358/pdf [http_error 403],https://doaj.org/article/4e53355b882c4da3829665145c342451 | https://doi.org/10.1016/j.jma.2020.11.007
10.1016/j.jma.2020.11.009,Journal_of_Magnesium_and_Alloys,2020,gold,http_error,https://www.sciencedirect.com/science/article/pii/S2213956720302371/pdf [http_error 403],https://doaj.org/article/c755df8ffaee44a1a87449d0b6b49023 | https://doi.org/10.1016/j.jma.2020.11.009
10.1016/j.jma.2020.11.011,Journal_of_Magnesium_and_Alloys,2021,gold,http_error,https://www.sciencedirect.com/science/article/pii/S2213956720302401/pdf [http_error 403],https://doaj.org/article/5d61ee36fcad4372b5fc708538e654f5 | https://doi.org/10.1016/j.jma.2020.11.011
10.1016/j.jma.2020.11.012,Journal_of_Magnesium_and_Alloys,2021,gold,http_error,https://www.sciencedirect.com/science/article/pii/S2213956720302413/pdf [http_error 403],https://doaj.org/article/df9564f61e8d4c3b8ee0667d2b71e5c6 | https://doi.org/10.1016/j.jma.2020.11.012
10.1016/j.jma.2020.11.013,Journal_of_Magnesium_and_Alloys,2021,gold,http_error,https://www.sciencedirect.com/science/article/pii/S2213956720302425/pdf [http_error 403],https://doi.org/10.1016/j.jma.2020.11.013
10.1016/j.jma.2020.11.020,Journal_of_Magnesium_and_Alloys,2021,gold,http_error,https://www.sciencedirect.com/science/article/pii/S2213956721000128/pdf [http_error 403],https://doaj.org/article/de73dd229b3649c6aef4a5641dc69927 | https://doi.org/10.1016/j.jma.2020.11.020
10.1016/j.jma.2020.11.021,Journal_of_Magnesium_and_Alloys,2021,gold,http_error,https://www.sciencedirect.com/science/article/pii/S2213956721000359/pdf [http_error 403],https://doaj.org/article/5d91a10e4f32465ead64636af055b893 | https://doi.org/10.1016/j.jma.2020.11.021
10.1016/j.jma.2020.11.023,Journal_of_Magnesium_and_Alloys,2021,gold,http_error,https://www.sciencedirect.com/science/article/pii/S2213956721000402/pdf [http_error 403],https://doaj.org/article/7935346c699f461e9c0f6e1d132aa12c | https://doi.org/10.1016/j.jma.2020.11.023
10.1016/j.jma.2020.12.001,Journal_of_Magnesium_and_Alloys,2021,gold,http_error,https://www.sciencedirect.com/science/article/pii/S2213956720302310/pdf [http_error 403],https://doaj.org/article/f01fe970e3574935991e6856d1f666e3 | https://doi.org/10.1016/j.jma.2020.12.001
10.1016/j.jma.2020.12.002,Journal_of_Magnesium_and_Alloys,2021,gold,http_error,https://www.sciencedirect.com/science/article/pii/S2213956721000104/pdf [http_error 403],https://doaj.org/article/7cb6a13c263a4840b0dd16762b02b7bb | https://doi.org/10.1016/j.jma.2020.12.002
10.1016/j.jma.2020.12.004,Journal_of_Magnesium_and_Alloys,2021,gold,http_error,https://www.sciencedirect.com/science/article/pii/S2213956721000141/pdf [http_error 403],https://doaj.org/article/a1cf9d71577c4bbf8704465fdb8e910c | https://doi.org/10.1016/j.jma.2020.12.004
10.1016/j.jma.2020.12.005,Journal_of_Magnesium_and_Alloys,2021,gold,http_error,https://www.sciencedirect.com/science/article/pii/S2213956721000153/pdf [http_error 403],https://doaj.org/article/cfadfffbdd8d4c02ad6863390ba1fba1 | https://doi.org/10.1016/j.jma.2020.12.005
10.1016/j.jma.2020.12.006,Journal_of_Magnesium_and_Alloys,2021,gold,http_error,https://www.sciencedirect.com/science/article/pii/S2213956721000165/pdf [http_error 403],https://doaj.org/article/c80d4ffbeeeb463bb241b0cf66415521 | https://doi.org/10.1016/j.jma.2020.12.006
10.1016/j.jma.2020.12.009,Journal_of_Magnesium_and_Alloys,2021,gold,http_error,https://www.sciencedirect.com/science/article/pii/S2213956721000190/pdf [http_error 403],https://doaj.org/article/281ac06fb6b44247bcfe279cad942a48 | https://doi.org/10.1016/j.jma.2020.12.009
10.1016/j.jma.2020.12.013,Journal_of_Magnesium_and_Alloys,2021,gold,http_error,https://www.sciencedirect.com/science/article/pii/S2213956721000256/pdf [http_error 403],https://doi.org/10.1016/j.jma.2020.12.013
10.1016/j.jma.2020.12.015,Journal_of_Magnesium_and_Alloys,2021,gold,http_error,https://www.sciencedirect.com/science/article/pii/S2213956721000311/pdf [http_error 403],https://doaj.org/article/8f885eb2134f44438ef9d309eb77f863 | https://doi.org/10.1016/j.jma.2020.12.015
10.1016/j.jma.2020.12.016,Journal_of_Magnesium_and_Alloys,2021,gold,http_error,https://www.sciencedirect.com/science/article/pii/S2213956721000323/pdf [http_error 403],https://doi.org/10.1016/j.jma.2020.12.016
10.1016/j.jma.2020.12.017,Journal_of_Magnesium_and_Alloys,2021,gold,http_error,https://www.sciencedirect.com/science/article/pii/S2213956721000360/pdf [http_error 403],https://doaj.org/article/b3baa164f86442a3b667c6d24d66ba3a | https://doi.org/10.1016/j.jma.2020.12.017
10.1016/j.jmst.2021.02.034,Journal_of_Materials_Science_&_Technology,2021,bronze,http_error,https://www.sciencedirect.com/science/article/pii/S1005030221003078 [http_error 403],http://resolver.tudelft.nl/uuid:df10ab0c-6bf5-4d4b-9fa3-091e74280e05 | https://doi.org/10.1016/j.jmst.2021.02.034
10.1016/j.jmst.2021.11.049,Journal_of_Materials_Science_&_Technology,2022,bronze,no_url,,https://doi.org/10.1016/j.jmst.2021.11.049
10.1016/j.matchar.2011.01.002,Materials_Characterization,2011,green,no_url,,http://hdl.handle.net/11424/91708
10.1016/j.matchar.2013.12.012,Materials_Characterization,2014,hybrid,http_error,https://www.sciencedirect.com/science/article/pii/S1044580313003835/pdf [http_error 403],https://doi.org/10.1016/j.matchar.2013.12.012 | https://research.birmingham.ac.uk/en/publications/5eacaf73-b9d4-4471-a3e7-e01d969e326e
10.1016/j.jma.2020.12.018,Journal_of_Magnesium_and_Alloys,2021,gold,http_error,https://www.sciencedirect.com/science/article/pii/S2213956721000426/pdf [http_error 403],https://doaj.org/article/93f92ee748d946b282590ffadbba79d4 | https://doi.org/10.1016/j.jma.2020.12.018
10.1016/j.jma.2021.01.001,Journal_of_Magnesium_and_Alloys,2021,gold,no_url,,https://doaj.org/article/fe14af910a38406f94354a616267d9df | https://doi.org/10.1016/j.jma.2021.01.001
10.1016/j.jma.2021.01.002,Journal_of_Magnesium_and_Alloys,2021,gold,no_url,,https://doaj.org/article/90c06738474b4325b75df6f3937e14f3 | https://doi.org/10.1016/j.jma.2021.01.002
10.1016/j.jma.2021.01.006,Journal_of_Magnesium_and_Alloys,2021,gold,no_url,,https://doaj.org/article/6ebd7f05624b44c3948ba864e1b711c7 | https://doi.org/10.1016/j.jma.2021.01.006
10.1016/j.jma.2021.01.007,Journal_of_Magnesium_and_Alloys,2021,gold,http_error,https://www.sciencedirect.com/science/article/pii/S221395672100030X/pdf [http_error 403],https://doaj.org/article/a4d2a6f83e0c4374aa13d7bb4186f1c0 | https://doi.org/10.1016/j.jma.2021.01.007
10.1016/j.jma.2021.01.008,Journal_of_Magnesium_and_Alloys,2021,gold,http_error,https://www.sciencedirect.com/science/article/pii/S2213956721000335/pdf [http_error 403],https://doaj.org/article/7eb733fd39c246bfa39326ec316a8433 | https://doi.org/10.1016/j.jma.2021.01.008
10.1016/j.jma.2021.01.010,Journal_of_Magnesium_and_Alloys,2021,gold,no_url,,https://doaj.org/article/111cdbfdccce4eea8e69cbff15685aaf | https://doi.org/10.1016/j.jma.2021.01.010
10.1016/j.jma.2021.02.001,Journal_of_Magnesium_and_Alloys,2021,gold,http_error,https://www.sciencedirect.com/science/article/pii/S2213956721000463/pdf [http_error 403],https://doaj.org/article/04a35baf850144cdbdd0e1a58f868575 | https://doi.org/10.1016/j.jma.2021.02.001
10.1016/j.jma.2021.02.002,Journal_of_Magnesium_and_Alloys,2021,gold,http_error,https://www.sciencedirect.com/science/article/pii/S2213956721000475/pdf [http_error 403],https://doaj.org/article/9abd1c428f82411bb86180134bf5aaa3 | https://doi.org/10.1016/j.jma.2021.02.002
10.1016/j.jma.2021.03.005,Journal_of_Magnesium_and_Alloys,2021,gold,http_error,https://www.sciencedirect.com/science/article/pii/S2213956721000591/pdf [http_error 403],https://doaj.org/article/a64401986d1b43e0a2dcfa228ffd7975 | https://doi.org/10.1016/j.jma.2021.03.005
10.1016/j.jma.2021.03.006,Journal_of_Magnesium_and_Alloys,2021,gold,http_error,https://www.sciencedirect.com/science/article/pii/S2213956721000608/pdf [http_error 403],https://doaj.org/article/000e36b58ab74b0186b59187c489165d | https://doi.org/10.1016/j.jma.2021.03.006
10.1016/j.jma.2021.03.008,Journal_of_Magnesium_and_Alloys,2021,gold,http_error,https://www.sciencedirect.com/science/article/pii/S2213956721000621/pdf [http_error 403],https://doi.org/10.1016/j.jma.2021.03.008
10.1016/j.jma.2021.03.010,Journal_of_Magnesium_and_Alloys,2021,gold,http_error,https://www.sciencedirect.com/science/article/pii/S2213956721000712/pdf [http_error 403],http://hdl.handle.net/11577/3444756 | https://doaj.org/article/e31bf964e3d747ca870a5bc18b684c9b | https://doi.org/10.1016/j.jma.2021.03.010 | https://hdl.handle.net/11250/2789265 | https://hdl.handle.net/11577/3512284 | https://www.openaccessrepository.it/record/86035
10.1016/j.jma.2021.03.013,Journal_of_Magnesium_and_Alloys,2021,gold,http_error,https://www.sciencedirect.com/science/article/pii/S2213956721000748/pdf [http_error 403],https://doi.org/10.1016/j.jma.2021.03.013
10.1016/j.jma.2021.03.014,Journal_of_Magnesium_and_Alloys,2021,gold,http_error,https://www.sciencedirect.com/science/article/pii/S221395672100075X/pdf [http_error 403],https://doi.org/10.1016/j.jma.2021.03.014
10.1016/j.jma.2021.03.017,Journal_of_Magnesium_and_Alloys,2021,gold,http_error,https://www.sciencedirect.com/science/article/pii/S2213956721000785/pdf [http_error 403],https://doaj.org/article/bae3b303c2f24d51afac6b3610218eb2 | https://doi.org/10.1016/j.jma.2021.03.017
10.1016/j.jma.2021.03.021,Journal_of_Magnesium_and_Alloys,2021,gold,no_url,,https://doi.org/10.1016/j.jma.2021.03.021
10.1016/j.jma.2021.03.023,Journal_of_Magnesium_and_Alloys,2021,gold,http_error,https://www.sciencedirect.com/science/article/pii/S2213956721000840/pdf [http_error 403],https://doaj.org/article/258d3107580244f58c27cb348a5012e1 | https://doi.org/10.1016/j.jma.2021.03.023
10.1016/j.jma.2021.03.024,Journal_of_Magnesium_and_Alloys,2021,gold,http_error,https://www.sciencedirect.com/science/article/pii/S2213956721000852/pdf [http_error 403],https://doaj.org/article/1ead17b4e6b743c4b4fa0f2f246b040d | https://doi.org/10.1016/j.jma.2021.03.024
10.1016/j.jma.2021.03.027,Journal_of_Magnesium_and_Alloys,2021,gold,http_error,https://www.sciencedirect.com/science/article/pii/S2213956721000888/pdf [http_error 403],https://doaj.org/article/a2c9ef4d68f8483aabc35e99a3493b8f | https://doi.org/10.1016/j.jma.2021.03.027
10.1016/j.jma.2021.03.029,Journal_of_Magnesium_and_Alloys,2021,gold,robots_disallowed,https://www.sciencedirect.com/science/article/pii/S2213956721000906/pdf [http_error 403] | http://gcris.iyte.edu.tr/bitstreams/60b777e7-06ce-468d-9e44-808e44316adf/download [robots_disallowed],https://doaj.org/article/ada8d27d1dc54c3199a333e6a9fcf7a7 | https://doi.org/10.1016/j.jma.2021.03.029 | https://hdl.handle.net/11147/11207
10.1016/j.jma.2021.04.004,Journal_of_Magnesium_and_Alloys,2021,gold,http_error,https://www.sciencedirect.com/science/article/pii/S2213956721001079/pdf [http_error 403],https://doi.org/10.1016/j.jma.2021.04.004
10.1016/j.jma.2021.04.006,Journal_of_Magnesium_and_Alloys,2021,gold,http_error,https://www.sciencedirect.com/science/article/pii/S2213956721001092/pdf [http_error 403],https://doaj.org/article/4a6340c555594cc78438d2605ecbfb8a | https://doi.org/10.1016/j.jma.2021.04.006
10.1016/j.jma.2021.04.007,Journal_of_Magnesium_and_Alloys,2021,gold,http_error,https://www.sciencedirect.com/science/article/pii/S2213956721001109/pdf [http_error 403],https://doaj.org/article/7f370a57b5b142cbac94e1354d71e069 | https://doi.org/10.1016/j.jma.2021.04.007
10.1016/j.jma.2021.04.009,Journal_of_Magnesium_and_Alloys,2021,gold,http_error,https://www.sciencedirect.com/science/article/pii/S2213956721001122/pdf [http_error 403],https://doaj.org/article/d7fe39c32e6c47e281a0067b1cee5cdb | https://doi.org/10.1016/j.jma.2021.04.009
10.1016/j.jma.2021.04.013,Journal_of_Magnesium_and_Alloys,2021,gold,http_error,https://www.sciencedirect.com/science/article/pii/S2213956721001195/pdf [http_error 403],https://doi.org/10.1016/j.jma.2021.04.013
10.1016/j.jma.2021.04.015,Journal_of_Magnesium_and_Alloys,2021,gold,no_url,,https://doaj.org/article/353447add33149868af9b93c32896f1e | https://doi.org/10.1016/j.jma.2021.04.015
10.1016/j.jma.2021.04.016,Journal_of_Magnesium_and_Alloys,2021,gold,http_error,https://www.sciencedirect.com/science/article/pii/S2213956721001237/pdf [http_error 403],https://doaj.org/article/67e3bd6c78354876828f414b1224d309 | https://doi.org/10.1016/j.jma.2021.04.016 | https://research.monash.edu/en/publications/676ad4da-aeaa-45c4-b5fb-6c192b333e3d
10.1016/j.jma.2021.05.001,Journal_of_Magnesium_and_Alloys,2021,gold,no_url,,https://doaj.org/article/c91cc5e9fe0a4d668c6dd7e8ad33a284 | https://doi.org/10.1016/j.jma.2021.05.001
10.1016/j.jma.2021.05.004,Journal_of_Magnesium_and_Alloys,2021,gold,no_url,,https://doi.org/10.1016/j.jma.2021.05.004
10.1016/j.jma.2021.05.008,Journal_of_Magnesium_and_Alloys,2021,gold,http_error,https://www.sciencedirect.com/science/article/pii/S2213956721001274/pdf [http_error 403],https://doaj.org/article/68ea07b9354c42dea05b2115a7c48f09 | https://doi.org/10.1016/j.jma.2021.05.008
10.1016/j.jma.2021.05.011,Journal_of_Magnesium_and_Alloys,2021,gold,http_error,https://www.sciencedirect.com/science/article/pii/S2213956721001304/pdf [http_error 403],https://doi.org/10.1016/j.jma.2021.05.011 | https://figshare.com/articles/journal_contribution/Mechanical_and_corrosion_properties_of_graphene_nanoplatelet_reinforced_Mg_Zr_and_Mg_Zr_Zn_matrix_nanocomposites_for_biomedical_applications/27549327
10.1016/j.jma.2021.05.013,Journal_of_Magnesium_and_Alloys,2021,gold,http_error,https://www.sciencedirect.com/science/article/pii/S2213956721001328/pdf [http_error 403],https://doi.org/10.1016/j.jma.2021.05.013
10.1016/j.jma.2021.05.018,Journal_of_Magnesium_and_Alloys,2021,gold,http_error,https://www.sciencedirect.com/science/article/pii/S2213956721001523/pdf [http_error 403],https://doaj.org/article/0973fbea75934180938271379123b8b7 | https://doi.org/10.1016/j.jma.2021.05.018
10.1016/j.jma.2021.05.019,Journal_of_Magnesium_and_Alloys,2021,gold,http_error,https://www.sciencedirect.com/science/article/pii/S2213956721001626/pdf [http_error 403],https://doaj.org/article/f2b320a1accb4d449e2a4d664539c0dd | https://doi.org/10.1016/j.jma.2021.05.019
10.1016/j.jma.2021.05.021,Journal_of_Magnesium_and_Alloys,2021,gold,http_error,https://www.sciencedirect.com/science/article/pii/S2213956721001729/pdf [http_error 403],https://doi.org/10.1016/j.jma.2021.05.021
10.1016/j.jma.2021.06.003,Journal_of_Magnesium_and_Alloys,2021,gold,http_error,https://www.sciencedirect.com/science/article/pii/S2213956721001432/pdf [http_error 403],https://doaj.org/article/9858f86faf184e83b978b72a287f5cb9 | https://doi.org/10.1016/j.jma.2021.06.003
10.1016/j.jma.2021.06.005,Journal_of_Magnesium_and_Alloys,2021,gold,no_url,,https://doaj.org/article/7165463215a24ad98b925fd9f2d6020e | https://doi.org/10.1016/j.jma.2021.06.005 | https://scholarworks.unist.ac.kr/handle/201301/62062
10.1016/j.jma.2021.06.008,Journal_of_Magnesium_and_Alloys,2021,gold,no_url,,https://doaj.org/article/aa9caee989684b21ad6083bc2d7c1698 | https://doi.org/10.1016/j.jma.2021.06.008
10.1016/j.jma.2021.06.012,Journal_of_Magnesium_and_Alloys,2021,gold,http_error,https://www.sciencedirect.com/science/article/pii/S2213956721001560/pdf [http_error 403],https://doaj.org/article/730bdfbb78004ef8a5fc8af68d557d70 | https://doi.org/10.1016/j.jma.2021.06.012
10.1016/j.jma.2021.06.013,Journal_of_Magnesium_and_Alloys,2021,gold,http_error,https://www.sciencedirect.com/science/article/pii/S2213956721001572/pdf [http_error 403],https://doaj.org/article/f7f04163ea2248129a0347b25e0cf484 | https://doi.org/10.1016/j.jma.2021.06.013
10.1016/j.jma.2021.06.015,Journal_of_Magnesium_and_Alloys,2021,gold,http_error,https://www.sciencedirect.com/science/article/pii/S2213956721001596/pdf [http_error 403],https://doaj.org/article/23992e52370247e589c380fcda555d73 | https://doi.org/10.1016/j.jma.2021.06.015
10.1016/j.jma.2021.06.017,Journal_of_Magnesium_and_Alloys,2021,gold,http_error,https://www.sciencedirect.com/science/article/pii/S2213956721001614/pdf [http_error 403],https://doaj.org/article/9569cb5f4af541269ed01306844070bf | https://doi.org/10.1016/j.jma.2021.06.017
10.1016/j.jma.2021.06.022,Journal_of_Magnesium_and_Alloys,2021,gold,http_error,https://www.sciencedirect.com/science/article/pii/S2213956721001675/pdf [http_error 403],https://doi.org/10.1016/j.jma.2021.06.022 | https://doi.org/10.1016/j.jma.2021.06.022. | https://hdl.handle.net/10115/27727
10.1016/j.jma.2021.06.023,Journal_of_Magnesium_and_Alloys,2021,gold,http_error,https://www.sciencedirect.com/science/article/pii/S2213956721001687/pdf [http_error 403],https://doaj.org/article/a117a6ad816947b884bd5c1a59d6c63a | https://doi.org/10.1016/j.jma.2021.06.023
10.1016/j.jma.2021.07.001,Journal_of_Magnesium_and_Alloys,2021,gold,http_error,https://www.sciencedirect.com/science/article/pii/S2213956721001742/pdf [http_error 403],https://doi.org/10.1016/j.jma.2021.07.001
10.1016/j.jma.2021.07.029,Journal_of_Magnesium_and_Alloys,2021,gold,http_error,https://www.sciencedirect.com/science/article/pii/S2213956721002097/pdf [http_error 403],https://doaj.org/article/0d077eadfa3f436197281258ba35b24f | https://doi.org/10.1016/j.jma.2021.07.029
10.1016/j.jma.2021.08.013,Journal_of_Magnesium_and_Alloys,2021,gold,no_url,,https://doaj.org/article/d3db828b592d4c6a8c69cc3027050c2c | https://doi.org/10.1016/j.jma.2021.08.013
10.1016/j.jma.2021.08.020,Journal_of_Magnesium_and_Alloys,2021,gold,http_error,https://www.sciencedirect.com/science/article/pii/S2213956721002371/pdf [http_error 403],https://doi.org/10.1016/j.jma.2021.08.020
10.1016/j.jma.2021.08.022,Journal_of_Magnesium_and_Alloys,2021,gold,http_error,https://www.sciencedirect.com/science/article/pii/S2213956721002395/pdf [http_error 403],https://doaj.org/article/3ff282bf58bd4a46bf030b5643088e19 | https://doi.org/10.1016/j.jma.2021.08.022 | https://hdl.handle.net/2292/57398
10.1016/j.jma.2021.08.028,Journal_of_Magnesium_and_Alloys,2021,gold,http_error,https://www.sciencedirect.com/science/article/pii/S2213956721002498/pdf [http_error 403],https://doi.org/10.1016/j.jma.2021.08.028
10.1007/s40145-021-0518-6,Journal_of_Advanced_Ceramics,2021,gold,robots_disallowed,https://link.springer.com/content/pdf/10.1007/s40145-021-0518-6.pdf [robots_disallowed],https://doi.org/10.1007/s40145-021-0518-6
10.1007/s40145-021-0519-5,Journal_of_Advanced_Ceramics,2021,gold,robots_disallowed,https://link.springer.com/content/pdf/10.1007/s40145-021-0519-5.pdf [robots_disallowed],https://doi.org/10.1007/s40145-021-0519-5
10.1007/s40145-021-0520-z,Journal_of_Advanced_Ceramics,2021,gold,robots_disallowed,https://link.springer.com/content/pdf/10.1007/s40145-021-0520-z.pdf [robots_disallowed],https://doaj.org/article/2a106f602e174c1fab32695841f991d2 | https://doi.org/10.1007/s40145-021-0520-z
10.1007/s40145-021-0521-y,Journal_of_Advanced_Ceramics,2021,gold,robots_disallowed,https://link.springer.com/content/pdf/10.1007/s40145-021-0521-y.pdf [robots_disallowed],https://doi.org/10.1007/s40145-021-0521-y
10.1007/s40145-021-0522-x,Journal_of_Advanced_Ceramics,2021,gold,robots_disallowed,https://link.springer.com/content/pdf/10.1007/s40145-021-0522-x.pdf [robots_disallowed],https://doaj.org/article/034c61f4047a46608abf229c199103e6 | https://doi.org/10.1007/s40145-021-0522-x
10.1007/s40145-021-0524-8,Journal_of_Advanced_Ceramics,2021,gold,robots_disallowed,https://link.springer.com/content/pdf/10.1007/s40145-021-0524-8.pdf [robots_disallowed],http://www.scopus.com/inward/record.url?scp=85118638724&partnerID=8YFLogxK | https://doi.org/10.1007/s40145-021-0524-8
10.1007/s40145-021-0526-6,Journal_of_Advanced_Ceramics,2021,gold,robots_disallowed,https://link.springer.com/content/pdf/10.1007/s40145-021-0526-6.pdf [robots_disallowed],https://doaj.org/article/1ca68a9e99a946fc8b775c821d856427 | https://doi.org/10.1007/s40145-021-0526-6
10.1007/s40145-021-0532-8,Journal_of_Advanced_Ceramics,2022,gold,robots_disallowed,https://link.springer.com/content/pdf/10.1007/s40145-021-0532-8.pdf [robots_disallowed],https://doaj.org/article/7241dc2c8c3948979ebfd4e26ceee808 | https://doi.org/10.1007/s40145-021-0532-8
10.1007/s40145-021-0534-6,Journal_of_Advanced_Ceramics,2022,gold,robots_disallowed,https://link.springer.com/content/pdf/10.1007/s40145-021-0534-6.pdf [robots_disallowed],https://doaj.org/article/7ac0ffed69064ef8a58aa947442734a7 | https://doi.org/10.1007/s40145-021-0534-6
10.1007/s40145-021-0536-4,Journal_of_Advanced_Ceramics,2022,gold,robots_disallowed,https://link.springer.com/content/pdf/10.1007/s40145-021-0536-4.pdf [robots_disallowed],https://doaj.org/article/a1de4f4d2fbb4beb8c857bae261e85b9 | https://doi.org/10.1007/s40145-021-0536-4
10.1007/s40145-021-0537-3,Journal_of_Advanced_Ceramics,2022,gold,robots_disallowed,https://link.springer.com/content/pdf/10.1007/s40145-021-0537-3.pdf [robots_disallowed],https://doaj.org/article/c1f7989962b7455c98603d20922f1df0 | https://doi.org/10.1007/s40145-021-0537-3
10.1007/s40145-021-0538-2,Journal_of_Advanced_Ceramics,2022,gold,robots_disallowed,https://link.springer.com/content/pdf/10.1007/s40145-021-0538-2.pdf [robots_disallowed],https://doaj.org/article/dd21d82a333d446bae7d6bb7c63ec1f8 | https://doi.org/10.1007/s40145-021-0538-2
10.1007/s40145-021-0539-1,Journal_of_Advanced_Ceramics,2022,gold,robots_disallowed,https://link.springer.com/content/pdf/10.1007/s40145-021-0539-1.pdf [robots_disallowed],https://doaj.org/article/bc4181ae32084ad4a51fa78b06c9205b | https://doi.org/10.1007/s40145-021-0539-1
10.1007/s40145-021-0540-8,Journal_of_Advanced_Ceramics,2022,gold,robots_disallowed,https://link.springer.com/content/pdf/10.1007/s40145-021-0540-8.pdf [robots_disallowed],https://doaj.org/article/0d54a8f8b8c447669911b12a20402565 | https://doi.org/10.1007/s40145-021-0540-8
10.1007/s40145-021-0543-5,Journal_of_Advanced_Ceramics,2022,gold,robots_disallowed,https://link.springer.com/content/pdf/10.1007/s40145-021-0543-5.pdf [robots_disallowed],https://doi.org/10.1007/s40145-021-0543-5
10.1007/s40145-021-0544-4,Journal_of_Advanced_Ceramics,2022,gold,robots_disallowed,https://link.springer.com/content/pdf/10.1007/s40145-021-0544-4.pdf [robots_disallowed],https://doaj.org/article/396c41010f29454cb88bf08967990bc5 | https://doi.org/10.1007/s40145-021-0544-4
10.1007/s40145-021-0546-2,Journal_of_Advanced_Ceramics,2022,gold,robots_disallowed,https://link.springer.com/content/pdf/10.1007/s40145-021-0546-2.pdf [robots_disallowed],https://doi.org/10.1007/s40145-021-0546-2
10.1007/s40145-021-0547-1,Journal_of_Advanced_Ceramics,2022,gold,robots_disallowed,https://link.springer.com/content/pdf/10.1007/s40145-021-0547-1.pdf [robots_disallowed],http://TechnoRep.tmf.bg.ac.rs/handle/123456789/4993 | http://rimsi.imsi.bg.ac.rs/handle/123456789/1545 | https://doi.org/10.1007/s40145-021-0547-1
10.1007/s40145-021-0551-5,Journal_of_Advanced_Ceramics,2022,gold,robots_disallowed,https://link.springer.com/content/pdf/10.1007/s40145-021-0551-5.pdf [robots_disallowed],http://hdl.handle.net/10829/24837 | https://doi.org/10.1007/s40145-021-0551-5
10.1007/s40145-021-0552-4,Journal_of_Advanced_Ceramics,2022,gold,robots_disallowed,https://link.springer.com/content/pdf/10.1007/s40145-021-0552-4.pdf [robots_disallowed],https://doi.org/10.1007/s40145-021-0552-4
10.1007/s40145-021-0553-3,Journal_of_Advanced_Ceramics,2022,gold,robots_disallowed,https://link.springer.com/content/pdf/10.1007/s40145-021-0553-3.pdf [robots_disallowed],https://doaj.org/article/d7c79ce782e1447287fb64567f35022a | https://doi.org/10.1007/s40145-021-0553-3
10.1007/s40145-021-0555-1,Journal_of_Advanced_Ceramics,2022,gold,robots_disallowed,https://link.springer.com/content/pdf/10.1007/s40145-021-0555-1.pdf [robots_disallowed],https://doaj.org/article/f36180020c0c43f8bf7438a3be998cba | https://doi.org/10.1007/s40145-021-0555-1
10.1007/s40145-021-0557-z,Journal_of_Advanced_Ceramics,2022,gold,robots_disallowed,https://link.springer.com/content/pdf/10.1007/s40145-021-0557-z.pdf [robots_disallowed],https://doi.org/10.1007/s40145-021-0557-z
10.1007/s40145-021-0558-y,Journal_of_Advanced_Ceramics,2022,gold,robots_disallowed,https://link.springer.com/content/pdf/10.1007/s40145-021-0558-y.pdf [robots_disallowed],https://doaj.org/article/a77f648d04394237a14614309e55b106 | https://doi.org/10.1007/s40145-021-0558-y
10.1007/s40145-021-0559-x,Journal_of_Advanced_Ceramics,2022,gold,robots_disallowed,https://link.springer.com/content/pdf/10.1007/s40145-021-0559-x.pdf [robots_disallowed],https://doaj.org/article/3bbe9ad14030413186e115f9c36201d7 | https://doi.org/10.1007/s40145-021-0559-x
10.1007/s40145-021-0560-4,Journal_of_Advanced_Ceramics,2022,gold,robots_disallowed,https://link.springer.com/content/pdf/10.1007/s40145-021-0560-4.pdf [robots_disallowed],https://doi.org/10.1007/s40145-021-0560-4
10.1007/s40145-021-0563-1,Journal_of_Advanced_Ceramics,2022,gold,robots_disallowed,https://link.springer.com/content/pdf/10.1007/s40145-021-0563-1.pdf [robots_disallowed],https://doi.org/10.1007/s40145-021-0563-1
10.1007/s40145-021-0564-0,Journal_of_Advanced_Ceramics,2022,gold,robots_disallowed,https://link.springer.com/content/pdf/10.1007/s40145-021-0564-0.pdf [robots_disallowed],https://doi.org/10.1007/s40145-021-0564-0
10.1016/j.jma.2013.02.005,Journal_of_Magnesium_and_Alloys,2013,gold,http_error,https://www.sciencedirect.com/science/article/pii/S2213956713000066/pdf [http_error 403],https://doi.org/10.1016/j.jma.2013.02.005
10.1016/j.jma.2013.02.006,Journal_of_Magnesium_and_Alloys,2013,gold,http_error,https://www.sciencedirect.com/science/article/pii/S2213956713000078/pdf [http_error 403],https://doi.org/10.1016/j.jma.2013.02.006
10.1016/j.jma.2013.02.011,Journal_of_Magnesium_and_Alloys,2013,gold,http_error,https://www.sciencedirect.com/science/article/pii/S2213956713000121/pdf [http_error 403],https://doi.org/10.1016/j.jma.2013.02.011
10.1016/j.jma.2013.06.001,Journal_of_Magnesium_and_Alloys,2013,gold,http_error,https://www.sciencedirect.com/science/article/pii/S2213956713000212/pdf [http_error 403],https://doi.org/10.1016/j.jma.2013.06.001
10.1016/j.jma.2013.07.006,Journal_of_Magnesium_and_Alloys,2013,gold,http_error,https://www.sciencedirect.com/science/article/pii/S2213956713000285/pdf [http_error 403],https://doi.org/10.1016/j.jma.2013.07.006 | https://figshare.com/articles/journal_contribution/The_role_of_Al2Y_in_grain_refinement_in_Mg-Al-Y_alloy_system/27468483
10.1016/j.jma.2013.09.004,Journal_of_Magnesium_and_Alloys,2013,gold,http_error,https://www.sciencedirect.com/science/article/pii/S221395671300042X/pdf [http_error 403],https://doi.org/10.1016/j.jma.2013.09.004
10.1016/j.jma.2013.11.001,Journal_of_Magnesium_and_Alloys,2013,gold,no_url,,https://doi.org/10.1016/j.jma.2013.11.001
10.1016/j.jma.2013.11.004,Journal_of_Magnesium_and_Alloys,2013,gold,http_error,https://www.sciencedirect.com/science/article/pii/S2213956713000509/pdf [http_error 403],https://doi.org/10.1016/j.jma.2013.11.004
10.1016/j.jma.2013.11.005,Journal_of_Magnesium_and_Alloys,2013,gold,http_error,https://www.sciencedirect.com/science/article/pii/S2213956713000510/pdf [http_error 403],https://doi.org/10.1016/j.jma.2013.11.005
10.1016/j.jma.2013.11.007,Journal_of_Magnesium_and_Alloys,2013,gold,http_error,https://www.sciencedirect.com/science/article/pii/S2213956713000601/pdf [http_error 403],https://doi.org/10.1016/j.jma.2013.11.007
10.1016/j.jma.2013.12.002,Journal_of_Magnesium_and_Alloys,2013,gold,http_error,https://www.sciencedirect.com/science/article/pii/S2213956713000625/pdf [http_error 403],https://doi.org/10.1016/j.jma.2013.12.002
10.1016/j.jma.2013.12.003,Journal_of_Magnesium_and_Alloys,2013,gold,http_error,https://www.sciencedirect.com/science/article/pii/S2213956713000637/pdf [http_error 403],https://doi.org/10.1016/j.jma.2013.12.003
10.1007/s40145-020-0442-1,Journal_of_Advanced_Ceramics,2021,gold,robots_disallowed,https://link.springer.com/content/pdf/10.1007/s40145-020-0442-1.pdf [robots_disallowed],https://doaj.org/article/bf273af33f5242b79786e424605dea2e | https://doi.org/10.1007/s40145-020-0442-1
10.1007/s40145-020-0445-y,Journal_of_Advanced_Ceramics,2021,gold,robots_disallowed,https://link.springer.com/content/pdf/10.1007/s40145-020-0445-y.pdf [robots_disallowed],https://doi.org/10.1007/s40145-020-0445-y
10.1007/s40145-020-0446-x,Journal_of_Advanced_Ceramics,2021,gold,robots_disallowed,https://link.springer.com/content/pdf/10.1007/s40145-020-0446-x.pdf [robots_disallowed],https://doi.org/10.1007/s40145-020-0446-x
10.1007/s40145-020-0447-9,Journal_of_Advanced_Ceramics,2021,gold,robots_disallowed,https://link.springer.com/content/pdf/10.1007/s40145-020-0447-9.pdf [robots_disallowed],https://doi.org/10.1007/s40145-020-0447-9
10.1007/s40145-020-0448-8,Journal_of_Advanced_Ceramics,2021,gold,robots_disallowed,https://link.springer.com/content/pdf/10.1007/s40145-020-0448-8.pdf [robots_disallowed],https://doi.org/10.1007/s40145-020-0448-8
10.1007/s40145-020-0449-7,Journal_of_Advanced_Ceramics,2021,gold,robots_disallowed,https://link.springer.com/content/pdf/10.1007/s40145-020-0449-7.pdf [robots_disallowed],https://doi.org/10.1007/s40145-020-0449-7
10.1007/s40145-020-0450-1,Journal_of_Advanced_Ceramics,2021,gold,robots_disallowed,https://link.springer.com/content/pdf/10.1007/s40145-020-0450-1.pdf [robots_disallowed],https://doi.org/10.1007/s40145-020-0450-1
10.1007/s40145-020-0452-z,Journal_of_Advanced_Ceramics,2021,gold,robots_disallowed,https://link.springer.com/content/pdf/10.1007/s40145-020-0452-z.pdf [robots_disallowed],https://doaj.org/article/f444e6d4de314b9fb2133043d28d3440 | https://doi.org/10.1007/s40145-020-0452-z
10.1007/s40145-020-0453-y,Journal_of_Advanced_Ceramics,2021,gold,robots_disallowed,https://link.springer.com/content/pdf/10.1007/s40145-020-0453-y.pdf [robots_disallowed],https://doi.org/10.1007/s40145-020-0453-y
10.1007/s40145-020-0454-x,Journal_of_Advanced_Ceramics,2021,gold,robots_disallowed,https://link.springer.com/content/pdf/10.1007/s40145-020-0454-x.pdf [robots_disallowed],https://doaj.org/article/ab0ea6da5d1b492fb158304568ac4595 | https://doi.org/10.1007/s40145-020-0454-x
10.1007/s40145-020-0455-9,Journal_of_Advanced_Ceramics,2021,gold,robots_disallowed,https://link.springer.com/content/pdf/10.1007/s40145-020-0455-9.pdf [robots_disallowed],https://doi.org/10.1007/s40145-020-0455-9
10.1007/s40145-021-0457-2,Journal_of_Advanced_Ceramics,2021,gold,robots_disallowed,https://link.springer.com/content/pdf/10.1007/s40145-021-0457-2.pdf [robots_disallowed],https://doi.org/10.1007/s40145-021-0457-2
10.1007/s40145-021-0459-0,Journal_of_Advanced_Ceramics,2021,gold,robots_disallowed,https://link.springer.com/content/pdf/10.1007/s40145-021-0459-0.pdf [robots_disallowed],https://doaj.org/article/22bc4aa1adc2472f81b2ab2680655d15 | https://doi.org/10.1007/s40145-021-0459-0
10.1007/s40145-021-0460-7,Journal_of_Advanced_Ceramics,2021,gold,robots_disallowed,https://link.springer.com/content/pdf/10.1007/s40145-021-0460-7.pdf [robots_disallowed],https://doi.org/10.1007/s40145-021-0460-7
10.1007/s40145-021-0461-6,Journal_of_Advanced_Ceramics,2021,gold,robots_disallowed,https://link.springer.com/content/pdf/10.1007/s40145-021-0461-6.pdf [robots_disallowed],https://doi.org/10.1007/s40145-021-0461-6
10.1007/s40145-021-0462-5,Journal_of_Advanced_Ceramics,2021,gold,robots_disallowed,https://link.springer.com/content/pdf/10.1007/s40145-021-0462-5.pdf [robots_disallowed],https://doi.org/10.1007/s40145-021-0462-5
10.1007/s40145-021-0463-4,Journal_of_Advanced_Ceramics,2021,gold,robots_disallowed,https://link.springer.com/content/pdf/10.1007/s40145-021-0463-4.pdf [robots_disallowed],https://doi.org/10.1007/s40145-021-0463-4
10.1007/s40145-021-0464-3,Journal_of_Advanced_Ceramics,2021,gold,robots_disallowed,https://link.springer.com/content/pdf/10.1007/s40145-021-0464-3.pdf [robots_disallowed],https://doi.org/10.1007/s40145-021-0464-3
10.1007/s40145-021-0465-2,Journal_of_Advanced_Ceramics,2021,gold,robots_disallowed,https://link.springer.com/content/pdf/10.1007/s40145-021-0465-2.pdf [robots_disallowed],https://doi.org/10.1007/s40145-021-0465-2
10.1007/s40145-021-0466-1,Journal_of_Advanced_Ceramics,2021,gold,robots_disallowed,https://link.springer.com/content/pdf/10.1007/s40145-021-0466-1.pdf [robots_disallowed],https://doi.org/10.1007/s40145-021-0466-1
10.1007/s40145-021-0467-0,Journal_of_Advanced_Ceramics,2021,gold,robots_disallowed,https://link.springer.com/content/pdf/10.1007/s40145-021-0467-0.pdf [robots_disallowed],https://doi.org/10.1007/s40145-021-0467-0
10.1007/s40145-021-0469-y,Journal_of_Advanced_Ceramics,2021,gold,robots_disallowed,https://link.springer.com/content/pdf/10.1007/s40145-021-0469-y.pdf [robots_disallowed],https://doaj.org/article/4907e2f0fdc54c9c8bb77d43394b15f7 | https://doi.org/10.1007/s40145-021-0469-y
10.1007/s40145-021-0470-5,Journal_of_Advanced_Ceramics,2021,gold,robots_disallowed,https://link.springer.com/content/pdf/10.1007/s40145-021-0470-5.pdf [robots_disallowed],https://doaj.org/article/3a4c2b8bded144cf8791517b613924c7 | https://doi.org/10.1007/s40145-021-0470-5
10.1007/s40145-021-0471-4,Journal_of_Advanced_Ceramics,2021,gold,robots_disallowed,https://link.springer.com/content/pdf/10.1007/s40145-021-0471-4.pdf [robots_disallowed],https://doi.org/10.1007/s40145-021-0471-4
10.1007/s40145-021-0472-3,Journal_of_Advanced_Ceramics,2021,gold,robots_disallowed,https://link.springer.com/content/pdf/10.1007/s40145-021-0472-3.pdf [robots_disallowed],https://doaj.org/article/7e525b594ebf49b09ddf66578445ded6 | https://doi.org/10.1007/s40145-021-0472-3
10.1007/s40145-021-0473-2,Journal_of_Advanced_Ceramics,2021,gold,robots_disallowed,https://link.springer.com/content/pdf/10.1007/s40145-021-0473-2.pdf [robots_disallowed],https://doaj.org/article/262ff5c9276b4b57b3335bedaba1d6ba | https://doi.org/10.1007/s40145-021-0473-2
10.1007/s40145-021-0474-1,Journal_of_Advanced_Ceramics,2021,gold,robots_disallowed,https://link.springer.com/content/pdf/10.1007/s40145-021-0474-1.pdf [robots_disallowed],https://doaj.org/article/a3607baccc004e3a9a362694533892c5 | https://doi.org/10.1007/s40145-021-0474-1
10.1007/s40145-021-0475-0,Journal_of_Advanced_Ceramics,2021,gold,robots_disallowed,https://link.springer.com/content/pdf/10.1007/s40145-021-0475-0.pdf [robots_disallowed],https://doaj.org/article/4e1d5315759b43d18d5fd6cfeea25946 | https://doi.org/10.1007/s40145-021-0475-0
10.1007/s40145-021-0476-z,Journal_of_Advanced_Ceramics,2021,gold,robots_disallowed,https://link.springer.com/content/pdf/10.1007/s40145-021-0476-z.pdf [robots_disallowed],https://doaj.org/article/c92b911ff4384cc68e85565efb28006b | https://doi.org/10.1007/s40145-021-0476-z
10.1007/s40145-021-0478-x,Journal_of_Advanced_Ceramics,2021,gold,robots_disallowed,https://link.springer.com/content/pdf/10.1007/s40145-021-0478-x.pdf [robots_disallowed],https://doaj.org/article/aad0737982f24d359bafbdd5d358ed7b | https://doi.org/10.1007/s40145-021-0478-x
10.1007/s40145-021-0480-3,Journal_of_Advanced_Ceramics,2021,gold,robots_disallowed,https://link.springer.com/content/pdf/10.1007/s40145-021-0480-3.pdf [robots_disallowed],https://doi.org/10.1007/s40145-021-0480-3
10.1007/s40145-021-0481-2,Journal_of_Advanced_Ceramics,2021,gold,robots_disallowed,https://link.springer.com/content/pdf/10.1007/s40145-021-0481-2.pdf [robots_disallowed],https://doi.org/10.1007/s40145-021-0481-2 | https://link.springer.com/article/10.1007%2Fs40145-021-0481-2
10.1007/s40145-021-0483-0,Journal_of_Advanced_Ceramics,2021,gold,robots_disallowed,https://link.springer.com/content/pdf/10.1007/s40145-021-0483-0.pdf [robots_disallowed],https://doi.org/10.1007/s40145-021-0483-0
10.1007/s40145-021-0485-y,Journal_of_Advanced_Ceramics,2021,gold,robots_disallowed,https://link.springer.com/content/pdf/10.1007/s40145-021-0485-y.pdf [robots_disallowed],https://doi.org/10.1007/s40145-021-0485-y
10.1007/s40145-021-0486-x,Journal_of_Advanced_Ceramics,2021,gold,robots_disallowed,https://link.springer.com/content/pdf/10.1007/s40145-021-0486-x.pdf [robots_disallowed],https://doi.org/10.1007/s40145-021-0486-x
10.1007/s40145-021-0488-8,Journal_of_Advanced_Ceramics,2021,gold,robots_disallowed,https://link.springer.com/content/pdf/10.1007/s40145-021-0488-8.pdf [robots_disallowed],https://doi.org/10.1007/s40145-021-0488-8
10.1007/s40145-021-0491-0,Journal_of_Advanced_Ceramics,2021,gold,robots_disallowed,https://link.springer.com/content/pdf/10.1007/s40145-021-0491-0.pdf [robots_disallowed],https://doi.org/10.1007/s40145-021-0491-0
10.1007/s40145-021-0492-z,Journal_of_Advanced_Ceramics,2021,gold,robots_disallowed,https://link.springer.com/content/pdf/10.1007/s40145-021-0492-z.pdf [robots_disallowed],https://doi.org/10.1007/s40145-021-0492-z
10.1007/s40145-021-0493-y,Journal_of_Advanced_Ceramics,2021,gold,robots_disallowed,https://link.springer.com/content/pdf/10.1007/s40145-021-0493-y.pdf [robots_disallowed],https://doi.org/10.1007/s40145-021-0493-y | https://hdl.handle.net/10356/153899
10.1007/s40145-021-0494-x,Journal_of_Advanced_Ceramics,2021,gold,robots_disallowed,https://link.springer.com/content/pdf/10.1007/s40145-021-0494-x.pdf [robots_disallowed],https://doi.org/10.1007/s40145-021-0494-x
10.1007/s40145-021-0495-9,Journal_of_Advanced_Ceramics,2021,gold,robots_disallowed,https://link.springer.com/content/pdf/10.1007/s40145-021-0495-9.pdf [robots_disallowed],https://doi.org/10.1007/s40145-021-0495-9
10.1007/s40145-021-0497-7,Journal_of_Advanced_Ceramics,2021,gold,robots_disallowed,https://link.springer.com/content/pdf/10.1007/s40145-021-0497-7.pdf [robots_disallowed],https://doi.org/10.1007/s40145-021-0497-7
10.1007/s40145-021-0498-6,Journal_of_Advanced_Ceramics,2021,gold,robots_disallowed,https://link.springer.com/content/pdf/10.1007/s40145-021-0498-6.pdf [robots_disallowed],https://doi.org/10.1007/s40145-021-0498-6
10.1007/s40145-021-0499-5,Journal_of_Advanced_Ceramics,2021,gold,robots_disallowed,https://link.springer.com/content/pdf/10.1007/s40145-021-0499-5.pdf [robots_disallowed],https://doi.org/10.1007/s40145-021-0499-5
10.1007/s40145-021-0501-2,Journal_of_Advanced_Ceramics,2021,gold,robots_disallowed,https://link.springer.com/content/pdf/10.1007/s40145-021-0501-2.pdf [robots_disallowed],https://doi.org/10.1007/s40145-021-0501-2
10.1007/s40145-021-0504-z,Journal_of_Advanced_Ceramics,2021,gold,robots_disallowed,https://link.springer.com/content/pdf/10.1007/s40145-021-0504-z.pdf [robots_disallowed],https://doi.org/10.1007/s40145-021-0504-z
10.1007/s40145-021-0505-y,Journal_of_Advanced_Ceramics,2021,gold,robots_disallowed,https://link.springer.com/content/pdf/10.1007/s40145-021-0505-y.pdf [robots_disallowed],https://doi.org/10.1007/s40145-021-0505-y
10.1007/s40145-021-0506-0,Journal_of_Advanced_Ceramics,2021,gold,robots_disallowed,https://link.springer.com/content/pdf/10.1007/s40145-021-0506-0.pdf [robots_disallowed],https://doi.org/10.1007/s40145-021-0506-0
10.1007/s40145-021-0507-9,Journal_of_Advanced_Ceramics,2021,gold,robots_disallowed,https://link.springer.com/content/pdf/10.1007/s40145-021-0507-9.pdf [robots_disallowed],https://doi.org/10.1007/s40145-021-0507-9
10.1007/s40145-021-0510-1,Journal_of_Advanced_Ceramics,2021,gold,robots_disallowed,https://link.springer.com/content/pdf/10.1007/s40145-021-0510-1.pdf [robots_disallowed],https://doi.org/10.1007/s40145-021-0510-1
10.1007/s40145-021-0511-0,Journal_of_Advanced_Ceramics,2021,gold,robots_disallowed,https://link.springer.com/content/pdf/10.1007/s40145-021-0511-0.pdf [robots_disallowed],https://doi.org/10.1007/s40145-021-0511-0
10.1007/s40145-021-0512-z,Journal_of_Advanced_Ceramics,2021,gold,robots_disallowed,https://link.springer.com/content/pdf/10.1007/s40145-021-0512-z.pdf [robots_disallowed],https://doi.org/10.1007/s40145-021-0512-z
10.1007/s40145-021-0513-y,Journal_of_Advanced_Ceramics,2021,gold,robots_disallowed,https://link.springer.com/content/pdf/10.1007/s40145-021-0513-y.pdf [robots_disallowed],https://doi.org/10.1007/s40145-021-0513-y
10.1007/s40145-021-0514-x,Journal_of_Advanced_Ceramics,2021,gold,robots_disallowed,https://link.springer.com/content/pdf/10.1007/s40145-021-0514-x.pdf [robots_disallowed],https://doi.org/10.1007/s40145-021-0514-x
10.1007/s40145-021-0515-9,Journal_of_Advanced_Ceramics,2021,gold,robots_disallowed,https://link.springer.com/content/pdf/10.1007/s40145-021-0515-9.pdf [robots_disallowed],https://doi.org/10.1007/s40145-021-0515-9
10.1007/s40145-021-0517-7,Journal_of_Advanced_Ceramics,2021,gold,no_url,,https://doi.org/10.1007/s40145-021-0517-7
10.1016/j.jmst.2018.11.023,Journal_of_Materials_Science_&_Technology,2018,bronze,no_url,,https://doi.org/10.1016/j.jmst.2018.11.023
10.1016/j.jmst.2018.12.006,Journal_of_Materials_Science_&_Technology,2018,bronze,no_url,,https://doi.org/10.1016/j.jmst.2018.12.006
10.1016/j.jmst.2019.01.001,Journal_of_Materials_Science_&_Technology,2019,bronze,http_error,https://www.sciencedirect.com/science/article/pii/S1005030219300106 [http_error 403],http://hdl.handle.net/10012/14668 | https://doi.org/10.1016/j.jmst.2019.01.001
10.1016/j.jmst.2019.01.006,Journal_of_Materials_Science_&_Technology,2019,green,no_url,,https://figshare.com/articles/journal_contribution/Corrosion_resistance_of_in-situ_growth_of_nano-sized_Mg_OH_2_on_micro-arc_oxidized_magnesium_alloy_AZ31-Influence_of_EDTA/27520137
10.1016/j.jmst.2019.01.012,Journal_of_Materials_Science_&_Technology,2019,green,no_url,,https://figshare.com/articles/journal_contribution/Trabecular-like_Ti-6Al-4V_scaffolds_for_orthopedic_fabrication_by_selective_laser_melting_and_in_vitro_biocompatibility/23465777
10.1016/j.jmst.2019.05.072,Journal_of_Materials_Science_&_Technology,2019,bronze,http_error,https://www.sciencedirect.com/science/article/pii/S1005030219303093 [http_error 403],https://doi.org/10.1016/j.jmst.2019.05.072 | https://pureportal.coventry.ac.uk/en/publications/9d39bdaa-6e40-492a-aa52-1b869d7bee30
10.1016/j.matchar.2016.05.024,Materials_Characterization,2016,bronze,no_url,,https://doi.org/10.1016/j.matchar.2016.05.024
10.1016/j.matchar.2017.04.007,Materials_Characterization,2017,hybrid,http_error,https://www.sciencedirect.com/science/article/pii/S1044580317302917/pdf [http_error 403],http://resolver.tudelft.nl/uuid:de810159-0656-49f0-b3bf-96d83caef022 | https://doi.org/10.1016/j.matchar.2017.04.007
10.1016/j.matchar.2017.07.011,Materials_Characterization,2017,bronze,no_url,,https://doi.org/10.1016/j.matchar.2017.07.011
10.1016/j.matchar.2017.09.040,Materials_Characterization,2017,green,no_url,,https://research.manchester.ac.uk/en/publications/415fa775-99b9-4dc1-a614-0b67c5f9c2fc
10.1016/j.matchar.2017.12.002,Materials_Characterization,2017,green,no_url,,https://dspace.lib.cranfield.ac.uk/bitstreams/2f089b36-7c5c-4d8f-8657-be7a180d1838/download
10.1021/acs.nanolett.0c00869,Nano_Letters,2020,green,no_url,,http://hdl.handle.net/11311/1156105 | https://hal.science/hal-03247075
10.1021/acs.nanolett.0c01010,Nano_Letters,2020,green,no_url,,https://digitalcommons.lsu.edu/eecs_pubs/1101 | https://repository.lsu.edu/eecs_pubs/1101
10.1021/acs.nanolett.0c01046,Nano_Letters,2020,hybrid,http_error,https://pubs.acs.org/doi/pdf/10.1021/acs.nanolett.0c01046 [http_error 403],https://doi.org/10.1021/acs.nanolett.0c01046 | https://www.ncbi.nlm.nih.gov/pmc/articles/7997629
10.1021/acs.nanolett.0c01072,Nano_Letters,2020,green,no_url,,http://hdl.handle.net/20.500.11850/421266 | https://doi.org/10.3929/ethz-b-000421266
10.1021/acs.nanolett.0c01095,Nano_Letters,2020,green,http_error,http://ira.lib.polyu.edu.hk/bitstream/10397/100225/1/Guo_Non-Periodic_Epsilon-Near-Zero_Metamaterials.pdf [http_error],http://hdl.handle.net/10397/100225
10.1021/acs.nanolett.0c01116,Nano_Letters,2020,hybrid,not_pdf,http://ruj.uj.edu.pl/bitstreams/52ef6a19-ed3f-49ab-a901-b9115e2e58fb/download [not_pdf],https://doi.org/10.1021/acs.nanolett.0c01116 | https://ruj.uj.edu.pl/xmlui/handle/item/251908 | https://www.ncbi.nlm.nih.gov/pmc/articles/7588129
10.1021/acs.nanolett.0c01170,Nano_Letters,2020,green,no_url,,https://figshare.com/articles/journal_contribution/Bi-Sn_Catalytic_Foam_Governed_by_Nanometallurgy_of_Liquid_Metals/27536727 | https://figshare.com/articles/journal_contribution/Bi-Sn_catalytic_foam_governed_by_nanometallurgy_of_liquid_metals/20705581
10.1021/acs.nanolett.0c01270,Nano_Letters,2020,green,no_url,,http://infoscience.epfl.ch/record/286202
10.1021/acs.nanolett.0c01319,Nano_Letters,2020,hybrid,http_error,https://pubs.acs.org/doi/pdf/10.1021/acs.nanolett.0c01319 [http_error 403],http://infoscience.epfl.ch/record/278487 | https://doi.org/10.1021/acs.nanolett.0c01319 | https://www.ncbi.nlm.nih.gov/pmc/articles/7291358
10.1016/j.matchar.2018.01.045,Materials_Characterization,2018,bronze,no_url,,https://doi.org/10.1016/j.matchar.2018.01.045
10.1016/j.matchar.2018.02.020,Materials_Characterization,2018,bronze,no_url,,https://doi.org/10.1016/j.matchar.2018.02.020
10.1016/j.matchar.2018.03.028,Materials_Characterization,2018,green,no_url,,https://hal.science/hal-01828928
10.1016/j.matchar.2018.05.039,Materials_Characterization,2018,green,http_error,https://nottingham-repository.worktribe.com/preview/934048/Manuscript%20file_open%20access.pdf [http_error 403],https://nottingham-repository.worktribe.com/output/934030 | https://www.sciencedirect.com/science/article/pii/S1044580317333570
10.1016/j.matchar.2018.05.050,Materials_Characterization,2018,hybrid,http_error,https://www.sciencedirect.com/science/article/pii/S1044580318303243/pdf [http_error 403],http://eprints.nottingham.ac.uk/52294/ | https://doi.org/10.1016/j.matchar.2018.05.050 | https://nottingham-repository.worktribe.com/output/949669
10.1021/acs.nanolett.0c01718,Nano_Letters,2020,hybrid,no_url,,https://doi.org/10.1021/acs.nanolett.0c01718 | https://infoscience.epfl.ch/handle/20.500.14299/170487
10.1021/acs.nanolett.0c01752,Nano_Letters,2020,green,no_url,,https://figshare.com/articles/journal_contribution/Bound_States_in_the_Continuum_in_Anisotropic_Plasmonic_Metasurfaces/27565956
10.1021/acs.nanolett.0c01774,Nano_Letters,2020,green,no_url,,http://hdl.handle.net/10344/9361 | https://figshare.com/articles/journal_contribution/Influence_of_carbonate-based_additives_on_the_electrochemical_performance_of_Si_NW_anodes_cycled_in_an_ionic_liquid_electrolyte_/19815730
10.1021/acs.nanolett.0c01778,Nano_Letters,2020,green,no_url,,http://hdl.handle.net/10261/227155
10.1021/acs.nanolett.0c01801,Nano_Letters,2020,green,http_error,https://www.osti.gov/servlets/purl/1775416 [http_error 403],https://www.osti.gov/biblio/1775416
10.1021/acs.nanolett.0c01858,Nano_Letters,2020,green,no_url,,https://www.ncbi.nlm.nih.gov/pmc/articles/8177003
10.1021/acs.nanolett.0c02699,Nano_Letters,2020,green,no_url,,https://scholarbank.nus.edu.sg/handle/10635/191564
10.1021/acs.nanolett.0c01955,Nano_Letters,2020,hybrid,title_mismatch,https://pubs.acs.org/doi/pdf/10.1021/acs.nanolett.0c01955 [http_error 403] | https://arxiv.org/pdf/2004.02649 [title_mismatch],http://arxiv.org/abs/2004.02649 | http://urn.kb.se/resolve?urn=urn:nbn:se:uu:diva-421473 | https://doi.org/10.1021/acs.nanolett.0c01955 | https://www.ncbi.nlm.nih.gov/pmc/articles/7496736
10.1021/acs.nanolett.0c02248,Nano_Letters,2020,green,no_url,,https://www.ncbi.nlm.nih.gov/pmc/articles/7484346
10.1016/j.matchar.2019.02.033,Materials_Characterization,2019,green,no_url,,https://repositorio.udesc.br/handle/UDESC/5465
10.1016/j.matchar.2019.05.024,Materials_Characterization,2019,green,no_url,,https://lirias.kuleuven.be/bitstream/123456789/637879/2/1-s2.0-S1044580319303894-main.pdf
10.1016/j.matchar.2020.110372,Materials_Characterization,2020,bronze,no_url,,https://doi.org/10.1016/j.matchar.2020.110372
10.1016/j.matchar.2020.110400,Materials_Characterization,2020,hybrid,no_url,,https://doi.org/10.1016/j.matchar.2020.110400
10.1016/j.matchar.2020.110463,Materials_Characterization,2020,bronze,http_error,https://www.sciencedirect.com/science/article/am/pii/S1044580320319343 [http_error 403],https://doi.org/10.1016/j.matchar.2020.110463 | https://hal.science/hal-03492282
10.1016/j.jma.2019.12.009,Journal_of_Magnesium_and_Alloys,2020,gold,http_error,https://www.sciencedirect.com/science/article/pii/S2213956720300918/pdf [http_error 403],https://doaj.org/article/4df214b2a8b2409cbdffc92d34e834af | https://doi.org/10.1016/j.jma.2019.12.009
10.1016/j.jma.2019.12.010,Journal_of_Magnesium_and_Alloys,2020,gold,http_error,https://www.sciencedirect.com/science/article/pii/S2213956720301031/pdf [http_error 403],https://doaj.org/article/a013dca9afb64f509b68e3f5537138b1 | https://doi.org/10.1016/j.jma.2019.12.010
10.1016/j.jma.2020.01.001,Journal_of_Magnesium_and_Alloys,2020,gold,http_error,https://www.sciencedirect.com/science/article/pii/S2213956720300384/pdf [http_error 403],https://doaj.org/article/6ee742672fc741fb933776af50704c59 | https://doi.org/10.1016/j.jma.2020.01.001
10.1016/j.jma.2020.01.002,Journal_of_Magnesium_and_Alloys,2020,gold,http_error,https://www.sciencedirect.com/science/article/pii/S2213956720300517/pdf [http_error 403],https://doaj.org/article/42548e8c9e964ea9aacdcc882e28bde2 | https://doi.org/10.1016/j.jma.2020.01.002
10.1016/j.jma.2020.01.003,Journal_of_Magnesium_and_Alloys,2020,gold,http_error,https://www.sciencedirect.com/science/article/pii/S2213956720301237/pdf [http_error 403],https://doaj.org/article/aeda787f85634b76ae8cf1e48a6d5950 | https://doi.org/10.1016/j.jma.2020.01.003
10.1016/j.jma.2020.02.001,Journal_of_Magnesium_and_Alloys,2020,gold,http_error,https://www.sciencedirect.com/science/article/pii/S2213956720300189/pdf [http_error 403],https://doaj.org/article/cf5e6001cfbc4541b068d02ebeb29129 | https://doi.org/10.1016/j.jma.2020.02.001
10.1016/j.jma.2020.02.007,Journal_of_Magnesium_and_Alloys,2020,gold,http_error,https://www.sciencedirect.com/science/article/pii/S2213956720300372/pdf [http_error 403],https://doaj.org/article/6266be9d2e3144b697662c34e05dbd2e | https://doi.org/10.1016/j.jma.2020.02.007 | https://hdl.handle.net/10115/32053 | https://hispana.mcu.es/es/registros/registro.do?tipoRegistro=MTD&idBib=61641232
10.1016/j.jma.2020.02.008,Journal_of_Magnesium_and_Alloys,2020,gold,http_error,https://www.sciencedirect.com/science/article/pii/S2213956720300396/pdf [http_error 403],https://doaj.org/article/f5cce6982f234fb093b812e10c724157 | https://doi.org/10.1016/j.jma.2020.02.008
10.1016/j.jma.2020.02.009,Journal_of_Magnesium_and_Alloys,2020,gold,http_error,https://www.sciencedirect.com/science/article/pii/S2213956720300402/pdf [http_error 403],https://doaj.org/article/f5819799c4af48a1841090e55535685e | https://doi.org/10.1016/j.jma.2020.02.009 | https://research-repository.uwa.edu.au/en/publications/7bbbc346-07b3-4af1-8303-d2a0e4092d1a | https://www.scopus.com/pages/publications/85084463343
10.1016/j.jma.2020.02.011,Journal_of_Magnesium_and_Alloys,2020,gold,http_error,https://www.sciencedirect.com/science/article/pii/S2213956720300463/pdf [http_error 403],https://doaj.org/article/1bdd678824314fd79c7e94da4703a695 | https://doi.org/10.1016/j.jma.2020.02.011
10.1016/j.jma.2020.02.012,Journal_of_Magnesium_and_Alloys,2020,gold,http_error,https://www.sciencedirect.com/science/article/pii/S2213956720300475/pdf [http_error 403],https://doaj.org/article/0f342c1dc76242a7b5ea45eba74b65fe | https://doi.org/10.1016/j.jma.2020.02.012
10.1016/j.jma.2020.02.014,Journal_of_Magnesium_and_Alloys,2020,gold,http_error,https://www.sciencedirect.com/science/article/pii/S2213956720300530/pdf [http_error 403],https://doaj.org/article/389a82678c824a43bd7c01e156a3a018 | https://doi.org/10.1016/j.jma.2020.02.014
10.1016/j.jma.2020.02.016,Journal_of_Magnesium_and_Alloys,2020,gold,http_error,https://www.sciencedirect.com/science/article/pii/S2213956720300773/pdf [http_error 403],https://doaj.org/article/a09437ab2ccf42049ca688af5e5c9505 | https://doi.org/10.1016/j.jma.2020.02.016
10.1016/j.jma.2020.02.018,Journal_of_Magnesium_and_Alloys,2020,gold,http_error,https://www.sciencedirect.com/science/article/pii/S221395672030089X/pdf [http_error 403],https://doaj.org/article/e40bf64333a94362a0b8b894fedff0cd | https://doi.org/10.1016/j.jma.2020.02.018
10.1016/j.jma.2020.02.020,Journal_of_Magnesium_and_Alloys,2020,gold,http_error,https://www.sciencedirect.com/science/article/pii/S2213956720301584/pdf [http_error 403],https://doaj.org/article/1d95909ea1774746ad13df54b0cc9a28 | https://doi.org/10.1016/j.jma.2020.02.020
10.1016/j.jma.2020.02.022,Journal_of_Magnesium_and_Alloys,2020,gold,http_error,https://www.sciencedirect.com/science/article/pii/S221395672030178X/pdf [http_error 403],https://doaj.org/article/c0decf1f1abb451fa7c989b34e416c50 | https://doi.org/10.1016/j.jma.2020.02.022
10.1016/j.jma.2020.02.027,Journal_of_Magnesium_and_Alloys,2020,gold,http_error,https://www.sciencedirect.com/science/article/pii/S2213956720301924/pdf [http_error 403],https://doaj.org/article/94cfddc5a53047fd82a3d0dbffb028d5 | https://doi.org/10.1016/j.jma.2020.02.027
10.1016/j.jma.2020.02.028,Journal_of_Magnesium_and_Alloys,2020,gold,http_error,https://www.sciencedirect.com/science/article/pii/S2213956720301973/pdf [http_error 403],https://doaj.org/article/9a5539859d1040c5b4cec461bcadbeb5 | https://doi.org/10.1016/j.jma.2020.02.028 | https://research.birmingham.ac.uk/en/publications/4e95e833-a609-4cd8-a634-53f2e8de773c
10.1016/j.jma.2020.03.004,Journal_of_Magnesium_and_Alloys,2020,gold,http_error,https://www.sciencedirect.com/science/article/pii/S2213956720300529/pdf [http_error 403],https://doaj.org/article/ff02a88ae37b497facb8b9ed5aeed28a | https://doi.org/10.1016/j.jma.2020.03.004
10.1016/j.jma.2020.03.009,Journal_of_Magnesium_and_Alloys,2020,gold,no_url,,https://doaj.org/article/5591f0964a3e4e92aaa71be78d9b5548 | https://doi.org/10.1016/j.jma.2020.03.009
10.1016/j.jma.2020.03.010,Journal_of_Magnesium_and_Alloys,2020,gold,no_url,,https://doaj.org/article/93fb6a23573e49ab9f598320ca940568 | https://doi.org/10.1016/j.jma.2020.03.010
10.1016/j.jma.2020.03.011,Journal_of_Magnesium_and_Alloys,2020,gold,no_url,,https://doaj.org/article/e91ffe7088b44b2f9ad7a35846325ec3 | https://doi.org/10.1016/j.jma.2020.03.011
10.1016/j.jma.2020.03.012,Journal_of_Magnesium_and_Alloys,2020,gold,http_error,https://www.sciencedirect.com/science/article/pii/S2213956720301754/pdf [http_error 403],https://doaj.org/article/7426f0d5945e4b30b9ea778a5a168304 | https://doi.org/10.1016/j.jma.2020.03.012
10.1016/j.jma.2020.03.013,Journal_of_Magnesium_and_Alloys,2020,gold,http_error,https://www.sciencedirect.com/science/article/pii/S2213956720301791/pdf [http_error 403],https://doaj.org/article/df41b2ec8e64487f9318a8c8adf48935 | https://doi.org/10.1016/j.jma.2020.03.013
10.1016/j.jma.2020.03.015,Journal_of_Magnesium_and_Alloys,2020,gold,http_error,https://www.sciencedirect.com/science/article/pii/S221395672030181X/pdf [http_error 403],https://doaj.org/article/5d49592dddef47fbb9bc2ee9d76e0361 | https://doi.org/10.1016/j.jma.2020.03.015
10.1016/j.jma.2020.03.016,Journal_of_Magnesium_and_Alloys,2020,gold,http_error,https://www.sciencedirect.com/science/article/pii/S2213956720301961/pdf [http_error 403],https://doaj.org/article/b3930b938a3046189bfabd2e92ef72cd | https://doi.org/10.1016/j.jma.2020.03.016
10.1016/j.jma.2020.04.001,Journal_of_Magnesium_and_Alloys,2020,gold,http_error,https://www.sciencedirect.com/science/article/pii/S2213956720300426/pdf [http_error 403],https://doaj.org/article/fea46f87c1be408fb292b14853199bd8 | https://doi.org/10.1016/j.jma.2020.04.001
10.1016/j.jma.2020.04.002,Journal_of_Magnesium_and_Alloys,2020,gold,http_error,https://www.sciencedirect.com/science/article/pii/S2213956720300554/pdf [http_error 403],https://doaj.org/article/0580cfd5af2a4587b038ea3e2f592d48 | https://doi.org/10.1016/j.jma.2020.04.002
10.1016/j.jma.2020.04.003,Journal_of_Magnesium_and_Alloys,2020,gold,http_error,https://www.sciencedirect.com/science/article/pii/S2213956720300578/pdf [http_error 403],https://doaj.org/article/cf9584c4771343fc87c649b52fa743fd | https://doi.org/10.1016/j.jma.2020.04.003
10.1016/j.jma.2020.04.006,Journal_of_Magnesium_and_Alloys,2020,gold,http_error,https://www.sciencedirect.com/science/article/pii/S2213956720300992/pdf [http_error 403],https://doaj.org/article/423bfdd1d52d400381420509372d33dd | https://doi.org/10.1016/j.jma.2020.04.006
10.1016/j.jma.2020.04.007,Journal_of_Magnesium_and_Alloys,2020,gold,http_error,https://www.sciencedirect.com/science/article/pii/S2213956720301110/pdf [http_error 403],https://doaj.org/article/5b072b2f54714ff28a4ba823000fa7aa | https://doi.org/10.1016/j.jma.2020.04.007
10.1016/j.jma.2020.04.009,Journal_of_Magnesium_and_Alloys,2020,gold,http_error,https://www.sciencedirect.com/science/article/pii/S2213956720301894/pdf [http_error 403],https://doaj.org/article/17fd01c118f14c359891809f73f514da | https://doi.org/10.1016/j.jma.2020.04.009
10.1016/j.jma.2020.05.002,Journal_of_Magnesium_and_Alloys,2020,gold,no_url,,https://doaj.org/article/8a9bcb6b61604c5f8cbe931f262bca51 | https://doi.org/10.1016/j.jma.2020.05.002
10.1016/j.jma.2020.05.010,Journal_of_Magnesium_and_Alloys,2020,gold,http_error,https://www.sciencedirect.com/science/article/pii/S2213956720300852/pdf [http_error 403],https://doaj.org/article/db437d41035048259dbb8f4ce2bbfdc0 | https://doi.org/10.1016/j.jma.2020.05.010
10.1016/j.jma.2020.05.012,Journal_of_Magnesium_and_Alloys,2020,gold,http_error,https://www.sciencedirect.com/science/article/pii/S2213956720301109/pdf [http_error 403],https://doaj.org/article/a5b5a7c6748d4f7d899fd5969e03cb7b | https://doi.org/10.1016/j.jma.2020.05.012
10.1016/j.jma.2020.05.014,Journal_of_Magnesium_and_Alloys,2020,gold,http_error,https://www.sciencedirect.com/science/article/pii/S2213956720301213/pdf [http_error 403],https://doaj.org/article/b4dba3ce2666446abb87498df497afb2 | https://doi.org/10.1016/j.jma.2020.05.014
10.1016/j.jma.2020.05.017,Journal_of_Magnesium_and_Alloys,2020,gold,http_error,https://www.sciencedirect.com/science/article/pii/S2213956720301651/pdf [http_error 403],https://doaj.org/article/9c27162570ba4a07aeb9bafba3dae1bf | https://doi.org/10.1016/j.jma.2020.05.017
10.1016/j.jma.2020.05.018,Journal_of_Magnesium_and_Alloys,2020,gold,http_error,https://www.sciencedirect.com/science/article/pii/S2213956720301729/pdf [http_error 403],https://doaj.org/article/0523dd3cb82f4a409bc9a840122b8f5f | https://doi.org/10.1016/j.jma.2020.05.018
10.1016/j.jma.2020.05.019,Journal_of_Magnesium_and_Alloys,2020,gold,http_error,https://www.sciencedirect.com/science/article/pii/S2213956720301730/pdf [http_error 403],https://doaj.org/article/318bb97cfd29410fa44e3ddca2955675 | https://doi.org/10.1016/j.jma.2020.05.019
10.1016/j.jma.2020.05.021,Journal_of_Magnesium_and_Alloys,2021,gold,http_error,https://www.sciencedirect.com/science/article/pii/S2213956720302073/pdf [http_error 403],https://doaj.org/article/8c797817871340f790f87f5eb8c9aa58 | https://doi.org/10.1016/j.jma.2020.05.021
10.1016/j.jma.2020.05.022,Journal_of_Magnesium_and_Alloys,2020,gold,no_url,,https://doaj.org/article/4395378c0e214314b51b83041a6bfed2 | https://doi.org/10.1016/j.jma.2020.05.022
10.1016/j.jma.2020.06.002,Journal_of_Magnesium_and_Alloys,2020,gold,http_error,https://www.sciencedirect.com/science/article/pii/S2213956720300967/pdf [http_error 403],https://doaj.org/article/30e7b0ad844d4aa9b50e253b159921c2 | https://doi.org/10.1016/j.jma.2020.06.002
10.1016/j.jma.2020.06.004,Journal_of_Magnesium_and_Alloys,2020,gold,http_error,https://www.sciencedirect.com/science/article/pii/S221395672030102X/pdf [http_error 403],https://doaj.org/article/f4afa0f8f6694972b8ecdf4575653f08 | https://doi.org/10.1016/j.jma.2020.06.004
10.1016/j.jma.2020.06.009,Journal_of_Magnesium_and_Alloys,2020,gold,http_error,https://www.sciencedirect.com/science/article/pii/S2213956720301225/pdf [http_error 403],https://doaj.org/article/b48a7d4c49f9461a86a669fb7dbb22a0 | https://doi.org/10.1016/j.jma.2020.06.009
10.1016/j.jma.2020.06.010,Journal_of_Magnesium_and_Alloys,2020,gold,http_error,https://www.sciencedirect.com/science/article/pii/S2213956720301249/pdf [http_error 403],https://doaj.org/article/65e9113862924bf19293e48c53b377f5 | https://doi.org/10.1016/j.jma.2020.06.010
10.1016/j.jma.2020.06.011,Journal_of_Magnesium_and_Alloys,2020,gold,http_error,https://www.sciencedirect.com/science/article/pii/S2213956720301626/pdf [http_error 403],https://doaj.org/article/e410e8af1bb2460a973d6b01caf28c6f | https://doi.org/10.1016/j.jma.2020.06.011
10.1016/j.jma.2020.06.015,Journal_of_Magnesium_and_Alloys,2020,gold,http_error,https://www.sciencedirect.com/science/article/pii/S2213956720301766/pdf [http_error 403],https://doaj.org/article/c1eb568fbbb64bc699b9a2957da150a4 | https://doi.org/10.1016/j.jma.2020.06.015
10.1016/j.jma.2020.06.016,Journal_of_Magnesium_and_Alloys,2020,gold,no_url,,https://doaj.org/article/bb18f86823c949b6a54888583814bafe | https://doi.org/10.1016/j.jma.2020.06.016
10.1016/j.jma.2020.06.018,Journal_of_Magnesium_and_Alloys,2020,gold,http_error,https://www.sciencedirect.com/science/article/pii/S2213956720301882/pdf [http_error 403],https://doaj.org/article/943d69fa28a049d2817504bd12059bc0 | https://doi.org/10.1016/j.jma.2020.06.018
10.1016/j.jmst.2019.08.056,Journal_of_Materials_Science_&_Technology,2019,green,no_url,,https://figshare.com/articles/journal_contribution/Corrosion_resistance_of_self-cleaning_silane_polypropylene_composite_coatings_on_magnesium_alloy_AZ31/27535476
10.1016/j.jmst.2019.11.004,Journal_of_Materials_Science_&_Technology,2019,green,no_url,,http://hdl.handle.net/10138/336348
10.1016/j.jmst.2020.04.019,Journal_of_Materials_Science_&_Technology,2020,green,http_error,https://figshare.com/articles/journal_contribution/Enhanced_interface_strength_in_steel-nickel_bimetallic_component_fabricated_using_wire_arc_additive_manufacturing_with_interweaving_deposition_strategy/27774459 [http_error 202],https://figshare.com/articles/journal_contribution/Enhanced_interface_strength_in_steel-nickel_bimetallic_component_fabricated_using_wire_arc_additive_manufacturing_with_interweaving_deposition_strategy/27774459
10.1021/acs.nanolett.0c04004,Nano_Letters,2021,green,http_error,http://ira.lib.polyu.edu.hk/bitstream/10397/100104/1/Huang_Grain-Boundary-Engineered_La2CuO4_Perovskite.pdf [http_error],http://hdl.handle.net/10397/100104
10.1021/acs.nanolett.0c03945,Nano_Letters,2021,hybrid,no_url,,https://doi.org/10.1021/acs.nanolett.0c03945 | https://www.ncbi.nlm.nih.gov/pmc/articles/7883388
10.1021/acs.nanolett.0c03957,Nano_Letters,2020,green,no_url,,https://www.ncbi.nlm.nih.gov/pmc/articles/7855985
10.1016/j.matchar.2020.110564,Materials_Characterization,2020,bronze,no_url,,https://doi.org/10.1016/j.matchar.2020.110564
10.1016/j.matchar.2020.110576,Materials_Characterization,2020,hybrid,no_url,,https://doi.org/10.1016/j.matchar.2020.110576 | https://dspace.lib.cranfield.ac.uk/handle/1826/16375 | https://pureportal.coventry.ac.uk/en/publications/789841c1-e85b-4612-a256-0a57a0955a54
10.1016/j.matchar.2021.110877,Materials_Characterization,2021,bronze,no_url,,https://doi.org/10.1016/j.matchar.2021.110877
10.1016/j.matchar.2021.110945,Materials_Characterization,2021,hybrid,http_error,https://www.sciencedirect.com/science/article/pii/S1044580321000759?via%3Dihub [http_error 403],http://hdl.handle.net/10344/9800 | https://doi.org/10.1016/j.matchar.2021.110945 | https://figshare.com/articles/journal_contribution/Effects_of_processing_parameters_and_heat_treatment_on_thermal_conductivity_of_additively_manufactured_AlSi10Mg_by_selective_laser_melting/19816975
10.1016/j.matchar.2021.111350,Materials_Characterization,2021,hybrid,not_pdf,https://www.sciencedirect.com/science/article/pii/S1044580321004721/pdf [http_error 403] | http://resolver.tudelft.nl/uuid:c8a836d6-6624-4438-ba6c-fea23ce8c119 [not_pdf],http://resolver.tudelft.nl/uuid:c8a836d6-6624-4438-ba6c-fea23ce8c119 | https://doi.org/10.1016/j.matchar.2021.111350
10.1016/j.matchar.2021.111703,Materials_Characterization,2021,hybrid,no_url,,http://hdl.handle.net/10261/287264 | https://doi.org/10.1016/j.matchar.2021.111703
10.1021/acs.nanolett.0c00007,Nano_Letters,2020,green,http_error,https://scholarsphere.psu.edu/resources/7b20f880-a586-4886-acba-5b8fefe5d251/downloads/20067 [http_error],https://scholarsphere.psu.edu/resources/e93aea16-932b-4040-aaac-3ab85e4920ad
10.1021/acs.nanolett.0c04816,Nano_Letters,2021,hybrid,no_url,,http://hdl.handle.net/20.500.11850/488420 | https://doi.org/10.1021/acs.nanolett.0c04816 | https://doi.org/10.3929/ethz-b-000488420 | https://hdl.handle.net/11250/2977062 | https://hdl.handle.net/11250/2987903 | https://nbn-resolving.org/urn:nbn:de:bvb:384-opus4-959570 | https://www.ncbi.nlm.nih.gov/pmc/articles/8155316
10.1021/acs.nanolett.0c04847,Nano_Letters,2021,green,no_url,,https://hal.science/hal-03255719
10.1021/acs.nanolett.1c00025,Nano_Letters,2021,hybrid,no_url,,https://doi.org/10.1021/acs.nanolett.1c00025 | https://pubs.acs.org/doi/10.1021/acs.nanolett.1c00025
10.1021/acs.nanolett.1c00501,Nano_Letters,2021,green,http_error,http://ira.lib.polyu.edu.hk/bitstream/10397/89690/1/Wong_Nanoscale_Integrin_Ligand.pdf [http_error],http://hdl.handle.net/10397/89690
10.1021/acs.nanolett.1c00599,Nano_Letters,2021,green,no_url,,http://hdl.handle.net/2078.1/248554
10.1021/acs.nanolett.1c00773,Nano_Letters,2021,hybrid,not_pdf,https://aaltodoc.aalto.fi/handle/123456789/109595 [not_pdf],https://doi.org/10.1021/acs.nanolett.1c00773 | https://research.aalto.fi/en/publications/7bf86377-6270-455f-a0f8-0fcee68ad608 | https://www.ncbi.nlm.nih.gov/pmc/articles/8397389
10.1021/acs.nanolett.1c00962,Nano_Letters,2021,hybrid,no_url,,https://doi.org/10.1021/acs.nanolett.1c00962 | https://www.ncbi.nlm.nih.gov/pmc/articles/8397391
10.1021/acs.nanolett.0c03205,Nano_Letters,2020,green,no_url,,https://www.ncbi.nlm.nih.gov/pmc/articles/8849936
10.1021/acs.nanolett.0c03344,Nano_Letters,2020,hybrid,http_error,https://pubs.acs.org/doi/pdf/10.1021/acs.nanolett.0c03344 [http_error 403],http://urn.kb.se/resolve?urn=urn:nbn:se:uu:diva-428311 | https://doi.org/10.1021/acs.nanolett.0c03344 | https://orbit.dtu.dk/en/publications/03c10fcd-0114-434e-a024-05811fdf2e1a | https://www.ncbi.nlm.nih.gov/pmc/articles/7662917
10.1021/acs.nanolett.0c03421,Nano_Letters,2020,green,title_mismatch,https://arxiv.org/pdf/2008.06666 [title_mismatch],http://arxiv.org/abs/2008.06666
10.1021/acs.nanolett.0c03456,Nano_Letters,2020,hybrid,no_url,,http://hdl.handle.net/2241/0002004753 | https://doi.org/10.1021/acs.nanolett.0c03456
10.1021/acs.nanolett.0c03486,Nano_Letters,2020,hybrid,http_error,https://pubs.acs.org/doi/pdf/10.1021/acs.nanolett.0c03486 [http_error 403],https://doi.org/10.1021/acs.nanolett.0c03486 | https://hdl.handle.net/2031/90628862-a380-4252-89ea-9ca18225f7aa
10.1021/acs.nanolett.0c03613,Nano_Letters,2020,green,no_url,,https://infoscience.epfl.ch/handle/20.500.14299/174465
10.1021/acs.nanolett.5b00253,Nano_Letters,2015,hybrid,http_error,https://pubs.acs.org/doi/pdf/10.1021/acs.nanolett.5b00253?ref=article_openPDF [http_error 403],https://doi.org/10.1021/acs.nanolett.5b00253
10.1021/acs.nanolett.5b00315,Nano_Letters,2015,hybrid,http_error,https://pubs.acs.org/doi/pdf/10.1021/acs.nanolett.5b00315?ref=article_openPDF [http_error 403],https://doi.org/10.1021/acs.nanolett.5b00315
10.1021/acs.nanolett.5b00411,Nano_Letters,2015,hybrid,http_error,https://pubs.acs.org/doi/pdf/10.1021/acs.nanolett.5b00411 [http_error 403],https://doi.org/10.1021/acs.nanolett.5b00411
10.1021/acs.nanolett.5b00431,Nano_Letters,2015,hybrid,http_error,https://pubs.acs.org/doi/pdf/10.1021/acs.nanolett.5b00431?ref=article_openPDF [http_error 403],https://doi.org/10.1021/acs.nanolett.5b00431 | https://www.ncbi.nlm.nih.gov/pmc/articles/4463547
10.1021/acs.nanolett.5b00692,Nano_Letters,2015,green,no_url,,http://nrs.harvard.edu/urn-3:HUL.InstRepos:41371320 | http://nrs.harvard.edu/urn-3:HUL.InstRepos:41371428 | http://nrs.harvard.edu/urn-3:HUL.InstRepos:41371536 | http://nrs.harvard.edu/urn-3:HUL.InstRepos:41371644 | http://nrs.harvard.edu/urn-3:HUL.InstRepos:41372663
10.1021/acs.nanolett.5b02082,Nano_Letters,2015,green,http_error,https://www.osti.gov/servlets/purl/1832457 [http_error 403],https://www.osti.gov/biblio/1832457
10.1021/acs.nanolett.5b02197,Nano_Letters,2015,hybrid,no_url,,https://doi.org/10.1021/acs.nanolett.5b02197
10.1021/acs.nanolett.5b03191,Nano_Letters,2015,green,title_mismatch,https://arxiv.org/pdf/1506.05817 [title_mismatch],http://arxiv.org/abs/1506.05817
10.1021/acs.nanolett.5b03359,Nano_Letters,2015,green,no_url,,https://doi.org/10.5445/ir/110102720
10.1021/acs.nanolett.5b03422,Nano_Letters,2015,green,http_error,https://escholarship.org/content/qt2602n4rq/qt2602n4rq.pdf?t=r30vsq [http_error 403],https://escholarship.org/uc/item/2602n4rq
10.1021/acs.nanolett.5b03449,Nano_Letters,2015,hybrid,http_error,https://eprints.lancs.ac.uk/id/eprint/77453/1/InAsSbNanowires.pdf [http_error],https://doi.org/10.1021/acs.nanolett.5b03449 | https://eprints.lancs.ac.uk/id/eprint/77453/1/InAsSbNanowires.pdf
10.1021/acs.nanolett.5b01062,Nano_Letters,2015,hybrid,http_error,https://pubs.acs.org/doi/pdf/10.1021/acs.nanolett.5b01062 [http_error 403],https://doi.org/10.1021/acs.nanolett.5b01062 | https://orcid.org/0000-0002-6971-8817
10.1021/acs.nanolett.5b01076,Nano_Letters,2015,green,no_url,,http://nrs.harvard.edu/urn-3:HUL.InstRepos:41371319 | http://nrs.harvard.edu/urn-3:HUL.InstRepos:41371427 | http://nrs.harvard.edu/urn-3:HUL.InstRepos:41371535 | http://nrs.harvard.edu/urn-3:HUL.InstRepos:41371643 | http://nrs.harvard.edu/urn-3:HUL.InstRepos:41372652
10.1021/acs.nanolett.5b01166,Nano_Letters,2015,green,http_error,https://dr.ntu.edu.sg/bitstream/10356/140368/2/Vapor%20Phase%20Synthesis%20of%20Organometal%20Halide%20Perovskite%20Nanowires%20for%20Tunable%20Room-Temperature%20Nanolasers.pdf [http_error 405],https://hdl.handle.net/10356/140368
10.1021/acs.nanolett.5b01203,Nano_Letters,2015,green,title_mismatch,https://www.osti.gov/servlets/purl/1579817 [title_mismatch],https://www.osti.gov/biblio/1579817
10.1021/acs.nanolett.5b01294,Nano_Letters,2015,hybrid,http_error,https://pubs.acs.org/doi/pdf/10.1021/acs.nanolett.5b01294?ref=article_openPDF [http_error 403],https://doi.org/10.1021/acs.nanolett.5b01294
10.1021/acs.nanolett.5b02900,Nano_Letters,2015,hybrid,no_url,,https://doi.org/10.1021/acs.nanolett.5b02900 | https://hal.science/hal-01252043
10.1021/acs.nanolett.5b03003,Nano_Letters,2015,green,http_error,https://www.osti.gov/servlets/purl/1426721 [http_error 403],https://www.ncbi.nlm.nih.gov/pmc/articles/5660860 | https://www.osti.gov/biblio/1426721
10.1021/acs.nanolett.5b03100,Nano_Letters,2015,hybrid,no_url,,https://doi.org/10.1021/acs.nanolett.5b03100
10.1021/acs.nanolett.5b03124,Nano_Letters,2015,green,title_mismatch,https://arxiv.org/pdf/1508.01881 [title_mismatch],http://arxiv.org/abs/1508.01881 | https://doi.org/10.48550/arxiv.1508.01881 | https://hal.science/hal-02051520
10.1021/acs.nanolett.5b01335,Nano_Letters,2015,green,no_url,,http://infoscience.epfl.ch/record/208770
10.1021/acs.nanolett.5b01424,Nano_Letters,2015,hybrid,http_error,https://pubs.acs.org/doi/pdf/10.1021/acs.nanolett.5b01424?ref=article_openPDF [http_error 403],https://doi.org/10.1021/acs.nanolett.5b01424 | https://hal.science/hal-01793274
10.1021/acs.nanolett.5b01513,Nano_Letters,2015,hybrid,no_url,,https://doi.org/10.1021/acs.nanolett.5b01513
10.1021/acs.nanolett.5b01553,Nano_Letters,2015,green,title_mismatch,https://arxiv.org/pdf/1502.06154 [title_mismatch],http://arxiv.org/abs/1502.06154 | https://doi.org/10.48550/arxiv.1502.06154
10.1021/acs.nanolett.5b01697,Nano_Letters,2015,green,no_url,,https://archive-ouverte.unige.ch/unige:84339
10.1021/acs.nanolett.5b01802,Nano_Letters,2015,green,no_url,,http://infoscience.epfl.ch/record/214110
10.1021/acs.nanolett.5b02815,Nano_Letters,2015,green,http_error,https://dspace.mit.edu/bitstream/1721.1/104951/1/manuscript-revised-unmarked.pdf [http_error 405],https://orcid.org/0000-0003-2262-1249
10.1021/acs.nanolett.1c01461,Nano_Letters,2021,hybrid,http_error,https://researchprofiles.ku.dk/files/276166206/acs.nanolett.1c01461.pdf [http_error 403],https://doi.org/10.1021/acs.nanolett.1c01461 | https://research.manchester.ac.uk/en/publications/42408b66-3c26-4275-99ae-e91dfcbe8ac7 | https://researchprofiles.ku.dk/da/publications/06082633-d43b-4519-9698-0fb98fad2bff | https://www.ncbi.nlm.nih.gov/pmc/articles/8289304
10.1021/acs.nanolett.5b03556,Nano_Letters,2015,green,no_url,,https://www.ncbi.nlm.nih.gov/pmc/articles/4746708
10.1021/acs.nanolett.5b03610,Nano_Letters,2015,hybrid,http_error,https://pubs.acs.org/doi/pdf/10.1021/acs.nanolett.5b03610 [http_error 403],https://doi.org/10.1021/acs.nanolett.5b03610
10.1021/acs.nanolett.5b03814,Nano_Letters,2015,green,http_error,http://ira.lib.polyu.edu.hk/bitstream/10397/96255/1/Efficiency_Enhancement_SilicHeterojunctiSolar.pdf [http_error],http://hdl.handle.net/10397/96255
10.1021/acs.nanolett.1c02381,Nano_Letters,2021,hybrid,http_error,https://research.aalto.fi/files/67780388/Broadband_Plasmon_Enhanced_Four_Wave_Mixing_in_Monolayer_MoS2_Copy.pdf [http_error 403],https://doi.org/10.1021/acs.nanolett.1c02381 | https://research.aalto.fi/en/publications/b92ae60b-a763-4a2d-939b-78e70a56877a | https://www.ncbi.nlm.nih.gov/pmc/articles/8323120
10.1021/acs.nanolett.1c02478,Nano_Letters,2021,hybrid,no_url,,https://doi.org/10.1021/acs.nanolett.1c02478 | https://doi.org/10.6082/emp6k-ttx13 | https://doi.org/10.6082/zhpwv-0vp97 | https://www.ncbi.nlm.nih.gov/pmc/articles/8431725
10.1021/acs.nanolett.1c02719,Nano_Letters,2021,green,no_url,,http://infoscience.epfl.ch/record/290542
10.1021/acs.nanolett.5b00046,Nano_Letters,2015,green,no_url,,http://infoscience.epfl.ch/record/208486
10.1021/acs.nanolett.1c01614,Nano_Letters,2021,green,no_url,,https://hdl.handle.net/1721.1/136110
10.1021/acs.nanolett.1c01792,Nano_Letters,2021,green,http_error,https://escholarship.org/uc/item/8p88j4kk [http_error 403] | https://www.osti.gov/servlets/purl/1825915 [http_error 403] | https://pmc.ncbi.nlm.nih.gov/articles/PMC10539026/pdf/nihms-1761234.pdf [not_pdf] | https://europepmc.org/articles/PMC10539026/pdf/render [http_error 403],https://escholarship.org/uc/item/8p88j4kk | https://www.ncbi.nlm.nih.gov/pmc/articles/10539026 | https://www.osti.gov/biblio/1825915
10.1021/acs.nanolett.1c01934,Nano_Letters,2021,green,no_url,,https://www.ncbi.nlm.nih.gov/pmc/articles/8516714
10.1021/acs.nanolett.1c02318,Nano_Letters,2021,hybrid,no_url,,https://doi.org/10.1021/acs.nanolett.1c02318 | https://www.ncbi.nlm.nih.gov/pmc/articles/8361430
10.1021/acs.nanolett.5b00787,Nano_Letters,2015,green,no_url,,http://ir.nimte.ac.cn/handle/174433/12539
10.1021/acs.nanolett.5b00979,Nano_Letters,2015,hybrid,http_error,https://pubs.acs.org/doi/pdf/10.1021/acs.nanolett.5b00979 [http_error 403],https://doi.org/10.1021/acs.nanolett.5b00979 | https://www.ncbi.nlm.nih.gov/pmc/articles/4434527
10.1021/acs.nanolett.5b04821,Nano_Letters,2016,hybrid,http_error,https://pubs.acs.org/doi/pdf/10.1021/acs.nanolett.5b04821?ref=article_openPDF [http_error 403],http://hdl.handle.net/10161/15626 | https://doi.org/10.1021/acs.nanolett.5b04821 | https://www.ncbi.nlm.nih.gov/pmc/articles/4751512
10.1021/acs.nanolett.5b04884,Nano_Letters,2015,green,not_pdf,https://www.osti.gov/biblio/1393011 [not_pdf],https://www.osti.gov/biblio/1393011
10.1021/acs.nanolett.5b04929,Nano_Letters,2016,green,no_url,,http://infoscience.epfl.ch/record/219479 | https://infoscience.epfl.ch/handle/20.500.14299/127492
10.1021/acs.nanolett.5b04949,Nano_Letters,2016,green,no_url,,https://hal.science/hal-05223993
10.1021/acs.nanolett.5b04367,Nano_Letters,2015,hybrid,http_error,https://pubs.acs.org/doi/pdf/10.1021/acs.nanolett.5b04367 [http_error 403],http://infoscience.epfl.ch/record/216311 | https://doi.org/10.1021/acs.nanolett.5b04367
10.1021/acs.nanolett.5b04524,Nano_Letters,2015,green,no_url,,https://www.ncbi.nlm.nih.gov/pmc/articles/5490994
10.1021/acs.nanolett.5b04542,Nano_Letters,2016,green,no_url,,http://hdl.handle.net/11336/54291
10.1021/acs.nanolett.5b04554,Nano_Letters,2015,hybrid,http_error,https://pubs.acs.org/doi/pdf/10.1021/acs.nanolett.5b04554 [http_error 403],https://doi.org/10.1021/acs.nanolett.5b04554
10.1021/acs.nanolett.5b02361,Nano_Letters,2015,hybrid,http_error,https://pubs.acs.org/doi/pdf/10.1021/acs.nanolett.5b02361 [http_error 403],https://doi.org/10.1021/acs.nanolett.5b02361
10.1021/acs.nanolett.5b02427,Nano_Letters,2015,hybrid,http_error,https://pubs.acs.org/doi/pdf/10.1021/acs.nanolett.5b02427?ref=article_openPDF [http_error 403],https://doi.org/10.1021/acs.nanolett.5b02427
10.1021/acs.nanolett.5b02505,Nano_Letters,2015,hybrid,no_url,,https://doi.org/10.1021/acs.nanolett.5b02505
10.1021/acs.nanolett.6b00405,Nano_Letters,2016,green,title_mismatch,https://arxiv.org/pdf/1512.07508 [title_mismatch],http://arxiv.org/abs/1512.07508
10.1021/acs.nanolett.6b00571,Nano_Letters,2016,green,no_url,,https://works.bepress.com/hamed_attariani/15
10.1021/acs.nanolett.6b01945,Nano_Letters,2016,hybrid,http_error,https://pubs.acs.org/doi/pdf/10.1021/acs.nanolett.6b01945?ref=article_openPDF [http_error 403],http://hdl.handle.net/10754/617876 | https://doi.org/10.1021/acs.nanolett.6b01945
10.1021/acs.nanolett.6b02020,Nano_Letters,2016,green,no_url,,http://hdl.handle.net/11380/1247615
10.1021/acs.nanolett.5b04991,Nano_Letters,2016,green,no_url,,http://hdl.handle.net/11336/77210 | https://zenodo.org/record/3450935
10.1021/acs.nanolett.5b05154,Nano_Letters,2016,green,no_url,,https://orbit.dtu.dk/en/publications/c09fd02a-c8f6-455c-b97d-5a2c29bf43c9
10.1021/acs.nanolett.6b00689,Nano_Letters,2016,green,not_pdf,https://ddd.uab.cat/record/206943 [not_pdf],http://hdl.handle.net/10261/133083 | https://ddd.uab.cat/record/206943
10.1021/acs.nanolett.6b00712,Nano_Letters,2016,green,no_url,,http://hdl.handle.net/1721.1/111824
10.1021/acs.nanolett.6b00768,Nano_Letters,2016,hybrid,http_error,https://pubs.acs.org/doi/pdf/10.1021/acs.nanolett.6b00768 [http_error 403],https://doi.org/10.1021/acs.nanolett.6b00768 | https://www.ncbi.nlm.nih.gov/pmc/articles/4867471
10.1021/acs.nanolett.5b05316,Nano_Letters,2016,green,no_url,,http://infoscience.epfl.ch/record/217780 | https://infoscience.epfl.ch/handle/20.500.14299/125393 | https://zenodo.org/record/3450937
10.1021/acs.nanolett.6b00024,Nano_Letters,2016,hybrid,no_url,,http://hdl.handle.net/1721.1/105728 | https://doi.org/10.1021/acs.nanolett.6b00024 | https://www.ncbi.nlm.nih.gov/pmc/articles/4789754
10.1021/acs.nanolett.6b00054,Nano_Letters,2016,hybrid,no_url,,https://doi.org/10.1021/acs.nanolett.6b00054 | https://www.ncbi.nlm.nih.gov/pmc/articles/4948975
10.1021/acs.nanolett.6b00315,Nano_Letters,2016,hybrid,http_error,https://pubs.acs.org/doi/pdf/10.1021/acs.nanolett.6b00315?ref=article_openPDF [http_error 403],http://infoscience.epfl.ch/record/219615 | https://doi.org/10.1021/acs.nanolett.6b00315 | https://www.ncbi.nlm.nih.gov/pmc/articles/4901366
10.1021/acs.nanolett.6b01038,Nano_Letters,2016,hybrid,no_url,,http://hdl.handle.net/10754/614818 | http://resolver.tudelft.nl/uuid:55a7e8c6-b3a2-40df-96ac-43a84fd3bdbf | https://doi.org/10.1021/acs.nanolett.6b01038 | https://research.tue.nl/en/publications/6bba1de1-f905-44a7-addc-3055556b1815 | https://research.tue.nl/nl/publications/6bba1de1-f905-44a7-addc-3055556b1815 | https://www.ncbi.nlm.nih.gov/pmc/articles/4901362
10.1021/acs.nanolett.6b01255,Nano_Letters,2016,green,no_url,,http://infoscience.epfl.ch/record/222303
10.1021/acs.nanolett.5b03871,Nano_Letters,2015,green,not_pdf,https://www.osti.gov/biblio/1532170 [not_pdf],http://infoscience.epfl.ch/record/223833 | https://www.osti.gov/biblio/1532170
10.1021/acs.nanolett.5b03888,Nano_Letters,2015,green,no_url,,https://www.ncbi.nlm.nih.gov/pmc/articles/5592801
10.1021/acs.nanolett.5b04025,Nano_Letters,2015,hybrid,http_error,https://pubs.acs.org/doi/pdf/10.1021/acs.nanolett.5b04025?ref=article_openPDF [http_error 403],http://hdl.handle.net/20.500.11850/107683 | https://doi.org/10.1021/acs.nanolett.5b04025 | https://doi.org/10.3929/ethz-b-000107683 | https://www.ncbi.nlm.nih.gov/pmc/articles/4710456
10.1021/acs.nanolett.5b04189,Nano_Letters,2015,hybrid,no_url,,https://doi.org/10.1021/acs.nanolett.5b04189
10.1021/acs.nanolett.5b04190,Nano_Letters,2016,hybrid,http_error,https://pubs.acs.org/doi/pdf/10.1021/acs.nanolett.5b04190?ref=article_openPDF [http_error 403],https://doi.org/10.1021/acs.nanolett.5b04190
10.1021/acs.nanolett.6b03989,Nano_Letters,2016,hybrid,http_error,https://pubs.acs.org/doi/pdf/10.1021/acs.nanolett.6b03989?ref=article_openPDF [http_error 403],https://doi.org/10.1021/acs.nanolett.6b03989
10.1021/acs.nanolett.6b04044,Nano_Letters,2016,green,http_error,http://ira.lib.polyu.edu.hk/bitstream/10397/100423/1/Zhu_Structure_Properties_Sodium.pdf [http_error],http://hdl.handle.net/10397/100423
10.1021/acs.nanolett.6b04087,Nano_Letters,2017,hybrid,no_url,,https://doi.org/10.1021/acs.nanolett.6b04087 | https://www.ncbi.nlm.nih.gov/pmc/articles/5309862
10.1021/acs.nanolett.6b04242,Nano_Letters,2016,green,no_url,,http://hdl.handle.net/10281/140649
10.1021/acs.nanolett.6b04516,Nano_Letters,2016,green,http_error,https://escholarship.org/uc/item/7496b57c [http_error 403],https://escholarship.org/uc/item/7496b57c
10.1021/acs.nanolett.6b03354,Nano_Letters,2016,green,no_url,,http://infoscience.epfl.ch/record/225111 | https://infoscience.epfl.ch/handle/20.500.14299/133702
10.1021/acs.nanolett.7b00404,Nano_Letters,2017,hybrid,no_url,,http://doi.org/10.1021/acs.nanolett.7b00404. | https://doi.org/10.1021/acs.nanolett.7b00404
10.1021/acs.nanolett.7b00468,Nano_Letters,2017,hybrid,http_error,https://pubs.acs.org/doi/pdf/10.1021/acs.nanolett.7b00468 [http_error 403] | http://hdl.handle.net/11858/00-001M-0000-002C-E929-A [http_error 403],http://hdl.handle.net/11858/00-001M-0000-002C-E929-A | https://doi.org/10.1021/acs.nanolett.7b00468 | https://hdl.handle.net/11858/00-001M-0000-002C-E929-A | https://www.ncbi.nlm.nih.gov/pmc/articles/5391501
10.1021/acs.nanolett.7b00574,Nano_Letters,2017,hybrid,no_url,,http://urn.kb.se/resolve?urn=urn:nbn:se:liu:diva-138266 | https://doi.org/10.1021/acs.nanolett.7b00574
10.1021/acs.nanolett.7b01215,Nano_Letters,2017,hybrid,http_error,https://pubs.acs.org/doi/pdf/10.1021/acs.nanolett.7b01215 [http_error 403],https://doi.org/10.1021/acs.nanolett.7b01215
10.1021/acs.nanolett.7b01353,Nano_Letters,2017,hybrid,no_url,,http://hdl.handle.net/10044/1/66849 | http://infoscience.epfl.ch/record/232285 | http://infoscience.epfl.ch/record/256119 | https://doi.org/10.1021/acs.nanolett.7b01353 | https://research-information.bris.ac.uk/en/publications/198bddfb-6647-452c-8f34-48d1895d1bc1
10.1021/acs.nanolett.7b01360,Nano_Letters,2017,green,http_error,https://orca.cardiff.ac.uk/id/eprint/112315/1/Manuscript.pdf [http_error 403],https://orca.cardiff.ac.uk/id/eprint/112315/1/Manuscript.pdf
10.1021/acs.nanolett.7b01404,Nano_Letters,2017,hybrid,no_url,,https://doi.org/10.1021/acs.nanolett.7b01404
10.1021/acs.nanolett.6b02994,Nano_Letters,2016,hybrid,no_url,,https://doi.org/10.1021/acs.nanolett.6b02994
10.1021/acs.nanolett.6b03296,Nano_Letters,2016,hybrid,http_error,https://pubs.acs.org/doi/pdf/10.1021/acs.nanolett.6b03296 [http_error 403],https://doi.org/10.1021/acs.nanolett.6b03296
10.1021/acs.nanolett.6b03302,Nano_Letters,2016,hybrid,http_error,https://pubs.acs.org/doi/pdf/10.1021/acs.nanolett.6b03302 [http_error 403],https://doi.org/10.1021/acs.nanolett.6b03302
10.1021/acs.nanolett.7b00847,Nano_Letters,2017,hybrid,no_url,,https://doi.org/10.1021/acs.nanolett.7b00847
10.1021/acs.nanolett.7b01030,Nano_Letters,2017,green,no_url,,https://zenodo.org/record/3450945
10.1021/acs.nanolett.6b05026,Nano_Letters,2017,green,no_url,,https://kclpure.kcl.ac.uk/portal/en/publications/3a9a728c-5b90-45c0-b5cb-54495157d182
10.1021/acs.nanolett.6b05098,Nano_Letters,2017,green,no_url,,https://zenodo.org/record/3495628
10.1021/acs.nanolett.7b00126,Nano_Letters,2017,green,no_url,,http://hdl.handle.net/10072/408312
10.1021/acs.nanolett.6b02061,Nano_Letters,2016,hybrid,http_error,https://pubs.acs.org/doi/pdf/10.1021/acs.nanolett.6b02061 [http_error 403],https://doi.org/10.1021/acs.nanolett.6b02061
10.1021/acs.nanolett.6b02321,Nano_Letters,2016,green,not_pdf,https://www.osti.gov/biblio/1832538 [not_pdf],https://www.osti.gov/biblio/1832538
10.1021/acs.nanolett.6b02360,Nano_Letters,2016,green,no_url,,https://research.utwente.nl/en/publications/febb4155-94fc-4a6b-84f2-9a5c13198e32 | https://research.wur.nl/en/publications/metal-organic-polyhedra-coated-si-nanowires-for-the-sensitive-det
10.1021/acs.nanolett.7b02311,Nano_Letters,2017,hybrid,no_url,,http://infoscience.epfl.ch/record/229962 | https://doi.org/10.1021/acs.nanolett.7b02311
10.1021/acs.nanolett.7b02381,Nano_Letters,2017,green,http_error,https://escholarship.org/content/qt0f0789rm/qt0f0789rm.pdf?t=pfnuet [http_error 403],https://escholarship.org/uc/item/0f0789rm
10.1021/acs.nanolett.6b02690,Nano_Letters,2016,hybrid,no_url,,https://doi.org/10.1021/acs.nanolett.6b02690
10.1021/acs.nanolett.6b02802,Nano_Letters,2016,green,http_error,https://escholarship.org/content/qt3fn4w2k2/qt3fn4w2k2.pdf [http_error 403],http://www.escholarship.org/uc/item/3fn4w2k2 | https://escholarship.org/uc/item/3fn4w2k2
10.1021/acs.nanolett.7b01558,Nano_Letters,2017,green,no_url,,https://resolver.sub.uni-goettingen.de/purl?gro-2/13588
10.1021/acs.nanolett.7b01593,Nano_Letters,2017,hybrid,no_url,,https://doi.org/10.1021/acs.nanolett.7b01593
10.1021/acs.nanolett.7b01803,Nano_Letters,2017,green,no_url,,http://resolver.tudelft.nl/uuid:b7eca67f-c3a8-4925-8865-517533485602 | https://hdl.handle.net/20.500.12733/1665227
10.1021/acs.nanolett.7b01857,Nano_Letters,2017,green,no_url,,https://hdl.handle.net/11380/1317248
10.1021/acs.nanolett.7b01924,Nano_Letters,2017,green,title_mismatch,https://arxiv.org/pdf/1805.01150 [title_mismatch],http://arxiv.org/abs/1805.01150 | http://hdl.handle.net/10651/46362
10.1021/acs.nanolett.6b03829,Nano_Letters,2016,hybrid,http_error,https://pubs.acs.org/doi/pdf/10.1021/acs.nanolett.6b03829?ref=article_openPDF [http_error 403],https://doi.org/10.1021/acs.nanolett.6b03829
10.1021/acs.nanolett.6b04906,Nano_Letters,2017,green,no_url,,http://infoscience.epfl.ch/record/228797 | https://infoscience.epfl.ch/handle/20.500.14299/144770 | https://zenodo.org/record/3499052
10.1021/acs.nanolett.7b04924,Nano_Letters,2018,hybrid,http_error,https://pubs.acs.org/doi/pdf/10.1021/acs.nanolett.7b04924 [http_error 403],https://doi.org/10.1021/acs.nanolett.7b04924 | https://www.ncbi.nlm.nih.gov/pmc/articles/6047511
10.1021/acs.nanolett.7b04477,Nano_Letters,2018,green,not_pdf,https://www.osti.gov/biblio/1437005 [not_pdf],https://www.osti.gov/biblio/1437005
10.1021/acs.nanolett.7b04138,Nano_Letters,2017,green,http_error,https://repo.uni-hannover.de/bitstreams/c472c3c6-bd3a-49b2-96cd-74be04bfa916/download [http_error 403],https://doi.org/10.15488/5473 | https://repo.uni-hannover.de/handle/123456789/5520 | https://www.repo.uni-hannover.de/handle/123456789/5520
10.1021/acs.nanolett.7b05469,Nano_Letters,2018,green,no_url,,https://infoscience.epfl.ch/handle/20.500.14299/150570
10.1021/acs.nanolett.8b00171,Nano_Letters,2018,hybrid,no_url,,http://hdl.handle.net/1887/61236 | https://doi.org/10.1021/acs.nanolett.8b00171 | https://www.ncbi.nlm.nih.gov/pmc/articles/5897863
10.1021/acs.nanolett.8b00723,Nano_Letters,2018,green,no_url,,https://escholarship.org/uc/item/1qq9s2hr | https://www.ncbi.nlm.nih.gov/pmc/articles/6002937
10.1021/acs.nanolett.8b00560,Nano_Letters,2018,green,not_pdf,https://escholarship.org/uc/item/9138d67m [http_error 403] | https://www.osti.gov/biblio/1532323 [not_pdf],https://escholarship.org/uc/item/9138d67m | https://www.osti.gov/biblio/1532323
10.1021/acs.nanolett.8b00603,Nano_Letters,2018,green,http_error,https://www.osti.gov/servlets/purl/1601182 [http_error 403],https://www.osti.gov/biblio/1601182
10.1021/acs.nanolett.8b01440,Nano_Letters,2018,green,no_url,,http://infoscience.epfl.ch/record/259059
10.1021/acs.nanolett.8b01592,Nano_Letters,2018,hybrid,no_url,,https://doi.org/10.1021/acs.nanolett.8b01592
10.1021/acs.nanolett.8b01616,Nano_Letters,2018,green,not_pdf,http://hdl.handle.net/2066/195840 [not_pdf],http://hdl.handle.net/2066/195840
10.1021/acs.nanolett.8b02036,Nano_Letters,2018,green,title_mismatch,https://arxiv.org/pdf/1802.01906 [title_mismatch],http://arxiv.org/abs/1802.01906
10.1021/acs.nanolett.7b02677,Nano_Letters,2017,hybrid,no_url,,https://doi.org/10.1021/acs.nanolett.7b02677
10.1021/acs.nanolett.7b02730,Nano_Letters,2017,hybrid,no_url,,https://doi.org/10.1021/acs.nanolett.7b02730
10.1021/acs.nanolett.7b02832,Nano_Letters,2017,green,no_url,,https://hal.science/hal-01788664
10.1021/acs.nanolett.7b02929,Nano_Letters,2017,green,no_url,,https://research.utwente.nl/en/publications/8df17471-090d-452a-ba2b-5cb2ed694592 | https://www.ncbi.nlm.nih.gov/pmc/articles/5683165
10.1021/acs.nanolett.7b02959,Nano_Letters,2017,green,http_error,https://www.osti.gov/servlets/purl/1599776 [http_error 403],https://www.osti.gov/biblio/1599776
10.1021/acs.nanolett.7b02972,Nano_Letters,2017,hybrid,not_pdf,https://research.tue.nl/nl/publications/1cba8c05-1916-4c22-8c00-155b9981a1f8 [not_pdf],https://doi.org/10.1021/acs.nanolett.7b02972 | https://research.tue.nl/en/publications/1cba8c05-1916-4c22-8c00-155b9981a1f8 | https://research.tue.nl/nl/publications/1cba8c05-1916-4c22-8c00-155b9981a1f8 | https://www.ncbi.nlm.nih.gov/pmc/articles/5642000
10.1021/acs.nanolett.7b03831,Nano_Letters,2017,green,http_error,https://escholarship.org/content/qt65k5s06v/qt65k5s06v.pdf?t=pfo5f8 [http_error 403],https://escholarship.org/uc/item/65k5s06v
10.1021/acs.nanolett.7b03989,Nano_Letters,2017,green,http_error,https://escholarship.org/content/qt3x6983c0/qt3x6983c0.pdf [http_error 403],https://escholarship.org/uc/item/3x6983c0
10.1021/acs.nanolett.8b03461,Nano_Letters,2018,green,no_url,,https://www.ncbi.nlm.nih.gov/pmc/articles/6432654
10.1021/acs.nanolett.8b03552,Nano_Letters,2018,green,no_url,,https://infoscience.epfl.ch/handle/20.500.14299/154293
10.1021/acs.nanolett.8b03598,Nano_Letters,2018,hybrid,http_error,https://pubs.acs.org/doi/pdf/10.1021/acs.nanolett.8b03598 [http_error 403],https://doi.org/10.1021/acs.nanolett.8b03598 | https://research.vu.nl/en/publications/0e17ff81-267f-4686-8585-c478bbe47e04 | https://www.ncbi.nlm.nih.gov/pmc/articles/6428374 | https://zenodo.org/record/4003507
10.1021/acs.nanolett.8b03608,Nano_Letters,2018,hybrid,http_error,https://pubs.acs.org/doi/pdf/10.1021/acs.nanolett.8b03608 [http_error 403],https://doi.org/10.1021/acs.nanolett.8b03608 | https://www.ncbi.nlm.nih.gov/pmc/articles/6238956
10.1021/acs.nanolett.8b04607,Nano_Letters,2019,green,no_url,,https://hdl.handle.net/11250/2721121
10.1021/acs.nanolett.8b01191,Nano_Letters,2018,green,no_url,,https://hdl.handle.net/11370/73c8d6dc-8e2e-4a6b-8b0b-ca200539fd6b | https://research.rug.nl/en/publications/73c8d6dc-8e2e-4a6b-8b0b-ca200539fd6b
10.1021/acs.nanolett.8b03937,Nano_Letters,2018,hybrid,http_error,https://pubs.acs.org/doi/pdf/10.1021/acs.nanolett.8b03937 [http_error 403],http://hdl.handle.net/20.500.11850/312304 | https://doi.org/10.1021/acs.nanolett.8b03937 | https://doi.org/10.3929/ethz-b-000312304 | https://www.ncbi.nlm.nih.gov/pmc/articles/6477803
10.1021/acs.nanolett.8b04778,Nano_Letters,2019,green,no_url,,http://hdl.handle.net/10919/89479
10.1021/acs.nanolett.8b04841,Nano_Letters,2019,green,title_mismatch,https://arxiv.org/pdf/1807.01634 [title_mismatch],http://arxiv.org/abs/1807.01634 | http://orbilu.uni.lu/handle/10993/38916
10.1021/acs.nanolett.7b05246,Nano_Letters,2018,green,http_error,https://www.osti.gov/servlets/purl/1530338 [http_error 403],https://www.osti.gov/biblio/1530338
10.1021/acs.nanolett.7b05295,Nano_Letters,2018,green,no_url,,http://infoscience.epfl.ch/record/255549
10.1021/acs.nanolett.7b05339,Nano_Letters,2018,hybrid,no_url,,https://doi.org/10.1021/acs.nanolett.7b05339
10.1021/acs.nanolett.7b05358,Nano_Letters,2018,hybrid,no_url,,http://mediatum.ub.tum.de/node?id=1531243 | http://resolver.tudelft.nl/uuid:b3c50840-f2f8-4dd5-81ca-28c9936e8ee5 | https://doi.org/10.1021/acs.nanolett.7b05358 | https://www.ncbi.nlm.nih.gov/pmc/articles/6023267
10.1021/acs.nanolett.9b00558,Nano_Letters,2019,hybrid,http_error,https://pubs.acs.org/doi/pdf/10.1021/acs.nanolett.9b00558 [http_error 403],http://hdl.handle.net/21.11116/0000-0003-B671-0 | https://doi.org/10.1021/acs.nanolett.9b00558 | https://www.ncbi.nlm.nih.gov/pmc/articles/6750903
10.1021/acs.nanolett.8b01802,Nano_Letters,2018,green,no_url,,https://doi.org/10.3204/pubdb-2019-00086
10.1021/acs.nanolett.9b01355,Nano_Letters,2019,green,title_mismatch,https://arxiv.org/pdf/1807.08296 [title_mismatch],http://arxiv.org/abs/1807.08296
10.1021/acs.nanolett.9b02296,Nano_Letters,2019,green,no_url,,https://www.ncbi.nlm.nih.gov/pmc/articles/7174248
10.1021/acs.nanolett.9b02345,Nano_Letters,2019,hybrid,no_url,,http://hdl.handle.net/21.11116/0000-0004-742A-B | https://doi.org/10.1021/acs.nanolett.9b02345 | https://www.ncbi.nlm.nih.gov/pmc/articles/6748789
10.1021/acs.nanolett.9b02376,Nano_Letters,2019,hybrid,not_pdf,https://research.tue.nl/nl/publications/1613d758-bdbd-4b0d-87ba-b3d0d8e845a3 [not_pdf],https://doi.org/10.1021/acs.nanolett.9b02376 | https://dspace.library.uu.nl/handle/1874/390625 | https://research.rug.nl/en/publications/11b4a02d-abb2-475e-bc01-f08e2cde5c46 | https://research.tue.nl/en/publications/1613d758-bdbd-4b0d-87ba-b3d0d8e845a3 | https://research.tue.nl/nl/publications/1613d758-bdbd-4b0d-87ba-b3d0d8e845a3 | https://research.vu.nl/en/publications/cee7f57b-102b-4194-8012-18da4a22e79f | https://research.wur.nl/en/publications/real-time-assembly-of-viruslike-nucleocapsids-elucidated-at-the-s | https://www.ncbi.nlm.nih.gov/pmc/articles/6696885
10.1021/acs.nanolett.9b02402,Nano_Letters,2019,green,no_url,,https://www.ncbi.nlm.nih.gov/pmc/articles/7271685
10.1021/acs.nanolett.8b04935,Nano_Letters,2019,hybrid,http_error,https://pubs.acs.org/doi/pdf/10.1021/acs.nanolett.8b04935 [http_error 403],https://doi.org/10.1021/acs.nanolett.8b04935 | https://www.ncbi.nlm.nih.gov/pmc/articles/6421575
10.1021/acs.nanolett.8b04972,Nano_Letters,2019,hybrid,no_url,,http://hdl.handle.net/1885/201363 | https://doi.org/10.1021/acs.nanolett.8b04972 | https://www.ncbi.nlm.nih.gov/pmc/articles/6728126
10.1021/acs.nanolett.8b05019,Nano_Letters,2019,green,http_error,https://dr.ntu.edu.sg/bitstream/10356/142857/2/Polymer%20Electrolyte%20Glue-%20A%20Universal%20Interfacial%20Modification%20Strategy%20for%20All-Solid-State%20Li%20Batteries.pdf [http_error 405],https://hdl.handle.net/10356/142857
10.1021/acs.nanolett.8b05051,Nano_Letters,2019,green,no_url,,https://www.ncbi.nlm.nih.gov/pmc/articles/6451690
10.1021/acs.nanolett.8b05189,Nano_Letters,2019,green,no_url,,http://hdl.handle.net/10072/399780
10.1021/acs.nanolett.9b02888,Nano_Letters,2019,green,no_url,,https://orbit.dtu.dk/en/publications/0ca77df8-32e2-4742-96b8-c0e84503841e
10.1021/acs.nanolett.9b03529,Nano_Letters,2019,hybrid,no_url,,https://doi.org/10.1021/acs.nanolett.9b03529 | https://www.ncbi.nlm.nih.gov/pmc/articles/7025757
10.1021/acs.nanolett.9b03664,Nano_Letters,2019,green,no_url,,http://hdl.handle.net/10344/9360 | https://figshare.com/articles/journal_contribution/Copper_silicide_nanowires_as_hosts_for_amorphous_Si_deposition_as_a_route_to_produce_high_capacity_lithium-ion_battery_anodes/19815742
10.1021/acs.nanolett.9b03780,Nano_Letters,2020,green,http_error,https://escholarship.org/content/qt6qf4f9cz/qt6qf4f9cz.pdf [http_error 403],https://escholarship.org/uc/item/6qf4f9cz
10.1021/nl0259333,Nano_Letters,2003,green,no_url,,http://edoc.mpg.de/112532
10.1021/acs.nanolett.9b01948,Nano_Letters,2019,green,no_url,,http://resolver.tudelft.nl/uuid:454fe294-2f27-49db-ba07-d3167bc5cb78
10.1021/acs.nanolett.9b01970,Nano_Letters,2019,hybrid,no_url,,https://doi.org/10.1021/acs.nanolett.9b01970 | https://www.ncbi.nlm.nih.gov/pmc/articles/6746046
10.1021/acs.nanolett.9b03862,Nano_Letters,2019,green,not_pdf,http://hdl.handle.net/11343/240499 [not_pdf],https://hdl.handle.net/11343/240499
10.1021/acs.nanolett.9b02014,Nano_Letters,2019,hybrid,no_url,,https://doi.org/10.1021/acs.nanolett.9b02014
10.1021/acs.nanolett.9b02040,Nano_Letters,2019,green,no_url,,https://hal.archives-ouvertes.fr/hal-02326742 | https://hal.science/hal-02326742
10.1021/acs.nanolett.9b02100,Nano_Letters,2019,green,no_url,,https://research.utwente.nl/en/publications/4c77c951-8a68-4c87-b9c2-2eb00ec10797
10.1021/acs.nanolett.9b02137,Nano_Letters,2019,green,http_error,http://ira.lib.polyu.edu.hk/bitstream/10397/95293/1/Defect_Engineering_Palladium-Tin.pdf [http_error],http://hdl.handle.net/10397/95293
10.1021/acs.nanolett.9b02239,Nano_Letters,2019,green,no_url,,https://digitalcommons.lsu.edu/eecs_pubs/1455 | https://digitalcommons.lsu.edu/mechanical_engineering_pubs/36 | https://repository.lsu.edu/eecs_pubs/1455 | https://repository.lsu.edu/mechanical_engineering_pubs/36
10.1021/acs.nanolett.9b04552,Nano_Letters,2019,green,no_url,,https://www.ncbi.nlm.nih.gov/pmc/articles/7018576
10.1021/acs.nanolett.9b04640,Nano_Letters,2020,green,no_url,,https://www.ncbi.nlm.nih.gov/pmc/articles/7727918
10.1021/nl034079s,Nano_Letters,2003,green,no_url,,http://hdl.handle.net/10261/31231
10.1021/acs.nanolett.9b03175,Nano_Letters,2019,green,no_url,,https://www.ncbi.nlm.nih.gov/pmc/articles/8210888
10.1021/acs.nanolett.9b03232,Nano_Letters,2019,green,no_url,,https://research.aalto.fi/en/publications/magnetic-actuation-of-flexible-microelectrode-arrays-for-neural-activity-recordings(d71c3b4f-4ec5-4d7a-97ee-39dd223b183d).html
10.1021/nl034893f,Nano_Letters,2003,green,title_mismatch,https://arxiv.org/pdf/cond-mat/0310625 [title_mismatch],http://arxiv.org/abs/cond-mat/0310625 | https://doi.org/10.48550/arxiv.cond-mat/0310625
10.1021/acs.nanolett.9b04304,Nano_Letters,2019,hybrid,no_url,,http://infoscience.epfl.ch/record/273653 | https://doi.org/10.1021/acs.nanolett.9b04304
10.1021/acs.nanolett.9b04507,Nano_Letters,2019,hybrid,no_url,,https://doi.org/10.1021/acs.nanolett.9b04507
10.1021/acs.nanolett.9b04909,Nano_Letters,2020,hybrid,no_url,,https://doi.org/10.1021/acs.nanolett.9b04909 | https://www.ncbi.nlm.nih.gov/pmc/articles/7146857
10.1021/acs.nanolett.9b04963,Nano_Letters,2020,green,no_url,,https://www.ncbi.nlm.nih.gov/pmc/articles/7067626
10.1021/acs.nanolett.9b05066,Nano_Letters,2020,hybrid,http_error,https://pubs.acs.org/doi/pdf/10.1021/acs.nanolett.9b05066 [http_error 403],https://doi.org/10.1021/acs.nanolett.9b05066 | https://hdl.handle.net/1721.1/124494 | https://www.ncbi.nlm.nih.gov/pmc/articles/7307958
10.1021/acs.nanolett.9b05101,Nano_Letters,2020,hybrid,no_url,,http://hdl.handle.net/21.11116/0000-0005-A26B-C | https://doi.org/10.1021/acs.nanolett.9b05101 | https://www.ncbi.nlm.nih.gov/pmc/articles/7068716
10.1021/nl049333a,Nano_Letters,2004,green,no_url,,http://infoscience.epfl.ch/record/89106 | https://infoscience.epfl.ch/handle/20.500.14299/233545
10.1021/nl035193d,Nano_Letters,2004,green,no_url,,https://www.ncbi.nlm.nih.gov/pmc/articles/3050644
10.1021/nl052105b,Nano_Letters,2005,green,no_url,,https://www.ncbi.nlm.nih.gov/pmc/articles/2527125
10.1021/nl052223z,Nano_Letters,2006,green,no_url,,http://infoscience.epfl.ch/record/133972 | https://infoscience.epfl.ch/handle/20.500.14299/35149
10.1021/nl052322c,Nano_Letters,2006,green,no_url,,https://www.ncbi.nlm.nih.gov/pmc/articles/1447673
10.1021/nl0702766,Nano_Letters,2007,green,no_url,,https://www.ncbi.nlm.nih.gov/pmc/articles/2528244
10.1021/nl070838l,Nano_Letters,2007,green,no_url,,https://www.ncbi.nlm.nih.gov/pmc/articles/2504472
10.1021/nl071158l,Nano_Letters,2007,green,title_mismatch,https://arxiv.org/pdf/0705.0492 [title_mismatch],http://arxiv.org/abs/0705.0492
10.1021/nl0713979,Nano_Letters,2007,green,no_url,,http://nrs.harvard.edu/urn-3:HUL.InstRepos:41372492
10.1021/nl0725087,Nano_Letters,2007,green,no_url,,https://hal.science/hal-00258841
10.1021/nl0719123,Nano_Letters,2007,green,not_pdf,https://www.osti.gov/servlets/purl/1146393 [not_pdf],https://www.osti.gov/biblio/1146393
10.1021/nl0721867,Nano_Letters,2007,green,no_url,,https://dspace.library.uu.nl/handle/1874/32890
10.1021/nl0616227,Nano_Letters,2006,green,no_url,,https://dspace.library.uu.nl/handle/1874/20168
10.1021/nl1025826,Nano_Letters,2010,green,no_url,,http://www.escholarship.org/uc/item/26z9w3p7 | https://escholarship.org/uc/item/26z9w3p7 | https://www.ncbi.nlm.nih.gov/pmc/articles/3116991
10.1021/nl101640k,Nano_Letters,2010,green,no_url,,https://www.ncbi.nlm.nih.gov/pmc/articles/2912439
10.1021/nl101723g,Nano_Letters,2010,green,no_url,,http://hdl.handle.net/10161/4093
10.1021/nl1022354,Nano_Letters,2010,green,no_url,,http://infoscience.epfl.ch/record/166692 | https://zenodo.org/record/3425179
10.1021/nl1022892,Nano_Letters,2010,green,no_url,,https://www.ncbi.nlm.nih.gov/pmc/articles/2955180
10.1021/nl101198b,Nano_Letters,2010,green,no_url,,http://infoscience.epfl.ch/record/151646 | https://www.openaccessrepository.it/record/22502 | https://zenodo.org/record/3443858
10.1021/nl1012085,Nano_Letters,2010,hybrid,http_error,https://pubs.acs.org/doi/pdf/10.1021/nl1012085 [http_error 403],https://doi.org/10.1021/nl1012085
10.1021/nl101411h,Nano_Letters,2010,green,no_url,,http://infoscience.epfl.ch/record/172457
10.1021/nl102838w,Nano_Letters,2011,green,no_url,,http://infoscience.epfl.ch/record/164785
10.1021/nl102931z,Nano_Letters,2010,green,title_mismatch,https://www.osti.gov/servlets/purl/1011104 [title_mismatch],https://www.osti.gov/biblio/1011104
10.1021/nl103031s,Nano_Letters,2010,bronze,http_error,https://pubs.acs.org/doi/pdf/10.1021/nl103031s?ref=article_openPDF [http_error 403],https://doi.org/10.1021/nl103031s
10.1021/nl103943u,Nano_Letters,2011,green,http_error,https://dspace.mit.edu/bitstream/1721.1/77587/1/Buehler_Hierarchical%20nanomechanics.pdf [http_error 405],http://hdl.handle.net/1721.1/77587
10.1021/nl201085b,Nano_Letters,2011,green,no_url,,http://infoscience.epfl.ch/record/176022
10.1021/nl201108b,Nano_Letters,2011,green,no_url,,https://monarch.qucosa.de/id/qucosa%3A20367
10.1021/nl201189z,Nano_Letters,2011,green,title_mismatch,https://arxiv.org/pdf/1104.3169 [title_mismatch],http://arxiv.org/abs/1104.3169
10.1021/nl2013289,Nano_Letters,2011,hybrid,http_error,https://pubs.acs.org/doi/pdf/10.1021/nl2013289?ref=article_openPDF [http_error 403],https://doi.org/10.1021/nl2013289 | https://www.ncbi.nlm.nih.gov/pmc/articles/3136111
10.1021/nl202036y,Nano_Letters,2011,green,no_url,,https://zenodo.org/record/3425185
10.1021/nl202219w,Nano_Letters,2011,green,no_url,,https://www.ncbi.nlm.nih.gov/pmc/articles/3205448
10.1021/nl202528h,Nano_Letters,2011,green,no_url,,http://infoscience.epfl.ch/record/220797
10.1021/nl202583g,Nano_Letters,2011,green,no_url,,https://stars.library.ucf.edu/facultybib2010/1466 | https://stars.library.ucf.edu/scopus2010/1945
10.1021/nl2026184,Nano_Letters,2011,green,no_url,,http://infoscience.epfl.ch/record/170726 | https://infoscience.epfl.ch/handle/20.500.14299/73307
10.1021/nl2001132,Nano_Letters,2011,green,http_error,https://research.tue.nl/files/3431259/568525950581138.pdf [http_error 403],https://research.tue.nl/en/publications/15a1cf79-22dc-495f-b850-940470d8e914 | https://research.tue.nl/nl/publications/15a1cf79-22dc-495f-b850-940470d8e914
10.1021/nl203325s,Nano_Letters,2011,green,not_pdf,https://repository.bilkent.edu.tr/bitstreams/d708bb73-38e5-4df5-bcfc-3c3708d309e7/download [not_pdf],http://hdl.handle.net/11693/13187
10.1021/nl203365y,Nano_Letters,2011,green,no_url,,https://www.ncbi.nlm.nih.gov/pmc/articles/3383062
10.1021/nl1032233,Nano_Letters,2010,hybrid,http_error,https://pubs.acs.org/doi/pdf/10.1021/nl1032233?ref=article_openPDF [http_error 403],https://doi.org/10.1021/nl1032233
10.1021/nl103369g,Nano_Letters,2010,green,no_url,,https://www.ncbi.nlm.nih.gov/pmc/articles/3125600
10.1021/nl200689z,Nano_Letters,2011,green,no_url,,https://stars.library.ucf.edu/facultybib2010/1899 | https://stars.library.ucf.edu/scopus2010/3572
10.1021/nl200426g,Nano_Letters,2011,green,no_url,,http://nrs.harvard.edu/urn-3:HUL.InstRepos:33490462
10.1021/nl203030f,Nano_Letters,2011,green,no_url,,http://infoscience.epfl.ch/record/223875
10.1021/nl204420s,Nano_Letters,2012,green,no_url,,https://hull-repository.worktribe.com/output/1788971
10.1021/nl204449n,Nano_Letters,2012,green,http_error,https://arxiv.org/pdf/1111.5330 [http_error 404],http://arxiv.org/abs/1111.5330 | https://doi.org/10.48550/arxiv.1111.5330
10.1021/nl204545q,Nano_Letters,2012,green,title_mismatch,https://arxiv.org/pdf/1202.2886 [title_mismatch],http://arxiv.org/abs/1202.2886
10.1021/nl204561r,Nano_Letters,2012,green,no_url,,https://www.ncbi.nlm.nih.gov/pmc/articles/3461583
10.1021/nl2045777,Nano_Letters,2012,green,no_url,,http://hdl.handle.net/1721.1/86899 | https://hdl.handle.net/11511/29963
10.1021/nl2045952,Nano_Letters,2012,green,no_url,,https://www.ncbi.nlm.nih.gov/pmc/articles/3357130
10.1021/nl201782m,Nano_Letters,2011,green,no_url,,https://www.ncbi.nlm.nih.gov/pmc/articles/3173586
10.1021/nl201798e,Nano_Letters,2011,green,title_mismatch,https://www.osti.gov/servlets/purl/1168603 [title_mismatch],https://www.osti.gov/biblio/1168603
10.1021/nl2018838,Nano_Letters,2011,green,no_url,,https://www.ncbi.nlm.nih.gov/pmc/articles/3163910
10.1021/nl3002205,Nano_Letters,2012,green,title_mismatch,https://arxiv.org/pdf/1202.0735 [title_mismatch],http://arxiv.org/abs/1202.0735 | http://hdl.handle.net/2066/103334
10.1021/nl300256r,Nano_Letters,2012,green,no_url,,http://nrs.harvard.edu/urn-3:HUL.InstRepos:10397686 | https://www.ncbi.nlm.nih.gov/pmc/articles/3303933
10.1021/nl300294b,Nano_Letters,2012,hybrid,no_url,,https://doi.org/10.1021/nl300294b | https://www.ncbi.nlm.nih.gov/pmc/articles/3626319
10.1021/nl3003842,Nano_Letters,2012,green,no_url,,http://infoscience.epfl.ch/record/177757 | https://infoscience.epfl.ch/handle/20.500.14299/81209
10.1021/nl204198w,Nano_Letters,2012,green,no_url,,http://nrs.harvard.edu/urn-3:HUL.InstRepos:8895185 | https://www.ncbi.nlm.nih.gov/pmc/articles/3275690
10.1021/nl303101n,Nano_Letters,2012,green,no_url,,http://infoscience.epfl.ch/record/181245 | https://infoscience.epfl.ch/handle/20.500.14299/85402 | https://zenodo.org/record/3425205
10.1021/nl303288g,Nano_Letters,2012,hybrid,http_error,https://pubs.acs.org/doi/pdf/10.1021/nl303288g?ref=article_openPDF [http_error 403],https://doi.org/10.1021/nl303288g | https://www.ncbi.nlm.nih.gov/pmc/articles/3558012
10.1021/nl3019802,Nano_Letters,2012,green,title_mismatch,https://arxiv.org/pdf/1301.6601 [title_mismatch],http://arxiv.org/abs/1301.6601 | http://hdl.handle.net/2078.1/237306 | http://infoscience.epfl.ch/record/184263 | https://doi.org/10.48550/arxiv.1301.6601
10.1021/nl302206s,Nano_Letters,2012,green,no_url,,http://infoscience.epfl.ch/record/223867
10.1021/nl302266u,Nano_Letters,2012,green,no_url,,http://infoscience.epfl.ch/record/220788 | https://infoscience.epfl.ch/handle/20.500.14299/128626
10.1021/nl304435z,Nano_Letters,2012,green,no_url,,http://nrs.harvard.edu/urn-3:HUL.InstRepos:10399825 | https://www.ncbi.nlm.nih.gov/pmc/articles/3572243
10.1021/nl304602d,Nano_Letters,2013,green,no_url,,https://www.ncbi.nlm.nih.gov/pmc/articles/3686990
10.1021/nl304665y,Nano_Letters,2013,green,http_error,https://arxiv.org/pdf/1211.6801 [http_error 404],http://arxiv.org/abs/1211.6801 | https://doi.org/10.48550/arxiv.1211.6801
10.1021/nl304723c,Nano_Letters,2013,hybrid,no_url,,https://doi.org/10.1021/nl304723c | https://www.ncbi.nlm.nih.gov/pmc/articles/3624814
10.1021/nl400107k,Nano_Letters,2013,green,no_url,,https://figshare.com/articles/journal_contribution/Highly_responsive_ultrathin_GaS_nanosheet_photodetectors_on_rigid_and_flexible_substrates/20758456
10.1021/nl400286w,Nano_Letters,2013,green,no_url,,http://infoscience.epfl.ch/record/188998 | https://infoscience.epfl.ch/handle/20.500.14299/95251
10.1021/nl400674k,Nano_Letters,2013,hybrid,http_error,https://pubs.acs.org/doi/pdf/10.1021/nl400674k [http_error 403],http://hdl.handle.net/2262/72422 | https://doi.org/10.1021/nl400674k | https://www.ncbi.nlm.nih.gov/pmc/articles/3650657
10.1021/nl4003238,Nano_Letters,2013,green,no_url,,https://www.ncbi.nlm.nih.gov/pmc/articles/3888228
10.1021/nl4015028,Nano_Letters,2013,green,no_url,,http://infoscience.epfl.ch/record/189506 | https://infoscience.epfl.ch/handle/20.500.14299/95797
10.1021/nl4018463,Nano_Letters,2013,green,title_mismatch,https://arxiv.org/pdf/1305.5367 [title_mismatch],http://arxiv.org/abs/1305.5367
10.1021/nl401860f,Nano_Letters,2013,green,no_url,,https://www.ncbi.nlm.nih.gov/pmc/articles/4236022
10.1021/nl401921s,Nano_Letters,2013,green,http_error,https://arxiv.org/pdf/1211.3496 [http_error 404],http://arxiv.org/abs/1211.3496 | https://doi.org/10.48550/arxiv.1211.3496
10.1021/nl300982d,Nano_Letters,2012,green,no_url,,https://zenodo.org/record/3425197
10.1021/nl402054w,Nano_Letters,2013,green,no_url,,https://www.ncbi.nlm.nih.gov/pmc/articles/3796198
10.1021/nl402174g,Nano_Letters,2013,green,no_url,,http://nrs.harvard.edu/urn-3:HUL.InstRepos:33717989
10.1021/nl302810c,Nano_Letters,2012,green,no_url,,http://hdl.handle.net/1721.1/91498 | https://www.ncbi.nlm.nih.gov/pmc/articles/3468663
10.1021/nl3029202,Nano_Letters,2012,hybrid,no_url,,https://doi.org/10.1021/nl3029202
10.1021/nl303751d,Nano_Letters,2013,green,no_url,,https://lup.lub.lu.se/record/3628551
10.1021/nl3040256,Nano_Letters,2012,hybrid,http_error,https://pubs.acs.org/doi/pdf/10.1021/nl3040256?ref=article_openPDF [http_error 403],https://doi.org/10.1021/nl3040256
10.1021/nl3015632,Nano_Letters,2012,green,no_url,,https://www.ncbi.nlm.nih.gov/pmc/articles/3427743
10.1021/nl404207f,Nano_Letters,2014,green,http_error,https://dr.ntu.edu.sg/bitstream/10356/103803/1/Growth%20of%20large%20single-crystalline%20two-dimensional%20boron.pdf [http_error 405],http://hdl.handle.net/10220/19318
10.1021/nl404229w,Nano_Letters,2014,hybrid,http_error,https://pubs.acs.org/doi/pdf/10.1021/nl404229w?ref=article_openPDF [http_error 403],https://doi.org/10.1021/nl404229w | https://research.manchester.ac.uk/en/publications/08565c46-d73a-49e3-a6d7-8dbcd2938a71 | https://www.ncbi.nlm.nih.gov/pmc/articles/4055469
10.1021/nl404304h,Nano_Letters,2014,green,http_error,https://research.tue.nl/files/4016236/704104124195476.pdf [http_error 403],https://research.tue.nl/en/publications/86144623-cfec-41d6-bad7-52dfcb443fa0 | https://research.tue.nl/nl/publications/86144623-cfec-41d6-bad7-52dfcb443fa0
10.1021/nl404356t,Nano_Letters,2014,hybrid,http_error,https://pubs.acs.org/doi/pdf/10.1021/nl404356t?ref=article_openPDF [http_error 403],https://doi.org/10.1021/nl404356t
10.1021/nl3042917,Nano_Letters,2012,hybrid,http_error,https://pubs.acs.org/doi/pdf/10.1021/nl3042917 [http_error 403],http://hdl.handle.net/1721.1/82108 | http://nrs.harvard.edu/urn-3:HUL.InstRepos:11726250 | https://doi.org/10.1021/nl3042917 | https://www.ncbi.nlm.nih.gov/pmc/articles/3573729
10.1021/nl304362u,Nano_Letters,2013,green,http_error,https://dr.ntu.edu.sg/bitstream/10356/95749/1/223.%20Tailoring%20the%20lasing%20modes%20in%20semiconductor%20nanowire%20cavities%20using%20intrinsic%20self.pdf [http_error 405],http://hdl.handle.net/10220/9471
10.1021/nl403461n,Nano_Letters,2013,green,http_error,https://dr.ntu.edu.sg/bitstream/10356/79316/1/Fan%20Hongjin_NanoLett_2013_2.pdf [http_error 405],http://hdl.handle.net/10220/17791
10.1021/nl403496a,Nano_Letters,2013,green,no_url,,https://hal.science/hal-02991365
10.1021/nl403552q,Nano_Letters,2014,green,no_url,,http://infoscience.epfl.ch/record/198075 | http://nrs.harvard.edu/urn-3:HUL.InstRepos:25811029
10.1021/nl403197m,Nano_Letters,2013,green,no_url,,http://nrs.harvard.edu/urn-3:HUL.InstRepos:14004552
10.1021/nl403257a,Nano_Letters,2013,green,no_url,,http://nrs.harvard.edu/urn-3:HUL.InstRepos:41371310
10.1021/nl403265k,Nano_Letters,2013,green,no_url,,http://infoscience.epfl.ch/record/195587 | https://infoscience.epfl.ch/handle/20.500.14299/99343
10.1021/nl403279y,Nano_Letters,2013,green,no_url,,http://infoscience.epfl.ch/record/196134
10.1021/nl403411w,Nano_Letters,2014,hybrid,no_url,,https://doi.org/10.1021/nl403411w | https://www.ncbi.nlm.nih.gov/pmc/articles/3985450
10.1021/nl303610m,Nano_Letters,2012,hybrid,no_url,,https://doi.org/10.1021/nl303610m
10.1021/nl500149h,Nano_Letters,2014,hybrid,http_error,https://pubs.acs.org/doi/pdf/10.1021/nl500149h?ref=article_openPDF [http_error 403],https://doi.org/10.1021/nl500149h | https://www.ncbi.nlm.nih.gov/pmc/articles/4083195
10.1021/nl500158y,Nano_Letters,2014,hybrid,no_url,,https://doi.org/10.1021/nl500158y | https://orcid.org/0000-0003-0551-1208
10.1021/nl500170m,Nano_Letters,2014,hybrid,no_url,,https://doi.org/10.1021/nl500170m
10.1021/nl403751p,Nano_Letters,2013,green,no_url,,http://nrs.harvard.edu/urn-3:HUL.InstRepos:41371316
10.1021/nl403849g,Nano_Letters,2013,green,no_url,,http://infoscience.epfl.ch/record/196740
10.1021/nl403909r,Nano_Letters,2013,hybrid,no_url,,https://doi.org/10.1021/nl403909r
10.1021/nl404085a,Nano_Letters,2013,hybrid,no_url,,http://infoscience.epfl.ch/record/196742 | https://doi.org/10.1021/nl404085a | https://www.ncbi.nlm.nih.gov/pmc/articles/3890218
10.1021/nl4013248,Nano_Letters,2013,hybrid,http_error,https://pubs.acs.org/doi/pdf/10.1021/nl4013248?ref=article_openPDF [http_error 403],http://hdl.handle.net/20.500.11850/73745 | https://doi.org/10.1021/nl4013248 | https://doi.org/10.3929/ethz-b-000073745
10.1021/nl5002873,Nano_Letters,2014,hybrid,http_error,https://pubs.acs.org/doi/pdf/10.1021/nl5002873?ref=article_openPDF [http_error 403],https://doi.org/10.1021/nl5002873 | https://hdl.handle.net/11370/dd298f7b-0bb1-4619-a1a0-1b7762b11284 | https://www.ncbi.nlm.nih.gov/pmc/articles/3953990
10.1021/nl500349j,Nano_Letters,2014,hybrid,no_url,,https://doi.org/10.1021/nl500349j | https://www.openaccessrepository.it/record/91753
10.1021/nl500526r,Nano_Letters,2014,green,no_url,,https://figshare.com/articles/journal_contribution/All-solid-state_carbon_nanotube_torsional_and_tensile_artificial_muscles/27790650
10.1021/nl4024808,Nano_Letters,2013,green,no_url,,https://archive-ouverte.unige.ch/unige:31032
10.1021/nl402570u,Nano_Letters,2013,hybrid,no_url,,https://doi.org/10.1021/nl402570u | https://www.ncbi.nlm.nih.gov/pmc/articles/3834301
10.1021/nl402793z,Nano_Letters,2013,bronze,http_error,https://escholarship.org/content/qt97z815sv/qt97z815sv.pdf?t=omyq9s [http_error 403],https://doi.org/10.1021/nl402793z
10.1021/nl501090w,Nano_Letters,2014,green,no_url,,http://metaconferences.org/ocs/index.php/META15/META15/paper/view/3128
10.1021/nl503779e,Nano_Letters,2015,hybrid,no_url,,https://doi.org/10.1021/nl503779e
10.1021/nl503933n,Nano_Letters,2015,hybrid,no_url,,https://doi.org/10.1021/nl503933n
10.1021/nl503085v,Nano_Letters,2014,hybrid,http_error,https://pubs.acs.org/doi/pdf/10.1021/nl503085v [http_error 403],https://doi.org/10.1021/nl503085v
10.1021/nl503104n,Nano_Letters,2014,green,no_url,,http://nrs.harvard.edu/urn-3:HUL.InstRepos:41371312
10.1021/nl503181w,Nano_Letters,2014,green,no_url,,http://hdl.handle.net/1721.1/100774
10.1021/nl5031985,Nano_Letters,2014,hybrid,no_url,,https://doi.org/10.1021/nl5031985
10.1021/nl503279x,Nano_Letters,2014,green,no_url,,http://infoscience.epfl.ch/record/205564
10.1021/nl503332f,Nano_Letters,2014,green,no_url,,http://hdl.handle.net/11336/12821
10.1021/nl503352v,Nano_Letters,2014,hybrid,http_error,https://pubs.acs.org/doi/pdf/10.1021/nl503352v [http_error 403],https://doi.org/10.1021/nl503352v | https://hal.science/hal-01271638v1/document
10.1021/nl5024468,Nano_Letters,2014,green,no_url,,https://durham-repository.worktribe.com/output/1326949
10.1021/nl502629x,Nano_Letters,2014,green,title_mismatch,https://arxiv.org/pdf/1403.6423 [title_mismatch],http://arxiv.org/abs/1403.6423
10.1021/nl503378a,Nano_Letters,2014,green,no_url,,http://ir.ipe.ac.cn/handle/122111/11818
10.1021/nl5034304,Nano_Letters,2014,hybrid,no_url,,https://doi.org/10.1021/nl5034304 | https://www.ncbi.nlm.nih.gov/pmc/articles/4367200
10.1021/nl503451j,Nano_Letters,2015,green,title_mismatch,https://arxiv.org/pdf/1409.3068 [title_mismatch],http://arxiv.org/abs/1409.3068
10.1021/nl503460p,Nano_Letters,2014,green,http_error,https://research.manchester.ac.uk/files/27933829/POST-PEER-REVIEW-PUBLISHERS.PDF [http_error 403],https://research.manchester.ac.uk/en/publications/d92d151e-b2ef-4795-9413-45ef0c43ae77
10.1021/nl503490h,Nano_Letters,2014,green,http_error,https://escholarship.org/content/qt6kq72727/qt6kq72727.pdf?t=p7303k [http_error 403],https://escholarship.org/uc/item/6kq72727
10.1021/nl800914m,Nano_Letters,2008,green,no_url,,https://research.manchester.ac.uk/en/publications/7432d204-cc08-48f5-a373-fbb5ba54b60f
10.1021/nl504432d,Nano_Letters,2015,green,no_url,,http://infoscience.epfl.ch/record/208567
10.1021/nl5044743,Nano_Letters,2015,hybrid,http_error,https://pubs.acs.org/doi/pdf/10.1021/nl5044743?ref=article_openPDF [http_error 403],https://doi.org/10.1021/nl5044743 | https://www.ncbi.nlm.nih.gov/pmc/articles/4358075
10.1021/nl504505t,Nano_Letters,2015,green,title_mismatch,https://www.osti.gov/servlets/purl/1426878 [title_mismatch],https://www.osti.gov/biblio/1426878
10.1021/nl504690r,Nano_Letters,2015,green,no_url,,http://hdl.handle.net/10281/91103
10.1021/nl504706w,Nano_Letters,2015,green,no_url,,https://dspace.library.uu.nl/handle/1874/321421
10.1021/nl504746b,Nano_Letters,2015,green,no_url,,http://infoscience.epfl.ch/record/208569
10.1021/nl801615c,Nano_Letters,2008,green,no_url,,https://research.utwente.nl/en/publications/067cef04-dcaf-49d7-b18f-3b6e26674151
10.1021/nl501565b,Nano_Letters,2014,hybrid,no_url,,https://doi.org/10.1021/nl501565b
10.1021/nl501774u,Nano_Letters,2014,green,no_url,,http://infoscience.epfl.ch/record/201686
10.1021/nl501782e,Nano_Letters,2014,green,title_mismatch,https://arxiv.org/pdf/1407.4188 [title_mismatch],http://arxiv.org/abs/1407.4188
10.1021/nl5018145,Nano_Letters,2014,green,title_mismatch,https://arxiv.org/pdf/1403.2222 [title_mismatch],http://arxiv.org/abs/1403.2222
10.1021/nl501872x,Nano_Letters,2014,hybrid,http_error,https://pubs.acs.org/doi/pdf/10.1021/nl501872x?ref=article_openPDF [http_error 403],https://doi.org/10.1021/nl501872x | https://www.ncbi.nlm.nih.gov/pmc/articles/4134140
10.1021/nl501912g,Nano_Letters,2014,hybrid,no_url,,https://doi.org/10.1021/nl501912g | https://www.ncbi.nlm.nih.gov/pmc/articles/4189618
10.1021/nl501976f,Nano_Letters,2014,hybrid,http_error,https://pubs.acs.org/doi/pdf/10.1021/nl501976f?ref=article_openPDF [http_error 403],http://hdl.handle.net/10161/9254 | https://doi.org/10.1021/nl501976f
10.1021/nl502156h,Nano_Letters,2014,green,not_pdf,http://eprints.ucm.es/33534/1/NogalesD%C3%ADazE%2011%20PREPRINT.pdf [not_pdf],http://eprints.ucm.es/33534/1/NogalesD%C3%ADazE%2011%20PREPRINT.pdf
10.1021/nl5022255,Nano_Letters,2014,green,http_error,http://hdl.handle.net/20.500.12210/46097 [http_error 500],http://hdl.handle.net/20.500.12210/46097 | https://hal.science/hal-01070662
10.1021/nl5023964,Nano_Letters,2014,green,no_url,,http://infoscience.epfl.ch/record/202346
10.1021/nl504038s,Nano_Letters,2014,green,http_error,https://dr.ntu.edu.sg/bitstream/10356/93226/1/NL-%20Graphene%20quantum%20dots%20coated%20VO2%20arrays.pdf [http_error 405],http://hdl.handle.net/10220/38533
10.1021/nl504044p,Nano_Letters,2015,green,no_url,,https://www.ncbi.nlm.nih.gov/pmc/articles/5233724
10.1021/nl5040573,Nano_Letters,2014,hybrid,http_error,https://pubs.acs.org/doi/pdf/10.1021/nl5040573?ref=article_openPDF [http_error 403],https://doi.org/10.1021/nl5040573 | https://www.ncbi.nlm.nih.gov/pmc/articles/4264853
10.1021/nl504237k,Nano_Letters,2014,hybrid,not_pdf,https://pubs.acs.org/doi/pdf/10.1021/nl504237k?ref=article_openPDF [http_error 403] | https://www.research.ed.ac.uk/files/122757268/14128_Nanolett_revision_2.pdf [http_error 403] | https://www.repository.cam.ac.uk/handle/1810/309323 [not_pdf],https://doi.org/10.1021/nl504237k | https://doi.org/10.17863/cam.56415 | https://www.ncbi.nlm.nih.gov/pmc/articles/4296923 | https://www.repository.cam.ac.uk/handle/1810/309323 | https://www.research.ed.ac.uk/en/publications/ac7ab723-6d5c-4841-a728-f54fbdcfbb6f
10.1021/nl802746w,Nano_Letters,2008,green,no_url,,https://www.ncbi.nlm.nih.gov/pmc/articles/6986311
10.1021/nl802934u,Nano_Letters,2008,green,no_url,,http://hdl.handle.net/11336/83787
10.1021/nl801384y,Nano_Letters,2008,green,no_url,,http://infoscience.epfl.ch/record/160798
10.1021/nl801396r,Nano_Letters,2008,green,no_url,,http://infoscience.epfl.ch/record/160554 | https://infoscience.epfl.ch/handle/20.500.14299/60952
10.1021/nl803174p,Nano_Letters,2008,green,no_url,,https://research.wur.nl/en/publications/a-bicontinuous-double-gyroid-hybrid-solar-cell-letter
10.1021/nl803219f,Nano_Letters,2009,green,no_url,,https://www.ncbi.nlm.nih.gov/pmc/articles/2824765
10.1021/nl901412x,Nano_Letters,2009,green,http_error,https://escholarship.org/content/qt2qb7566f/qt2qb7566f.pdf [http_error 403],https://escholarship.org/uc/item/2qb7566f | https://www.ncbi.nlm.nih.gov/pmc/articles/4157058
10.1021/nl901582f,Nano_Letters,2009,green,no_url,,https://www.ncbi.nlm.nih.gov/pmc/articles/2726708
10.1021/nl5028167,Nano_Letters,2014,green,no_url,,https://orbit.dtu.dk/en/publications/8b042c5f-b212-4585-a3e4-f8ab1906dd6e
10.1021/nl5028183,Nano_Letters,2014,hybrid,http_error,https://pubs.acs.org/doi/pdf/10.1021/nl5028183?ref=article_openPDF [http_error 403],https://doi.org/10.1021/nl5028183 | https://www.ncbi.nlm.nih.gov/pmc/articles/4245717
10.1021/nl502831t,Nano_Letters,2014,hybrid,http_error,https://pubs.acs.org/doi/pdf/10.1021/nl502831t [http_error 403],https://doi.org/10.1021/nl502831t | https://www.ncbi.nlm.nih.gov/pmc/articles/4344372
10.1021/nl902382s,Nano_Letters,2009,green,no_url,,http://hdl.handle.net/11336/71657
10.1021/nl902429b,Nano_Letters,2009,green,no_url,,https://www.ncbi.nlm.nih.gov/pmc/articles/2905624
10.1021/nl802181c,Nano_Letters,2008,green,http_error,http://scholarworks.calstate.edu/downloads/k643b3846 [http_error 403],http://hdl.handle.net/10211.3/171039
10.1021/nl802256s,Nano_Letters,2008,green,no_url,,https://www.ncbi.nlm.nih.gov/pmc/articles/3755366
10.1021/nl8023164,Nano_Letters,2008,green,no_url,,https://www.ncbi.nlm.nih.gov/pmc/articles/3200542
10.1021/nl903030h,Nano_Letters,2009,green,no_url,,https://www.ncbi.nlm.nih.gov/pmc/articles/2810957
10.1021/nl903190q,Nano_Letters,2010,green,no_url,,https://zenodo.org/record/3425231
10.1038/nmat2505,Nature_Materials,2009,green,no_url,,https://kclpure.kcl.ac.uk/portal/en/publications/61bc1335-7a55-47f5-bc6f-fc81df984545
10.1038/nmat3944,Nature_Materials,2014,green,no_url,,http://hdl.handle.net/2262/73941 | https://figshare.com/articles/journal_contribution/Scalable_production_of_large_quantities_of_defect-free_few-layer_graphene_by_shear_exfoliation_in_liquids/23306465
10.1038/nmat3385,Nature_Materials,2012,green,no_url,,https://zenodo.org/record/3425944
10.1038/nmat3404,Nature_Materials,2012,green,no_url,,https://www.ncbi.nlm.nih.gov/pmc/articles/3623694
10.1021/nl901606b,Nano_Letters,2009,bronze,http_error,https://pubs.acs.org/doi/pdf/10.1021/nl901606b [http_error 403],https://doi.org/10.1021/nl901606b
10.1021/nl9018512,Nano_Letters,2009,green,no_url,,https://www.ncbi.nlm.nih.gov/pmc/articles/2761997
10.1021/nl901852h,Nano_Letters,2009,hybrid,http_error,https://pubs.acs.org/doi/pdf/10.1021/nl901852h [http_error 403],https://doi.org/10.1021/nl901852h | https://www.ncbi.nlm.nih.gov/pmc/articles/2847384
10.1021/nl9018726,Nano_Letters,2009,green,no_url,,https://www.ncbi.nlm.nih.gov/pmc/articles/3241532
10.1038/s41563-018-0115-4,Nature_Materials,2018,green,no_url,,http://infoscience.epfl.ch/record/255651
10.1038/s41563-018-0176-4,Nature_Materials,2018,green,http_error,https://escholarship.org/content/qt17c1c5t4/qt17c1c5t4.pdf?t=pq1san [http_error 403],https://hal.science/hal-02158394
10.1038/nmat4629,Nature_Materials,2016,green,no_url,,https://nottingham-repository.worktribe.com/output/1127212
10.1038/nmat4631,Nature_Materials,2016,green,no_url,,http://hdl.handle.net/2318/1626968
10.1038/nmat4673,Nature_Materials,2016,green,no_url,,https://www.ncbi.nlm.nih.gov/pmc/articles/5388139
10.1038/nmat4823,Nature_Materials,2016,green,not_pdf,https://www.osti.gov/biblio/1331967 [not_pdf],https://www.osti.gov/biblio/1331967
10.1038/nmat4911,Nature_Materials,2017,green,no_url,,http://infoscience.epfl.ch/record/228486
10.1021/nl902558x,Nano_Letters,2009,green,no_url,,https://zenodo.org/record/3425225
10.1021/nl902588d,Nano_Letters,2009,green,no_url,,http://hdl.handle.net/10161/4097
10.1038/s41563-019-0292-9,Nature_Materials,2019,green,no_url,,http://nrs.harvard.edu/urn-3:HUL.InstRepos:41060390 | https://www.ncbi.nlm.nih.gov/pmc/articles/6474791
10.1038/s41563-019-0305-8,Nature_Materials,2019,green,not_pdf,https://www.osti.gov/servlets/purl/1657222 [not_pdf],https://www.osti.gov/biblio/1657222
10.1038/s41563-019-0320-9,Nature_Materials,2019,green,http_error,http://hdl.handle.net/2262/91554 [http_error 403],http://hdl.handle.net/2262/91554
10.1038/s41563-019-0325-4,Nature_Materials,2019,green,no_url,,https://orbit.dtu.dk/en/publications/36978e46-61ae-417c-a400-20bea347d42f | https://repozytorium.uw.edu.pl//handle/item/112327
10.1038/s41563-019-0377-5,Nature_Materials,2019,green,no_url,,https://www.ncbi.nlm.nih.gov/pmc/articles/7184801
10.1038/s41563-019-0388-2,Nature_Materials,2019,green,no_url,,http://hdl.handle.net/10251/159606 | http://hdl.handle.net/10852/78402 | https://hdl.handle.net/11250/2689706
10.1038/nmat5021,Nature_Materials,2017,green,title_mismatch,https://www.osti.gov/servlets/purl/1418906 [title_mismatch],https://www.osti.gov/biblio/1418906
10.1038/s41563-019-0464-7,Nature_Materials,2019,green,no_url,,https://hal.umontpellier.fr/hal-02310531
10.1038/s41563-019-0478-1,Nature_Materials,2019,green,no_url,,http://hdl.handle.net/2108/221843
10.1038/s41563-019-0488-z,Nature_Materials,2019,green,no_url,,https://escholarship.org/uc/item/8dh1q10d
10.1038/s41563-019-0542-x,Nature_Materials,2019,green,no_url,,http://hdl.handle.net/10072/395256
10.1038/s41563-017-0006-0,Nature_Materials,2018,green,http_error,https://escholarship.org/uc/item/06v5r17g [http_error 403],https://escholarship.org/uc/item/06v5r17g
10.1038/nmat3017,Nature_Materials,2011,green,no_url,,http://infoscience.epfl.ch/record/171403 | https://zenodo.org/record/3425940
10.1038/s41563-020-0634-7,Nature_Materials,2020,green,no_url,,https://figshare.com/articles/journal_contribution/Efficient_metal_ion_sieving_in_rectifying_subnanochannels_enabled_by_metal_organic_frameworks/27547650
10.1038/s41563-020-0657-0,Nature_Materials,2020,green,no_url,,http://urn.kb.se/resolve?urn=urn:nbn:se:liu:diva-165518 | https://hal.archives-ouvertes.fr/hal-03065962 | https://hal.archives-ouvertes.fr/hal-03418691
10.1021/nl904017t,Nano_Letters,2010,green,no_url,,http://infoscience.epfl.ch/record/172488
10.1021/nl904098m,Nano_Letters,2010,green,no_url,,http://hdl.handle.net/2066/83490
10.1021/nl904152e,Nano_Letters,2010,green,no_url,,https://www.ncbi.nlm.nih.gov/pmc/articles/3357060
10.1021/nl904168f,Nano_Letters,2010,green,no_url,,http://infoscience.epfl.ch/record/164800 | https://infoscience.epfl.ch/handle/20.500.14299/66116
10.1038/s41563-020-00868-2,Nature_Materials,2021,hybrid,no_url,,https://doi.org/10.1038/s41563-020-00868-2
10.1038/s41563-020-00873-5,Nature_Materials,2021,green,title_mismatch,https://arxiv.org/pdf/1912.06955 [title_mismatch],http://arxiv.org/abs/1912.06955
10.1038/s41563-020-0768-7,Nature_Materials,2020,green,http_error,https://escholarship.org/content/qt22w906pw/qt22w906pw.pdf [http_error 403],https://escholarship.org/uc/item/22w906pw
10.1038/s41563-020-0775-8,Nature_Materials,2020,green,no_url,,http://www.scopus.com/inward/record.url?scp=85089726908&partnerID=8YFLogxK | https://orbit.dtu.dk/en/publications/b190d456-a3f9-4102-8a42-dfda4e814fea | https://researchprofiles.ku.dk/da/publications/cfe255d5-f555-4ec4-adf8-44ed2353d9b3
10.1038/nmat2316,Nature_Materials,2008,green,no_url,,https://www.ncbi.nlm.nih.gov/pmc/articles/2613200
10.1021/nl903574a,Nano_Letters,2010,green,no_url,,https://resolver.sub.uni-goettingen.de/purl?gro-2/20688
10.1021/nl9037714,Nano_Letters,2010,green,no_url,,https://www.osti.gov/servlets/purl/1130059
10.1038/s41563-021-01183-0,Nature_Materials,2022,green,no_url,,https://dspace.library.uu.nl/handle/1874/421953
10.1038/s41563-022-01222-4,Nature_Materials,2022,green,no_url,,https://escholarship.org/uc/item/7dt6x2vw
10.1038/s41563-022-01258-6,Nature_Materials,2022,hybrid,no_url,,https://doi.org/10.1038/s41563-022-01258-6 | https://research.vu.nl/en/publications/57a9a48c-95e3-4211-a579-2caa29d7a995 | https://www.ncbi.nlm.nih.gov/pmc/articles/9156402
10.1038/nmat4570,Nature_Materials,2016,green,no_url,,https://www.ncbi.nlm.nih.gov/pmc/articles/4879054
10.1038/s41563-024-01980-3,Nature_Materials,2024,green,no_url,,https://doi.org/10.5281/zenodo.21773926 | https://doi.org/10.5281/zenodo.21773927
10.1038/s41563-024-02073-x,Nature_Materials,2025,green,no_url,,https://infoscience.epfl.ch/handle/20.500.14299/245859
10.1038/s41563-024-02096-4,Nature_Materials,2025,green,http_error,https://pmc.ncbi.nlm.nih.gov/articles/PMC12129624/pdf/nihms-2086089.pdf [not_pdf] | https://europepmc.org/articles/PMC12129624/pdf/render [http_error 403],https://pmc.ncbi.nlm.nih.gov/articles/PMC12129624/
10.1038/s41563-025-02146-5,Nature_Materials,2025,hybrid,http_error,https://pmc.ncbi.nlm.nih.gov/articles/PMC11961364/pdf/41563_2025_Article_2146.pdf [not_pdf] | https://europepmc.org/articles/PMC11961364/pdf/render [http_error 403],https://doi.org/10.1038/s41563-025-02146-5 | https://research.aalto.fi/en/publications/483faabb-ca65-40fb-8bf1-784f2135ad62 | https://www.ncbi.nlm.nih.gov/pmc/articles/11961364
10.1038/s41563-025-02169-y,Nature_Materials,2025,hybrid,http_error,https://pmc.ncbi.nlm.nih.gov/articles/PMC12048345/pdf/41563_2025_Article_2169.pdf [not_pdf] | https://europepmc.org/articles/PMC12048345/pdf/render [http_error 403],https://doi.org/10.1038/s41563-025-02169-y | https://www.ncbi.nlm.nih.gov/pmc/articles/12048345
10.1038/s41563-025-02173-2,Nature_Materials,2025,green,no_url,,https://mdr.nims.go.jp/pid/a57dc597-9d11-4364-9242-d42d82b48553
10.1038/s41563-025-02195-w,Nature_Materials,2025,green,http_error,https://digital.csic.es/bitstream/10261/415429/1/NM__MainText_and_SuppInfo.pdf [http_error],http://hdl.handle.net/10261/415429
10.1038/s41563-021-01125-w,Nature_Materials,2021,green,no_url,,https://hdl.handle.net/11370/8f0599f4-71a7-4e8a-851b-2c64c8ac9b2a | https://research.rug.nl/en/publications/8f0599f4-71a7-4e8a-851b-2c64c8ac9b2a
10.1038/s41563-021-01130-z,Nature_Materials,2021,green,no_url,,https://figshare.com/articles/journal_contribution/Zwitterionic_materials_with_disorder_and_plasticity_and_their_application_as_non-volatile_solid_or_liquid_electrolytes/20633184
10.1038/s41563-022-01395-y,Nature_Materials,2022,green,no_url,,https://doi.org/10.17863/cam.92992 | https://www.repository.cam.ac.uk/handle/1810/345572
10.1038/s41563-024-01917-w,Nature_Materials,2024,green,http_error,https://pmc.ncbi.nlm.nih.gov/articles/PMC11296917/pdf/nihms-2000426.pdf [not_pdf] | https://europepmc.org/articles/PMC11296917/pdf/render [http_error 403],https://www.ncbi.nlm.nih.gov/pmc/articles/11296917
10.1007/s12598-020-01561-8,Rare_Metals,2020,green,http_error,https://rdcu.be/cofEa [http_error 202],https://rdcu.be/cofEa
10.1038/s41563-023-01601-5,Nature_Materials,2023,hybrid,no_url,,http://hdl.handle.net/10754/692851 | https://doi.org/10.1038/s41563-023-01601-5 | https://www.ncbi.nlm.nih.gov/pmc/articles/10465356 | https://www.repository.cam.ac.uk/handle/1810/355936 | https://www.repository.cam.ac.uk/handle/1810/355987
10.1038/s41563-023-01670-6,Nature_Materials,2023,green,no_url,,https://research.aalto.fi/en/publications/c1c7eac9-75b8-4c36-b9f5-60357a774095
10.1007/s12598-020-01698-6,Rare_Metals,2021,bronze,robots_disallowed,https://link.springer.com/content/pdf/10.1007/s12598-020-01698-6.pdf [robots_disallowed],https://doi.org/10.1007/s12598-020-01698-6 | https://www.ncbi.nlm.nih.gov/pmc/articles/7917539
10.1007/s12598-021-01708-1,Rare_Metals,2021,bronze,http_error,https://onlinelibrary.wiley.com/doi/pdfdirect/10.1007/s12598-021-01708-1 [http_error 403],https://doi.org/10.1007/s12598-021-01708-1
10.1007/s12598-021-01710-7,Rare_Metals,2021,bronze,http_error,https://onlinelibrary.wiley.com/doi/pdfdirect/10.1007/s12598-021-01710-7 [http_error 403],https://doi.org/10.1007/s12598-021-01710-7
10.1007/s12598-021-01751-y,Rare_Metals,2021,bronze,robots_disallowed,https://link.springer.com/content/pdf/10.1007/s12598-021-01751-y.pdf [robots_disallowed],https://doi.org/10.1007/s12598-021-01751-y | https://www.ncbi.nlm.nih.gov/pmc/articles/8214840
10.1007/s12598-017-0917-6,Rare_Metals,2017,hybrid,robots_disallowed,https://link.springer.com/content/pdf/10.1007%2Fs12598-017-0917-6.pdf [robots_disallowed],https://doi.org/10.1007/s12598-017-0917-6
10.1007/s12598-011-0224-6,Rare_Metals,2011,green,no_url,,http://oa.upm.es/11643/ | https://hispana.mcu.es/es/registros/registro.do?tipoRegistro=MTD&idBib=61086391 | https://oa.upm.es/11643/
10.1007/s12598-013-0024-2,Rare_Metals,2013,hybrid,robots_disallowed,https://link.springer.com/content/pdf/10.1007/s12598-013-0024-2.pdf [robots_disallowed],https://doi.org/10.1007/s12598-013-0024-2
10.1007/s12598-013-0030-4,Rare_Metals,2013,hybrid,robots_disallowed,https://link.springer.com/content/pdf/10.1007/s12598-013-0030-4.pdf [robots_disallowed],https://doi.org/10.1007/s12598-013-0030-4
10.1007/s12598-013-0099-9,Rare_Metals,2013,hybrid,robots_disallowed,https://link.springer.com/content/pdf/10.1007/s12598-013-0099-9.pdf [robots_disallowed],https://doi.org/10.1007/s12598-013-0099-9
10.1007/s12598-014-0418-9,Rare_Metals,2015,hybrid,robots_disallowed,https://link.springer.com/content/pdf/10.1007%2Fs12598-014-0418-9.pdf [robots_disallowed],https://doi.org/10.1007/s12598-014-0418-9
10.1007/s12598-014-0423-z,Rare_Metals,2015,hybrid,robots_disallowed,https://link.springer.com/content/pdf/10.1007/s12598-014-0423-z.pdf [robots_disallowed],https://doi.org/10.1007/s12598-014-0423-z
10.1007/s12598-015-0532-3,Rare_Metals,2015,green,no_url,,http://ir.ipe.ac.cn/handle/122111/20105
10.1007/s12598-015-0565-7,Rare_Metals,2015,green,no_url,,http://doras.dcu.ie/21108/
10.1016/j.porgcoat.2019.04.002,Progress_in_Organic_Coatings,2019,green,no_url,,https://figshare.com/articles/journal_contribution/MoS2_nanosheets_modified_SiO2_to_enhance_the_anticorrosive_and_mechanical_performance_of_epoxy_coating/20759596
10.1016/j.porgcoat.2019.105445,Progress_in_Organic_Coatings,2019,bronze,no_url,,https://doi.org/10.1016/j.porgcoat.2019.105445
10.1016/j.porgcoat.2020.105553,Progress_in_Organic_Coatings,2020,green,no_url,,https://figshare.com/articles/journal_contribution/Functional_cotton_fabric_using_hollow_glass_microspheres_focus_on_thermal_insulation_flame_retardancy_UV-protection_and_acoustic_performance/20720482
10.1016/j.porgcoat.2016.10.035,Progress_in_Organic_Coatings,2016,green,no_url,,http://hdl.handle.net/10446/84390
10.1016/j.porgcoat.2017.09.015,Progress_in_Organic_Coatings,2017,hybrid,no_url,,https://doi.org/10.1016/j.porgcoat.2017.09.015
10.1016/j.porgcoat.2017.11.019,Progress_in_Organic_Coatings,2017,bronze,no_url,,https://doi.org/10.1016/j.porgcoat.2017.11.019
10.1016/j.porgcoat.2018.01.001,Progress_in_Organic_Coatings,2018,bronze,no_url,,https://doi.org/10.1016/j.porgcoat.2018.01.001
10.1016/j.porgcoat.2018.05.002,Progress_in_Organic_Coatings,2018,hybrid,http_error,https://www.sciencedirect.com/science/article/pii/S0300944018302212/pdf [http_error 403],https://doi.org/10.1016/j.porgcoat.2018.05.002 | https://www.openaccessrepository.it/record/87239
10.1016/j.porgcoat.2012.01.005,Progress_in_Organic_Coatings,2012,green,no_url,,http://doi.org/10.1016/j.porgcoat.2012.01.005
